asof_date,stock_code,close,open,high,low,volume,source
2025-08-25,0050,52.7000,52.4500,52.9500,52.3500,64451775,TWSE_STOCK_DAY
2025-08-25,1590,816.0000,812.0000,822.0000,808.0000,3313685,TWSE_STOCK_DAY
2025-08-25,1709,18.4000,18.6000,18.6000,18.3000,569970,TWSE_STOCK_DAY
2025-08-25,2059,3035.0000,3070.0000,3105.0000,3035.0000,508720,TWSE_STOCK_DAY
2025-08-25,2103,17.5500,17.6000,17.7000,17.5000,487161,TWSE_STOCK_DAY
2025-08-25,2301,125.0000,127.0000,127.5000,124.5000,10329127,TWSE_STOCK_DAY
2025-08-25,2354,73.0000,70.8000,74.7000,70.6000,50762676,TWSE_STOCK_DAY
2025-08-25,2395,319.0000,318.5000,322.5000,317.0000,1429642,TWSE_STOCK_DAY
2025-08-25,2397,78.0000,76.2000,78.6000,74.8000,3840737,TWSE_STOCK_DAY
2025-08-25,2408,46.9500,46.3000,47.9000,46.2500,46093614,TWSE_STOCK_DAY
2025-08-25,2606,57.5000,57.2000,58.2000,56.5000,4653253,TWSE_STOCK_DAY
2025-08-25,2609,59.2000,59.7000,59.8000,58.9000,16820401,TWSE_STOCK_DAY
2025-08-25,2637,62.6000,62.5000,63.0000,61.3000,3244007,TWSE_STOCK_DAY
2025-08-25,2886,41.0000,41.4000,41.5000,40.8000,13235170,TWSE_STOCK_DAY
2025-08-25,3006,55.9000,55.4000,56.4000,55.4000,3227849,TWSE_STOCK_DAY
2025-08-25,3044,311.0000,317.0000,322.0000,309.5000,3496621,TWSE_STOCK_DAY
2025-08-25,6672,97.8000,96.5000,103.0000,96.1000,8692634,TWSE_STOCK_DAY
2025-08-25,TAIEX,24277.3800,24108.8100,24362.0200,24108.7500,0,TWSE_TAIEX_INDEX
2025-08-26,0050,52.7500,52.5500,52.8500,52.3000,42402036,TWSE_STOCK_DAY
2025-08-26,1590,816.0000,817.0000,825.0000,815.0000,1183295,TWSE_STOCK_DAY
2025-08-26,1709,18.3500,18.4500,18.5000,18.3500,539767,TWSE_STOCK_DAY
2025-08-26,2059,2980.0000,3035.0000,3075.0000,2955.0000,5291581,TWSE_STOCK_DAY
2025-08-26,2103,17.2000,17.5000,17.5500,17.2000,1402159,TWSE_STOCK_DAY
2025-08-26,2301,125.0000,125.0000,127.0000,123.0000,8871425,TWSE_STOCK_DAY
2025-08-26,2354,72.8000,73.5000,73.6000,72.5000,20289933,TWSE_STOCK_DAY
2025-08-26,2395,322.0000,322.0000,328.0000,319.5000,4871391,TWSE_STOCK_DAY
2025-08-26,2397,80.0000,78.7000,81.4000,77.2000,4523636,TWSE_STOCK_DAY
2025-08-26,2408,47.4500,46.8000,47.5500,46.2500,21769684,TWSE_STOCK_DAY
2025-08-26,2606,56.2000,57.3000,57.4000,56.2000,3822003,TWSE_STOCK_DAY
2025-08-26,2609,59.0000,59.2000,59.6000,58.6000,20248403,TWSE_STOCK_DAY
2025-08-26,2637,60.5000,62.6000,62.6000,60.5000,5574134,TWSE_STOCK_DAY
2025-08-26,2886,40.0500,41.0000,41.0000,40.0500,43870578,TWSE_STOCK_DAY
2025-08-26,3006,57.4000,56.4000,57.6000,55.9000,2725700,TWSE_STOCK_DAY
2025-08-26,3044,314.5000,311.5000,315.5000,310.5000,2528832,TWSE_STOCK_DAY
2025-08-26,6672,97.0000,98.0000,98.7000,96.2000,2299155,TWSE_STOCK_DAY
2025-08-26,TAIEX,24305.1000,24237.3600,24382.4200,24113.0300,0,TWSE_TAIEX_INDEX
2025-08-27,0050,53.0000,53.0000,53.1500,52.9000,91463591,TWSE_STOCK_DAY
2025-08-27,1590,816.0000,818.0000,823.0000,810.0000,591231,TWSE_STOCK_DAY
2025-08-27,1709,17.3500,17.4500,17.5000,17.3000,951154,TWSE_STOCK_DAY
2025-08-27,2059,2940.0000,3000.0000,3020.0000,2905.0000,842357,TWSE_STOCK_DAY
2025-08-27,2103,17.2000,17.1500,17.3000,17.1000,885553,TWSE_STOCK_DAY
2025-08-27,2301,131.0000,125.0000,133.0000,124.0000,28824994,TWSE_STOCK_DAY
2025-08-27,2354,71.8000,73.3000,73.4000,71.7000,17024100,TWSE_STOCK_DAY
2025-08-27,2395,354.0000,338.0000,354.0000,338.0000,7247165,TWSE_STOCK_DAY
2025-08-27,2397,82.9000,81.8000,85.5000,81.7000,7111769,TWSE_STOCK_DAY
2025-08-27,2408,47.8000,47.5000,48.3000,47.1500,38564515,TWSE_STOCK_DAY
2025-08-27,2606,57.0000,56.8000,57.9000,56.8000,3542164,TWSE_STOCK_DAY
2025-08-27,2609,58.6000,58.9000,59.3000,58.5000,12977720,TWSE_STOCK_DAY
2025-08-27,2637,62.2000,61.2000,62.6000,61.1000,3704894,TWSE_STOCK_DAY
2025-08-27,2886,40.2500,40.1500,40.6000,40.1500,16177057,TWSE_STOCK_DAY
2025-08-27,3006,57.3000,57.7000,58.0000,56.9000,2087386,TWSE_STOCK_DAY
2025-08-27,3044,325.5000,317.0000,328.0000,314.0000,6016408,TWSE_STOCK_DAY
2025-08-27,6672,105.5000,97.9000,106.5000,97.4000,11448376,TWSE_STOCK_DAY
2025-08-27,TAIEX,24519.9000,24449.8100,24539.8800,24410.0800,0,TWSE_TAIEX_INDEX
2025-08-28,0050,52.5000,52.8000,52.9000,52.5000,61856984,TWSE_STOCK_DAY
2025-08-28,1590,800.0000,813.0000,813.0000,800.0000,1258018,TWSE_STOCK_DAY
2025-08-28,1709,17.1000,17.4000,17.4000,17.0000,457351,TWSE_STOCK_DAY
2025-08-28,2059,2925.0000,2920.0000,2965.0000,2905.0000,653734,TWSE_STOCK_DAY
2025-08-28,2103,17.0000,17.1500,17.1500,17.0000,1173340,TWSE_STOCK_DAY
2025-08-28,2301,130.0000,131.0000,132.5000,129.0000,10836889,TWSE_STOCK_DAY
2025-08-28,2354,71.7000,71.9000,72.7000,71.0000,12820791,TWSE_STOCK_DAY
2025-08-28,2395,354.5000,364.5000,377.0000,354.0000,13982712,TWSE_STOCK_DAY
2025-08-28,2397,79.8000,82.0000,82.0000,79.7000,2003182,TWSE_STOCK_DAY
2025-08-28,2408,46.6500,48.0000,48.0000,46.6500,25010560,TWSE_STOCK_DAY
2025-08-28,2606,57.3000,57.4000,58.4000,57.0000,4954896,TWSE_STOCK_DAY
2025-08-28,2609,58.8000,58.6000,60.0000,58.6000,18450286,TWSE_STOCK_DAY
2025-08-28,2637,61.8000,62.5000,63.3000,61.8000,3460951,TWSE_STOCK_DAY
2025-08-28,2886,40.3500,40.2500,40.8500,40.2500,19362789,TWSE_STOCK_DAY
2025-08-28,3006,57.4000,57.3000,58.1000,56.8000,1507306,TWSE_STOCK_DAY
2025-08-28,3044,318.0000,325.5000,325.5000,317.5000,2455372,TWSE_STOCK_DAY
2025-08-28,6672,103.5000,104.5000,105.5000,100.0000,8030236,TWSE_STOCK_DAY
2025-08-28,TAIEX,24236.4500,24468.1200,24502.3700,24236.4500,0,TWSE_TAIEX_INDEX
2025-08-29,0050,52.5000,52.8000,52.9500,52.5000,37614042,TWSE_STOCK_DAY
2025-08-29,1590,789.0000,795.0000,797.0000,782.0000,1680032,TWSE_STOCK_DAY
2025-08-29,1709,16.9500,17.2000,17.2000,16.9000,465431,TWSE_STOCK_DAY
2025-08-29,2059,3025.0000,2950.0000,3045.0000,2950.0000,807706,TWSE_STOCK_DAY
2025-08-29,2103,17.1000,17.1000,17.1500,17.0000,570496,TWSE_STOCK_DAY
2025-08-29,2301,130.0000,131.0000,135.0000,130.0000,23152125,TWSE_STOCK_DAY
2025-08-29,2354,71.1000,72.7000,73.0000,71.1000,14620251,TWSE_STOCK_DAY
2025-08-29,2395,344.0000,358.5000,360.5000,344.0000,6474708,TWSE_STOCK_DAY
2025-08-29,2397,78.7000,80.3000,80.5000,78.1000,1383305,TWSE_STOCK_DAY
2025-08-29,2408,47.0000,47.7000,50.3000,47.0000,84741007,TWSE_STOCK_DAY
2025-08-29,2606,56.3000,57.4000,57.6000,56.2000,4648835,TWSE_STOCK_DAY
2025-08-29,2609,57.7000,58.7000,58.9000,57.7000,24199447,TWSE_STOCK_DAY
2025-08-29,2637,60.6000,62.3000,62.4000,60.6000,3855759,TWSE_STOCK_DAY
2025-08-29,2886,40.0500,40.4500,40.5000,39.9500,25595810,TWSE_STOCK_DAY
2025-08-29,3006,57.1000,58.2000,59.5000,57.1000,2799934,TWSE_STOCK_DAY
2025-08-29,3044,321.5000,321.5000,327.0000,320.0000,3455675,TWSE_STOCK_DAY
2025-08-29,6672,109.5000,106.0000,113.0000,103.5000,19714514,TWSE_STOCK_DAY
2025-08-29,TAIEX,24233.1000,24438.0300,24570.1500,24233.1000,0,TWSE_TAIEX_INDEX
2025-09-01,0050,52.0000,52.1500,52.4500,51.7500,82748402,TWSE_STOCK_DAY
2025-09-01,1590,777.0000,784.0000,790.0000,774.0000,1332894,TWSE_STOCK_DAY
2025-09-01,1709,16.7000,17.0000,17.1000,16.7000,409690,TWSE_STOCK_DAY
2025-09-01,2059,2965.0000,3020.0000,3070.0000,2940.0000,778118,TWSE_STOCK_DAY
2025-09-01,2103,16.8500,17.1000,17.1000,16.8500,1033755,TWSE_STOCK_DAY
2025-09-01,2301,126.0000,129.5000,130.5000,124.0000,13897980,TWSE_STOCK_DAY
2025-09-01,2354,69.2000,71.3000,71.3000,69.0000,13653549,TWSE_STOCK_DAY
2025-09-01,2395,344.0000,348.0000,356.0000,344.0000,4696150,TWSE_STOCK_DAY
2025-09-01,2397,80.3000,78.6000,80.9000,77.6000,1961378,TWSE_STOCK_DAY
2025-09-01,2408,46.7500,46.8500,47.5000,45.8500,27786909,TWSE_STOCK_DAY
2025-09-01,2606,55.3000,56.0000,56.6000,54.8000,4984389,TWSE_STOCK_DAY
2025-09-01,2609,57.2000,58.7000,59.0000,57.1000,17075668,TWSE_STOCK_DAY
2025-09-01,2637,59.6000,60.6000,61.2000,59.4000,3125917,TWSE_STOCK_DAY
2025-09-01,2886,40.8000,40.4000,41.0500,40.3500,18431876,TWSE_STOCK_DAY
2025-09-01,3006,57.1000,57.1000,58.0000,56.2000,2092650,TWSE_STOCK_DAY
2025-09-01,3044,306.5000,322.0000,322.0000,302.0000,4216537,TWSE_STOCK_DAY
2025-09-01,6672,107.0000,109.5000,114.0000,106.0000,13352969,TWSE_STOCK_DAY
2025-09-01,TAIEX,24071.7300,24143.3700,24312.8300,23885.4100,0,TWSE_TAIEX_INDEX
2025-09-02,0050,52.0000,52.3000,52.5000,51.9500,34866736,TWSE_STOCK_DAY
2025-09-02,1590,781.0000,786.0000,789.0000,770.0000,700685,TWSE_STOCK_DAY
2025-09-02,1709,16.7000,16.7000,16.7500,16.6000,307837,TWSE_STOCK_DAY
2025-09-02,2059,2930.0000,3000.0000,3025.0000,2925.0000,486966,TWSE_STOCK_DAY
2025-09-02,2103,16.9500,17.0000,17.0000,16.7500,584422,TWSE_STOCK_DAY
2025-09-02,2301,125.0000,127.0000,128.5000,122.5000,12192391,TWSE_STOCK_DAY
2025-09-02,2354,67.7000,69.7000,70.2000,66.5000,16305541,TWSE_STOCK_DAY
2025-09-02,2395,337.5000,347.0000,348.0000,335.5000,2433905,TWSE_STOCK_DAY
2025-09-02,2397,81.2000,81.9000,82.6000,80.3000,3734160,TWSE_STOCK_DAY
2025-09-02,2408,45.6500,47.3000,47.3000,45.2000,30642714,TWSE_STOCK_DAY
2025-09-02,2606,55.6000,55.5000,55.8000,54.5000,3279760,TWSE_STOCK_DAY
2025-09-02,2609,56.9000,57.2000,57.6000,56.7000,11199999,TWSE_STOCK_DAY
2025-09-02,2637,59.0000,59.8000,59.9000,58.5000,2759155,TWSE_STOCK_DAY
2025-09-02,2886,41.1000,40.8000,41.1000,40.7000,8411490,TWSE_STOCK_DAY
2025-09-02,3006,57.0000,57.7000,58.1000,56.0000,1459716,TWSE_STOCK_DAY
2025-09-02,3044,299.0000,310.0000,310.5000,294.0000,6451990,TWSE_STOCK_DAY
2025-09-02,6672,106.0000,109.0000,110.5000,104.0000,5841516,TWSE_STOCK_DAY
2025-09-02,TAIEX,24016.7800,24113.9000,24295.0300,23890.3300,0,TWSE_TAIEX_INDEX
2025-09-03,0050,51.9500,51.9000,52.2000,51.7500,41247523,TWSE_STOCK_DAY
2025-09-03,1590,794.0000,787.0000,799.0000,786.0000,751338,TWSE_STOCK_DAY
2025-09-03,1709,16.6000,16.7000,16.8000,16.5500,392493,TWSE_STOCK_DAY
2025-09-03,2059,3130.0000,2910.0000,3185.0000,2905.0000,1252213,TWSE_STOCK_DAY
2025-09-03,2103,16.8000,16.9500,16.9500,16.7500,605188,TWSE_STOCK_DAY
2025-09-03,2301,125.0000,125.5000,127.0000,124.5000,4836067,TWSE_STOCK_DAY
2025-09-03,2354,69.4000,67.7000,69.8000,67.1000,12615334,TWSE_STOCK_DAY
2025-09-03,2395,336.5000,337.0000,341.0000,336.0000,2000274,TWSE_STOCK_DAY
2025-09-03,2397,79.2000,79.4000,80.0000,78.7000,1457431,TWSE_STOCK_DAY
2025-09-03,2408,46.3500,46.2500,47.8500,46.0500,38198651,TWSE_STOCK_DAY
2025-09-03,2606,54.8000,55.2000,55.4000,54.4000,3625244,TWSE_STOCK_DAY
2025-09-03,2609,57.4000,56.9000,57.6000,56.9000,7642155,TWSE_STOCK_DAY
2025-09-03,2637,57.7000,58.9000,59.0000,57.6000,3965171,TWSE_STOCK_DAY
2025-09-03,2886,41.1000,41.0000,41.3000,41.0000,6974459,TWSE_STOCK_DAY
2025-09-03,3006,58.1000,57.3000,59.3000,57.2000,2341749,TWSE_STOCK_DAY
2025-09-03,3044,300.0000,304.0000,306.0000,296.5000,5201653,TWSE_STOCK_DAY
2025-09-03,6672,112.5000,107.0000,115.5000,107.0000,13555992,TWSE_STOCK_DAY
2025-09-03,TAIEX,24100.3000,24036.8800,24103.2300,23925.4900,0,TWSE_TAIEX_INDEX
2025-09-04,0050,52.3000,52.5500,52.7000,52.2500,38611419,TWSE_STOCK_DAY
2025-09-04,1590,793.0000,805.0000,805.0000,791.0000,566692,TWSE_STOCK_DAY
2025-09-04,1709,16.6500,16.7000,16.7500,16.6000,398883,TWSE_STOCK_DAY
2025-09-04,2059,2995.0000,3170.0000,3200.0000,2990.0000,1115191,TWSE_STOCK_DAY
2025-09-04,2103,17.0000,16.8500,17.0500,16.8000,393655,TWSE_STOCK_DAY
2025-09-04,2301,125.5000,126.0000,128.0000,125.0000,12344708,TWSE_STOCK_DAY
2025-09-04,2354,69.7000,71.0000,73.0000,69.4000,24964401,TWSE_STOCK_DAY
2025-09-04,2395,333.5000,335.5000,339.5000,333.5000,2144826,TWSE_STOCK_DAY
2025-09-04,2397,75.7000,79.2000,80.0000,75.7000,1340708,TWSE_STOCK_DAY
2025-09-04,2408,48.2000,48.8000,49.6500,47.6000,78540787,TWSE_STOCK_DAY
2025-09-04,2606,55.2000,54.8000,55.5000,54.8000,2047210,TWSE_STOCK_DAY
2025-09-04,2609,58.0000,57.7000,58.3000,57.6000,12991747,TWSE_STOCK_DAY
2025-09-04,2637,59.0000,58.2000,59.9000,58.2000,2667898,TWSE_STOCK_DAY
2025-09-04,2886,41.1000,41.1000,41.4000,41.0000,11588591,TWSE_STOCK_DAY
2025-09-04,3006,57.6000,58.5000,59.7000,57.5000,1984551,TWSE_STOCK_DAY
2025-09-04,3044,296.5000,305.5000,306.0000,294.0000,5538527,TWSE_STOCK_DAY
2025-09-04,6672,110.5000,113.5000,116.5000,109.5000,13131043,TWSE_STOCK_DAY
2025-09-04,TAIEX,24179.8500,24235.2700,24389.3500,24168.1600,0,TWSE_TAIEX_INDEX
2025-09-05,0050,52.8500,52.7000,52.9000,52.6500,38976905,TWSE_STOCK_DAY
2025-09-05,1590,787.0000,799.0000,799.0000,786.0000,428657,TWSE_STOCK_DAY
2025-09-05,1709,16.7000,16.7000,16.7500,16.6000,256589,TWSE_STOCK_DAY
2025-09-05,2059,3210.0000,3075.0000,3250.0000,3060.0000,1364888,TWSE_STOCK_DAY
2025-09-05,2103,17.0000,17.0500,17.1000,16.9000,374612,TWSE_STOCK_DAY
2025-09-05,2301,130.5000,128.0000,131.5000,127.0000,21545379,TWSE_STOCK_DAY
2025-09-05,2354,68.7000,70.3000,70.6000,68.5000,13902652,TWSE_STOCK_DAY
2025-09-05,2395,341.0000,335.5000,342.5000,335.0000,1354655,TWSE_STOCK_DAY
2025-09-05,2397,75.5000,76.1000,76.5000,75.5000,565072,TWSE_STOCK_DAY
2025-09-05,2408,53.0000,49.4000,53.0000,49.1000,162013609,TWSE_STOCK_DAY
2025-09-05,2606,54.6000,55.5000,55.6000,54.4000,3245504,TWSE_STOCK_DAY
2025-09-05,2609,57.9000,58.4000,58.4000,57.5000,8687524,TWSE_STOCK_DAY
2025-09-05,2637,58.4000,60.1000,60.1000,57.9000,2521721,TWSE_STOCK_DAY
2025-09-05,2886,41.2500,41.1000,41.4000,41.0500,8527592,TWSE_STOCK_DAY
2025-09-05,3006,63.3000,58.0000,63.3000,58.0000,10480127,TWSE_STOCK_DAY
2025-09-05,3044,298.5000,302.0000,304.0000,297.0000,3208429,TWSE_STOCK_DAY
2025-09-05,6672,117.5000,111.5000,121.0000,111.0000,20758508,TWSE_STOCK_DAY
2025-09-05,TAIEX,24494.5800,24244.2600,24494.5800,24244.2600,0,TWSE_TAIEX_INDEX
2025-09-08,0050,53.3500,53.4000,53.5500,53.2500,61781569,TWSE_STOCK_DAY
2025-09-08,1590,784.0000,788.0000,794.0000,781.0000,266277,TWSE_STOCK_DAY
2025-09-08,1709,16.6000,16.7000,16.8000,16.6000,253293,TWSE_STOCK_DAY
2025-09-08,2059,3220.0000,3210.0000,3240.0000,3150.0000,577169,TWSE_STOCK_DAY
2025-09-08,2103,17.0000,16.9500,17.1000,16.9000,348365,TWSE_STOCK_DAY
2025-09-08,2301,134.0000,133.5000,135.0000,130.5000,21983813,TWSE_STOCK_DAY
2025-09-08,2354,68.6000,69.0000,69.5000,67.9000,11569158,TWSE_STOCK_DAY
2025-09-08,2395,338.0000,343.0000,345.0000,337.0000,1551229,TWSE_STOCK_DAY
2025-09-08,2397,73.9000,75.4000,75.4000,73.5000,887797,TWSE_STOCK_DAY
2025-09-08,2408,53.5000,57.8000,58.3000,51.8000,331104845,TWSE_STOCK_DAY
2025-09-08,2606,54.0000,54.5000,54.8000,53.8000,3177411,TWSE_STOCK_DAY
2025-09-08,2609,57.7000,57.8000,58.2000,57.4000,11180776,TWSE_STOCK_DAY
2025-09-08,2637,58.2000,58.4000,58.4000,57.6000,2110089,TWSE_STOCK_DAY
2025-09-08,2886,40.8500,41.1000,41.1500,40.8500,7944728,TWSE_STOCK_DAY
2025-09-08,3006,62.0000,65.2000,68.4000,61.4000,24433991,TWSE_STOCK_DAY
2025-09-08,3044,299.5000,303.0000,303.0000,297.5000,2630839,TWSE_STOCK_DAY
2025-09-08,6672,116.0000,118.0000,118.5000,112.5000,9808518,TWSE_STOCK_DAY
2025-09-08,TAIEX,24547.3800,24610.8500,24729.9600,24547.3800,0,TWSE_TAIEX_INDEX
2025-09-09,0050,53.9000,53.5500,53.9500,53.5000,57948913,TWSE_STOCK_DAY
2025-09-09,1590,792.0000,788.0000,799.0000,788.0000,1155233,TWSE_STOCK_DAY
2025-09-09,1709,16.6500,16.6000,16.7000,16.6000,215934,TWSE_STOCK_DAY
2025-09-09,2059,3335.0000,3300.0000,3430.0000,3270.0000,1049942,TWSE_STOCK_DAY
2025-09-09,2103,16.9500,17.0000,17.0500,16.9500,369723,TWSE_STOCK_DAY
2025-09-09,2301,140.5000,135.5000,144.5000,134.0000,59240623,TWSE_STOCK_DAY
2025-09-09,2354,69.5000,69.0000,69.9000,68.6000,8807630,TWSE_STOCK_DAY
2025-09-09,2395,340.5000,341.0000,342.0000,337.0000,1668228,TWSE_STOCK_DAY
2025-09-09,2397,74.3000,74.0000,75.2000,74.0000,662501,TWSE_STOCK_DAY
2025-09-09,2408,53.9000,53.5000,55.9000,52.8000,118505197,TWSE_STOCK_DAY
2025-09-09,2606,54.3000,54.5000,54.8000,54.1000,1803262,TWSE_STOCK_DAY
2025-09-09,2609,57.1000,57.8000,58.0000,57.1000,12922639,TWSE_STOCK_DAY
2025-09-09,2637,58.5000,58.5000,58.8000,58.2000,1583226,TWSE_STOCK_DAY
2025-09-09,2886,41.4000,40.9500,41.4000,40.8500,12680100,TWSE_STOCK_DAY
2025-09-09,3006,60.2000,62.0000,62.0000,60.0000,6156123,TWSE_STOCK_DAY
2025-09-09,3044,308.0000,301.0000,310.0000,299.5000,5438540,TWSE_STOCK_DAY
2025-09-09,6672,118.0000,116.0000,118.5000,114.0000,10676574,TWSE_STOCK_DAY
2025-09-09,TAIEX,24855.1800,24650.4600,24880.0700,24650.4600,0,TWSE_TAIEX_INDEX
2025-09-10,0050,54.9500,54.4000,55.0000,54.4000,75585424,TWSE_STOCK_DAY
2025-09-10,1590,787.0000,796.0000,803.0000,787.0000,933207,TWSE_STOCK_DAY
2025-09-10,1709,16.5000,16.6500,16.6500,16.4000,702856,TWSE_STOCK_DAY
2025-09-10,2059,3485.0000,3410.0000,3485.0000,3365.0000,960328,TWSE_STOCK_DAY
2025-09-10,2103,16.8500,16.9500,17.0000,16.7500,1180705,TWSE_STOCK_DAY
2025-09-10,2301,154.5000,150.0000,154.5000,149.5000,20822620,TWSE_STOCK_DAY
2025-09-10,2354,71.8000,70.0000,72.8000,69.6000,32721888,TWSE_STOCK_DAY
2025-09-10,2395,351.0000,341.0000,353.5000,341.0000,2749415,TWSE_STOCK_DAY
2025-09-10,2397,74.9000,74.7000,75.2000,74.3000,428418,TWSE_STOCK_DAY
2025-09-10,2408,54.4000,54.6000,56.0000,54.0000,98707440,TWSE_STOCK_DAY
2025-09-10,2606,56.8000,55.0000,57.3000,55.0000,7140764,TWSE_STOCK_DAY
2025-09-10,2609,56.8000,57.0000,57.4000,56.6000,13498951,TWSE_STOCK_DAY
2025-09-10,2637,59.9000,59.0000,60.5000,58.9000,4462514,TWSE_STOCK_DAY
2025-09-10,2886,41.5500,41.3000,41.7000,41.2000,13741646,TWSE_STOCK_DAY
2025-09-10,3006,60.9000,60.2000,61.9000,59.4000,4454486,TWSE_STOCK_DAY
2025-09-10,3044,313.0000,310.5000,316.0000,305.0000,5434625,TWSE_STOCK_DAY
2025-09-10,6672,115.0000,119.0000,119.0000,115.0000,6373657,TWSE_STOCK_DAY
2025-09-10,TAIEX,25192.5900,25032.8800,25272.2300,25032.8800,0,TWSE_TAIEX_INDEX
2025-09-11,0050,55.4500,55.5500,55.9000,55.2500,87937880,TWSE_STOCK_DAY
2025-09-11,1590,776.0000,788.0000,789.0000,774.0000,712348,TWSE_STOCK_DAY
2025-09-11,1709,16.2000,16.4500,16.4500,16.1000,833552,TWSE_STOCK_DAY
2025-09-11,2059,3415.0000,3450.0000,3590.0000,3415.0000,838449,TWSE_STOCK_DAY
2025-09-11,2103,16.7000,16.8500,16.9000,16.6500,1076439,TWSE_STOCK_DAY
2025-09-11,2301,165.5000,161.0000,169.5000,156.5000,160599726,TWSE_STOCK_DAY
2025-09-11,2354,70.8000,72.6000,72.7000,70.6000,17439205,TWSE_STOCK_DAY
2025-09-11,2395,344.0000,352.5000,354.5000,344.0000,2424854,TWSE_STOCK_DAY
2025-09-11,2397,72.2000,75.1000,75.2000,72.0000,814588,TWSE_STOCK_DAY
2025-09-11,2408,56.5000,55.5000,59.0000,55.4000,168155667,TWSE_STOCK_DAY
2025-09-11,2606,56.5000,57.1000,57.4000,56.4000,3811276,TWSE_STOCK_DAY
2025-09-11,2609,55.5000,56.9000,57.1000,55.5000,21646947,TWSE_STOCK_DAY
2025-09-11,2637,59.0000,60.5000,60.9000,59.0000,3200067,TWSE_STOCK_DAY
2025-09-11,2886,41.5000,41.4500,41.6500,41.3500,12330449,TWSE_STOCK_DAY
2025-09-11,3006,59.5000,61.2000,63.0000,59.4000,5563672,TWSE_STOCK_DAY
2025-09-11,3044,313.5000,316.5000,318.0000,306.5000,4936346,TWSE_STOCK_DAY
2025-09-11,6672,110.5000,114.0000,115.0000,109.5000,6686554,TWSE_STOCK_DAY
2025-09-11,TAIEX,25215.7100,25509.3000,25541.4400,25174.1300,0,TWSE_TAIEX_INDEX
2025-09-12,0050,56.0000,55.7500,56.0000,55.7000,59101728,TWSE_STOCK_DAY
2025-09-12,1590,781.0000,780.0000,786.0000,775.0000,450947,TWSE_STOCK_DAY
2025-09-12,1709,16.2500,16.2500,16.3000,16.1000,422034,TWSE_STOCK_DAY
2025-09-12,2059,3430.0000,3450.0000,3475.0000,3365.0000,813259,TWSE_STOCK_DAY
2025-09-12,2103,16.6500,16.7000,16.8000,16.5000,1850791,TWSE_STOCK_DAY
2025-09-12,2301,163.0000,169.0000,173.0000,160.5000,87816778,TWSE_STOCK_DAY
2025-09-12,2354,71.4000,71.5000,72.3000,70.9000,11524081,TWSE_STOCK_DAY
2025-09-12,2395,344.0000,344.5000,348.0000,344.0000,1762200,TWSE_STOCK_DAY
2025-09-12,2397,73.6000,72.5000,73.7000,72.5000,319431,TWSE_STOCK_DAY
2025-09-12,2408,57.4000,59.3000,60.5000,55.5000,187210685,TWSE_STOCK_DAY
2025-09-12,2606,56.5000,56.9000,57.1000,56.1000,2678873,TWSE_STOCK_DAY
2025-09-12,2609,56.5000,55.5000,56.5000,55.5000,11828018,TWSE_STOCK_DAY
2025-09-12,2637,58.7000,59.2000,59.3000,58.6000,1859376,TWSE_STOCK_DAY
2025-09-12,2886,41.5500,41.5000,41.6500,41.3000,10380405,TWSE_STOCK_DAY
2025-09-12,3006,61.0000,61.5000,64.8000,60.6000,10775109,TWSE_STOCK_DAY
2025-09-12,3044,313.0000,317.0000,317.5000,309.5000,2567309,TWSE_STOCK_DAY
2025-09-12,6672,113.5000,113.0000,114.0000,108.5000,6712560,TWSE_STOCK_DAY
2025-09-12,TAIEX,25474.6400,25349.7000,25492.2800,25349.7000,0,TWSE_TAIEX_INDEX
2025-09-15,0050,56.0000,56.0000,56.0500,55.8000,56031630,TWSE_STOCK_DAY
2025-09-15,1590,774.0000,781.0000,781.0000,772.0000,733424,TWSE_STOCK_DAY
2025-09-15,1709,16.2000,16.2000,16.2500,16.1500,142771,TWSE_STOCK_DAY
2025-09-15,2059,3410.0000,3445.0000,3445.0000,3310.0000,588883,TWSE_STOCK_DAY
2025-09-15,2103,16.7000,16.6000,16.7000,16.6000,591449,TWSE_STOCK_DAY
2025-09-15,2301,161.0000,168.0000,168.0000,158.5000,49112871,TWSE_STOCK_DAY
2025-09-15,2354,70.8000,72.0000,72.4000,70.2000,10397650,TWSE_STOCK_DAY
2025-09-15,2395,337.0000,344.0000,344.0000,335.0000,1492737,TWSE_STOCK_DAY
2025-09-15,2397,72.6000,73.7000,73.7000,72.4000,240147,TWSE_STOCK_DAY
2025-09-15,2408,63.1000,60.1000,63.1000,57.4000,254694617,TWSE_STOCK_DAY
2025-09-15,2606,56.5000,56.8000,57.0000,56.1000,2156047,TWSE_STOCK_DAY
2025-09-15,2609,56.0000,56.8000,56.9000,55.9000,7613981,TWSE_STOCK_DAY
2025-09-15,2637,58.4000,58.7000,59.0000,57.9000,1535740,TWSE_STOCK_DAY
2025-09-15,2886,41.4500,41.7500,41.8000,41.3000,10990025,TWSE_STOCK_DAY
2025-09-15,3006,64.1000,63.4000,64.6000,61.5000,14546359,TWSE_STOCK_DAY
2025-09-15,3044,302.5000,313.5000,313.5000,296.0000,3831106,TWSE_STOCK_DAY
2025-09-15,6672,109.0000,112.5000,113.0000,108.0000,2606281,TWSE_STOCK_DAY
2025-09-15,TAIEX,25357.1600,25494.1000,25519.9400,25284.1700,0,TWSE_TAIEX_INDEX
2025-09-16,0050,56.7500,56.1500,56.8500,56.1500,65388179,TWSE_STOCK_DAY
2025-09-16,1590,763.0000,772.0000,773.0000,759.0000,1144115,TWSE_STOCK_DAY
2025-09-16,1709,16.2000,16.2000,16.3000,16.1500,317138,TWSE_STOCK_DAY
2025-09-16,2059,3370.0000,3375.0000,3495.0000,3350.0000,518119,TWSE_STOCK_DAY
2025-09-16,2103,16.6500,16.7000,16.7000,16.5500,786322,TWSE_STOCK_DAY
2025-09-16,2301,167.0000,161.0000,167.0000,160.0000,44987528,TWSE_STOCK_DAY
2025-09-16,2354,70.0000,70.9000,70.9000,69.6000,9747715,TWSE_STOCK_DAY
2025-09-16,2395,335.0000,337.0000,338.0000,334.5000,1997964,TWSE_STOCK_DAY
2025-09-16,2397,73.0000,72.6000,73.1000,72.1000,224054,TWSE_STOCK_DAY
2025-09-16,2408,69.2000,65.0000,69.4000,63.6000,443163507,TWSE_STOCK_DAY
2025-09-16,2606,57.3000,56.8000,57.7000,56.4000,3413058,TWSE_STOCK_DAY
2025-09-16,2609,56.0000,56.1000,56.3000,55.8000,7767294,TWSE_STOCK_DAY
2025-09-16,2637,59.8000,58.6000,60.7000,57.9000,3498673,TWSE_STOCK_DAY
2025-09-16,2886,41.2500,41.5500,41.7000,41.1500,8910046,TWSE_STOCK_DAY
2025-09-16,3006,66.7000,64.4000,69.6000,63.3000,24468476,TWSE_STOCK_DAY
2025-09-16,3044,304.5000,310.0000,311.5000,301.5000,2999366,TWSE_STOCK_DAY
2025-09-16,6672,112.5000,109.0000,114.5000,108.0000,4801002,TWSE_STOCK_DAY
2025-09-16,TAIEX,25629.6400,25335.4600,25664.8100,25335.4600,0,TWSE_TAIEX_INDEX
2025-09-17,0050,56.3500,56.6000,56.6000,56.2500,70590054,TWSE_STOCK_DAY
2025-09-17,1590,762.0000,760.0000,775.0000,756.0000,1142568,TWSE_STOCK_DAY
2025-09-17,1709,16.2000,16.2000,16.4000,16.2000,289837,TWSE_STOCK_DAY
2025-09-17,2059,3370.0000,3370.0000,3475.0000,3340.0000,560258,TWSE_STOCK_DAY
2025-09-17,2103,16.7000,16.6500,16.9000,16.6000,1066539,TWSE_STOCK_DAY
2025-09-17,2301,159.5000,165.5000,166.5000,159.0000,35686645,TWSE_STOCK_DAY
2025-09-17,2354,68.8000,69.8000,70.4000,68.7000,9224425,TWSE_STOCK_DAY
2025-09-17,2395,324.0000,329.5000,332.5000,324.0000,2393585,TWSE_STOCK_DAY
2025-09-17,2397,72.4000,72.9000,73.7000,72.4000,280634,TWSE_STOCK_DAY
2025-09-17,2408,73.3000,69.2000,73.7000,67.7000,353614328,TWSE_STOCK_DAY
2025-09-17,2606,56.6000,57.3000,57.9000,56.5000,2712722,TWSE_STOCK_DAY
2025-09-17,2609,56.1000,56.3000,57.5000,56.0000,13605136,TWSE_STOCK_DAY
2025-09-17,2637,58.9000,59.9000,60.3000,57.9000,3198364,TWSE_STOCK_DAY
2025-09-17,2886,41.2500,41.1500,41.3000,41.0000,8664688,TWSE_STOCK_DAY
2025-09-17,3006,67.0000,66.1000,67.1000,64.4000,10775128,TWSE_STOCK_DAY
2025-09-17,3044,298.5000,308.5000,308.5000,298.0000,2999713,TWSE_STOCK_DAY
2025-09-17,6672,109.0000,111.5000,112.0000,108.5000,1963141,TWSE_STOCK_DAY
2025-09-17,TAIEX,25438.2500,25543.9100,25632.0700,25422.9600,0,TWSE_TAIEX_INDEX
2025-09-18,0050,56.9500,56.5000,56.9500,56.2500,45899106,TWSE_STOCK_DAY
2025-09-18,1590,774.0000,761.0000,775.0000,757.0000,894368,TWSE_STOCK_DAY
2025-09-18,1709,16.2500,16.2500,16.4000,16.2000,524296,TWSE_STOCK_DAY
2025-09-18,2059,3415.0000,3400.0000,3430.0000,3370.0000,323555,TWSE_STOCK_DAY
2025-09-18,2103,16.6500,16.8500,16.8500,16.6000,971947,TWSE_STOCK_DAY
2025-09-18,2301,164.5000,159.5000,168.0000,159.5000,42834068,TWSE_STOCK_DAY
2025-09-18,2354,70.1000,69.2000,70.1000,68.4000,9448236,TWSE_STOCK_DAY
2025-09-18,2395,326.0000,320.0000,331.5000,320.0000,3192882,TWSE_STOCK_DAY
2025-09-18,2397,72.7000,73.3000,73.6000,72.7000,226961,TWSE_STOCK_DAY
2025-09-18,2408,80.0000,76.0000,80.0000,75.3000,340363102,TWSE_STOCK_DAY
2025-09-18,2606,58.0000,57.1000,58.3000,57.1000,5260593,TWSE_STOCK_DAY
2025-09-18,2609,56.1000,56.2000,56.5000,56.0000,7448042,TWSE_STOCK_DAY
2025-09-18,2637,60.2000,59.4000,60.5000,59.4000,2424405,TWSE_STOCK_DAY
2025-09-18,2886,41.4500,41.4000,41.4500,40.9500,11877335,TWSE_STOCK_DAY
2025-09-18,3006,72.6000,68.5000,73.7000,68.1000,45415623,TWSE_STOCK_DAY
2025-09-18,3044,301.0000,300.5000,302.0000,296.0000,2977851,TWSE_STOCK_DAY
2025-09-18,6672,106.5000,109.5000,110.5000,105.5000,2507128,TWSE_STOCK_DAY
2025-09-18,TAIEX,25769.3600,25543.1700,25769.3600,25475.2500,0,TWSE_TAIEX_INDEX
2025-09-19,0050,57.0000,57.0000,57.1000,56.6000,74098514,TWSE_STOCK_DAY
2025-09-19,1590,770.0000,778.0000,781.0000,766.0000,1190923,TWSE_STOCK_DAY
2025-09-19,1709,16.2000,16.2500,16.3000,16.2000,241690,TWSE_STOCK_DAY
2025-09-19,2059,3335.0000,3420.0000,3480.0000,3315.0000,1898650,TWSE_STOCK_DAY
2025-09-19,2103,16.5500,16.6500,16.7000,16.5000,1708445,TWSE_STOCK_DAY
2025-09-19,2301,169.0000,165.0000,170.5000,163.5000,50127108,TWSE_STOCK_DAY
2025-09-19,2354,69.9000,70.4000,70.5000,69.7000,9588890,TWSE_STOCK_DAY
2025-09-19,2395,324.0000,329.0000,329.0000,321.5000,4164881,TWSE_STOCK_DAY
2025-09-19,2397,72.2000,73.5000,73.5000,71.7000,375974,TWSE_STOCK_DAY
2025-09-19,2408,79.2000,81.0000,81.4000,78.6000,219078657,TWSE_STOCK_DAY
2025-09-19,2606,58.4000,58.5000,58.8000,57.8000,4156912,TWSE_STOCK_DAY
2025-09-19,2609,57.1000,56.5000,57.7000,56.0000,18551632,TWSE_STOCK_DAY
2025-09-19,2637,61.1000,60.7000,61.1000,59.6000,3277290,TWSE_STOCK_DAY
2025-09-19,2886,41.7500,41.5000,41.7500,41.2000,19608643,TWSE_STOCK_DAY
2025-09-19,3006,73.2000,72.9000,75.6000,71.1000,32813008,TWSE_STOCK_DAY
2025-09-19,3044,304.0000,303.5000,304.0000,299.5000,2457052,TWSE_STOCK_DAY
2025-09-19,6672,105.5000,107.0000,108.5000,104.5000,2118660,TWSE_STOCK_DAY
2025-09-19,TAIEX,25578.3700,25794.6600,25864.0100,25578.3700,0,TWSE_TAIEX_INDEX
2025-09-22,0050,57.4000,57.0000,57.4000,56.7500,59170020,TWSE_STOCK_DAY
2025-09-22,1590,782.0000,777.0000,782.0000,764.0000,1177434,TWSE_STOCK_DAY
2025-09-22,1709,16.2500,16.2000,16.4500,16.2000,242183,TWSE_STOCK_DAY
2025-09-22,2059,3250.0000,3385.0000,3460.0000,3250.0000,574947,TWSE_STOCK_DAY
2025-09-22,2103,16.5500,16.6500,16.6500,16.5500,787603,TWSE_STOCK_DAY
2025-09-22,2301,185.5000,168.5000,185.5000,167.0000,66747712,TWSE_STOCK_DAY
2025-09-22,2354,70.6000,70.5000,71.6000,70.2000,8962197,TWSE_STOCK_DAY
2025-09-22,2395,325.0000,324.5000,329.5000,324.5000,1951395,TWSE_STOCK_DAY
2025-09-22,2397,72.4000,72.5000,73.3000,72.2000,242326,TWSE_STOCK_DAY
2025-09-22,2408,80.8000,79.3000,84.5000,78.9000,212268465,TWSE_STOCK_DAY
2025-09-22,2606,56.5000,58.6000,58.6000,55.8000,6538163,TWSE_STOCK_DAY
2025-09-22,2609,55.9000,56.6000,56.6000,55.7000,18765064,TWSE_STOCK_DAY
2025-09-22,2637,58.9000,61.4000,61.4000,58.5000,4022878,TWSE_STOCK_DAY
2025-09-22,2886,41.6000,41.8000,41.8000,41.4000,14786556,TWSE_STOCK_DAY
2025-09-22,3006,80.5000,73.9000,80.5000,73.9000,15888503,TWSE_STOCK_DAY
2025-09-22,3044,307.0000,306.0000,309.5000,304.5000,2322871,TWSE_STOCK_DAY
2025-09-22,6672,106.5000,105.5000,107.5000,104.5000,1048862,TWSE_STOCK_DAY
2025-09-22,TAIEX,25880.6000,25599.6000,25887.6900,25599.6000,0,TWSE_TAIEX_INDEX
2025-09-23,0050,58.4500,57.8500,58.6000,57.8500,92241987,TWSE_STOCK_DAY
2025-09-23,1590,765.0000,770.0000,777.0000,763.0000,1011436,TWSE_STOCK_DAY
2025-09-23,1709,16.2000,16.2500,16.3000,16.1500,361856,TWSE_STOCK_DAY
2025-09-23,2059,3220.0000,3255.0000,3300.0000,3210.0000,502835,TWSE_STOCK_DAY
2025-09-23,2103,16.4000,16.5500,16.5500,16.2500,2210488,TWSE_STOCK_DAY
2025-09-23,2301,183.0000,185.0000,189.5000,179.0000,68259245,TWSE_STOCK_DAY
2025-09-23,2354,70.7000,71.3000,71.9000,70.7000,12283479,TWSE_STOCK_DAY
2025-09-23,2395,327.5000,329.5000,333.5000,326.0000,1599508,TWSE_STOCK_DAY
2025-09-23,2397,72.2000,72.6000,72.8000,72.0000,320059,TWSE_STOCK_DAY
2025-09-23,2408,81.0000,80.8000,81.0000,78.3000,46967368,TWSE_STOCK_DAY
2025-09-23,2606,55.3000,56.0000,56.0000,54.8000,4508156,TWSE_STOCK_DAY
2025-09-23,2609,55.2000,55.8000,55.8000,55.2000,15773195,TWSE_STOCK_DAY
2025-09-23,2637,58.4000,58.9000,58.9000,58.1000,2750406,TWSE_STOCK_DAY
2025-09-23,2886,41.7000,41.5000,41.7000,41.4000,12556556,TWSE_STOCK_DAY
2025-09-23,3006,81.0000,81.8000,82.8000,78.5000,35475667,TWSE_STOCK_DAY
2025-09-23,3044,309.5000,310.0000,311.5000,306.0000,2568420,TWSE_STOCK_DAY
2025-09-23,6672,102.5000,107.0000,107.0000,102.0000,2631307,TWSE_STOCK_DAY
2025-09-23,TAIEX,26247.3700,26121.0000,26307.3000,26041.6900,0,TWSE_TAIEX_INDEX
2025-09-24,0050,58.4000,58.7000,58.9500,58.1000,95128957,TWSE_STOCK_DAY
2025-09-24,1590,760.0000,768.0000,768.0000,759.0000,781963,TWSE_STOCK_DAY
2025-09-24,1709,16.3000,16.2500,16.3000,16.1500,219792,TWSE_STOCK_DAY
2025-09-24,2059,3220.0000,3255.0000,3270.0000,3165.0000,564960,TWSE_STOCK_DAY
2025-09-24,2103,16.3000,16.4000,16.4000,16.1000,2108275,TWSE_STOCK_DAY
2025-09-24,2301,175.0000,184.0000,186.5000,174.0000,48127570,TWSE_STOCK_DAY
2025-09-24,2354,69.7000,71.0000,71.5000,68.8000,13145203,TWSE_STOCK_DAY
2025-09-24,2395,327.0000,327.5000,329.5000,325.0000,1283295,TWSE_STOCK_DAY
2025-09-24,2397,71.5000,72.5000,72.8000,71.0000,324659,TWSE_STOCK_DAY
2025-09-24,2408,76.0000,80.2000,80.2000,75.0000,46123209,TWSE_STOCK_DAY
2025-09-24,2606,56.1000,55.9000,56.6000,55.9000,2379657,TWSE_STOCK_DAY
2025-09-24,2609,55.0000,55.2000,55.7000,55.0000,13172313,TWSE_STOCK_DAY
2025-09-24,2637,59.2000,58.7000,59.6000,58.5000,1842518,TWSE_STOCK_DAY
2025-09-24,2886,41.9500,41.7000,41.9500,41.6000,13447589,TWSE_STOCK_DAY
2025-09-24,3006,74.2000,77.2000,78.4000,73.5000,20941593,TWSE_STOCK_DAY
2025-09-24,3044,304.0000,313.5000,314.5000,303.0000,3175536,TWSE_STOCK_DAY
2025-09-24,6672,102.0000,103.0000,103.5000,101.5000,1484178,TWSE_STOCK_DAY
2025-09-24,TAIEX,26196.7300,26389.1600,26394.0300,26045.4700,0,TWSE_TAIEX_INDEX
2025-09-25,0050,58.2000,58.3500,58.4000,58.0000,59962136,TWSE_STOCK_DAY
2025-09-25,1590,756.0000,766.0000,766.0000,753.0000,570018,TWSE_STOCK_DAY
2025-09-25,1709,16.4000,16.3000,16.5000,16.3000,277355,TWSE_STOCK_DAY
2025-09-25,2059,3170.0000,3215.0000,3285.0000,3160.0000,512141,TWSE_STOCK_DAY
2025-09-25,2103,16.3500,16.4000,16.6000,16.3000,1715508,TWSE_STOCK_DAY
2025-09-25,2301,172.0000,175.0000,175.5000,170.5000,27376151,TWSE_STOCK_DAY
2025-09-25,2354,71.9000,70.2000,72.7000,70.0000,33141069,TWSE_STOCK_DAY
2025-09-25,2395,321.0000,324.0000,324.5000,321.0000,1847631,TWSE_STOCK_DAY
2025-09-25,2397,71.3000,71.0000,72.3000,71.0000,192838,TWSE_STOCK_DAY
2025-09-25,2408,76.6000,74.3000,78.4000,74.3000,26404083,TWSE_STOCK_DAY
2025-09-25,2606,57.9000,56.1000,58.0000,56.1000,5565696,TWSE_STOCK_DAY
2025-09-25,2609,55.0000,55.1000,56.0000,55.0000,9963985,TWSE_STOCK_DAY
2025-09-25,2637,60.9000,59.8000,61.1000,59.6000,5040640,TWSE_STOCK_DAY
2025-09-25,2886,41.9500,42.0500,42.2500,41.7500,16938940,TWSE_STOCK_DAY
2025-09-25,3006,71.9000,73.0000,74.5000,71.1000,13601517,TWSE_STOCK_DAY
2025-09-25,3044,301.5000,303.5000,306.0000,299.5000,2999007,TWSE_STOCK_DAY
2025-09-25,6672,98.9000,102.0000,103.5000,98.8000,2140293,TWSE_STOCK_DAY
2025-09-25,TAIEX,26023.8500,26067.9700,26247.8500,26023.8500,0,TWSE_TAIEX_INDEX
2025-09-26,0050,57.2500,57.9000,57.9000,56.8500,170962034,TWSE_STOCK_DAY
2025-09-26,1590,750.0000,760.0000,760.0000,746.0000,718412,TWSE_STOCK_DAY
2025-09-26,1709,16.2500,16.4500,16.4500,16.2000,216513,TWSE_STOCK_DAY
2025-09-26,2059,3100.0000,3170.0000,3215.0000,3100.0000,517748,TWSE_STOCK_DAY
2025-09-26,2103,16.2000,16.4000,16.4500,16.1000,1420165,TWSE_STOCK_DAY
2025-09-26,2301,163.5000,168.5000,170.5000,161.0000,32492448,TWSE_STOCK_DAY
2025-09-26,2354,70.1000,71.0000,72.1000,68.6000,33922062,TWSE_STOCK_DAY
2025-09-26,2395,316.5000,322.0000,322.0000,314.0000,2471524,TWSE_STOCK_DAY
2025-09-26,2397,68.9000,71.2000,71.2000,68.3000,581018,TWSE_STOCK_DAY
2025-09-26,2408,71.0000,75.0000,75.0000,70.1000,45605620,TWSE_STOCK_DAY
2025-09-26,2606,56.8000,57.8000,57.8000,56.6000,2708860,TWSE_STOCK_DAY
2025-09-26,2609,53.3000,55.0000,55.0000,53.0000,20407184,TWSE_STOCK_DAY
2025-09-26,2637,59.0000,60.5000,60.5000,59.0000,2921122,TWSE_STOCK_DAY
2025-09-26,2886,42.0000,41.9500,42.1000,41.6500,13872517,TWSE_STOCK_DAY
2025-09-26,3006,70.1000,72.4000,72.4000,69.3000,8741650,TWSE_STOCK_DAY
2025-09-26,3044,290.0000,299.5000,299.5000,288.5000,3703754,TWSE_STOCK_DAY
2025-09-26,6672,93.7000,98.8000,99.3000,93.5000,1792152,TWSE_STOCK_DAY
2025-09-26,TAIEX,25580.3200,25998.2800,25998.2800,25469.0400,0,TWSE_TAIEX_INDEX
2025-09-30,0050,57.8000,57.5500,57.9000,57.5500,64586624,TWSE_STOCK_DAY
2025-09-30,1590,753.0000,757.0000,761.0000,745.0000,1354689,TWSE_STOCK_DAY
2025-09-30,1709,16.4000,16.3000,16.4000,16.2000,201415,TWSE_STOCK_DAY
2025-09-30,2059,3290.0000,3140.0000,3380.0000,3140.0000,779053,TWSE_STOCK_DAY
2025-09-30,2103,16.2000,16.2000,16.3500,16.2000,532668,TWSE_STOCK_DAY
2025-09-30,2301,172.5000,168.5000,176.0000,168.0000,41834780,TWSE_STOCK_DAY
2025-09-30,2354,70.3000,70.5000,71.1000,70.2000,11670774,TWSE_STOCK_DAY
2025-09-30,2395,319.0000,318.5000,324.5000,317.5000,2499450,TWSE_STOCK_DAY
2025-09-30,2397,68.5000,68.9000,69.1000,68.3000,421018,TWSE_STOCK_DAY
2025-09-30,2408,73.0000,73.5000,75.0000,72.5000,31158952,TWSE_STOCK_DAY
2025-09-30,2606,57.1000,56.5000,57.1000,56.0000,2568858,TWSE_STOCK_DAY
2025-09-30,2609,53.0000,53.7000,53.7000,53.0000,19261782,TWSE_STOCK_DAY
2025-09-30,2637,58.7000,58.7000,58.9000,58.1000,2785445,TWSE_STOCK_DAY
2025-09-30,2886,42.5000,42.4000,42.5000,42.0500,22411686,TWSE_STOCK_DAY
2025-09-30,3006,73.0000,74.1000,74.3000,71.5000,13148168,TWSE_STOCK_DAY
2025-09-30,3044,300.5000,294.0000,301.0000,292.5000,3027680,TWSE_STOCK_DAY
2025-09-30,6672,95.6000,95.2000,95.6000,93.8000,689147,TWSE_STOCK_DAY
2025-09-30,TAIEX,25820.5400,25738.3100,25975.8400,25738.3100,0,TWSE_TAIEX_INDEX
2025-10-01,0050,58.1000,57.9000,58.7500,57.9000,77291614,TWSE_STOCK_DAY
2025-10-01,1590,741.0000,757.0000,761.0000,741.0000,632413,TWSE_STOCK_DAY
2025-10-01,1709,16.3000,16.3500,16.3500,16.3000,104127,TWSE_STOCK_DAY
2025-10-01,2059,3310.0000,3340.0000,3355.0000,3245.0000,415949,TWSE_STOCK_DAY
2025-10-01,2103,16.0500,16.2000,16.3000,16.0500,945806,TWSE_STOCK_DAY
2025-10-01,2301,169.5000,173.0000,174.0000,169.0000,24584656,TWSE_STOCK_DAY
2025-10-01,2354,70.1000,70.6000,71.4000,70.0000,11959567,TWSE_STOCK_DAY
2025-10-01,2395,318.0000,315.0000,322.0000,315.0000,1310766,TWSE_STOCK_DAY
2025-10-01,2397,69.5000,69.1000,70.2000,68.9000,243834,TWSE_STOCK_DAY
2025-10-01,2408,76.2000,73.2000,76.9000,73.2000,26053794,TWSE_STOCK_DAY
2025-10-01,2606,56.3000,56.5000,56.5000,55.6000,2458468,TWSE_STOCK_DAY
2025-10-01,2609,52.3000,53.2000,53.4000,52.3000,16877750,TWSE_STOCK_DAY
2025-10-01,2637,58.3000,58.3000,58.6000,57.6000,2701737,TWSE_STOCK_DAY
2025-10-01,2886,42.3000,42.4500,42.4500,42.1000,12989309,TWSE_STOCK_DAY
2025-10-01,3006,72.2000,72.8000,73.4000,71.6000,5744716,TWSE_STOCK_DAY
2025-10-01,3044,301.5000,302.0000,306.0000,299.5000,3524737,TWSE_STOCK_DAY
2025-10-01,6672,94.7000,96.7000,98.5000,94.7000,1160820,TWSE_STOCK_DAY
2025-10-01,TAIEX,25982.9100,26078.2900,26325.7900,25982.9100,0,TWSE_TAIEX_INDEX
2025-10-02,0050,59.2000,59.0000,59.2500,58.8500,73803137,TWSE_STOCK_DAY
2025-10-02,1590,770.0000,748.0000,770.0000,748.0000,991484,TWSE_STOCK_DAY
2025-10-02,1709,16.4000,16.3500,16.6000,16.3500,251171,TWSE_STOCK_DAY
2025-10-02,2059,3340.0000,3350.0000,3380.0000,3300.0000,359258,TWSE_STOCK_DAY
2025-10-02,2103,15.9500,16.1500,16.2000,15.9000,1129938,TWSE_STOCK_DAY
2025-10-02,2301,170.5000,172.0000,174.5000,170.5000,25703160,TWSE_STOCK_DAY
2025-10-02,2354,71.0000,70.9000,71.3000,70.3000,11330060,TWSE_STOCK_DAY
2025-10-02,2395,317.0000,321.0000,321.5000,316.5000,869712,TWSE_STOCK_DAY
2025-10-02,2397,68.5000,69.5000,69.5000,68.4000,260635,TWSE_STOCK_DAY
2025-10-02,2408,79.7000,81.2000,81.2000,79.2000,32987374,TWSE_STOCK_DAY
2025-10-02,2606,54.6000,55.5000,55.6000,54.5000,4793786,TWSE_STOCK_DAY
2025-10-02,2609,51.5000,52.0000,52.4000,51.3000,16819473,TWSE_STOCK_DAY
2025-10-02,2637,56.9000,57.8000,57.8000,56.6000,4382235,TWSE_STOCK_DAY
2025-10-02,2886,42.0500,42.3000,42.4000,42.0500,13554275,TWSE_STOCK_DAY
2025-10-02,3006,75.0000,76.0000,78.0000,74.5000,25397859,TWSE_STOCK_DAY
2025-10-02,3044,309.0000,305.0000,310.0000,303.0000,4234561,TWSE_STOCK_DAY
2025-10-02,6672,93.4000,95.5000,96.8000,93.3000,938295,TWSE_STOCK_DAY
2025-10-02,TAIEX,26378.3900,26392.3100,26489.7900,26330.2500,0,TWSE_TAIEX_INDEX
2025-10-03,0050,60.0500,59.2000,60.1000,59.0500,76083554,TWSE_STOCK_DAY
2025-10-03,1590,810.0000,795.0000,821.0000,794.0000,3219176,TWSE_STOCK_DAY
2025-10-03,1709,16.4000,16.4000,16.5500,16.2500,183500,TWSE_STOCK_DAY
2025-10-03,2059,3415.0000,3355.0000,3435.0000,3345.0000,604701,TWSE_STOCK_DAY
2025-10-03,2103,15.7000,15.9500,15.9500,15.6000,2329608,TWSE_STOCK_DAY
2025-10-03,2301,172.0000,171.0000,174.0000,168.0000,22753417,TWSE_STOCK_DAY
2025-10-03,2354,70.6000,71.0000,71.3000,70.4000,7586824,TWSE_STOCK_DAY
2025-10-03,2395,319.0000,317.0000,320.0000,316.0000,1188839,TWSE_STOCK_DAY
2025-10-03,2397,70.5000,71.1000,71.7000,70.0000,402625,TWSE_STOCK_DAY
2025-10-03,2408,83.0000,79.9000,83.0000,79.3000,47766544,TWSE_STOCK_DAY
2025-10-03,2606,53.9000,54.1000,54.5000,53.9000,3356229,TWSE_STOCK_DAY
2025-10-03,2609,52.0000,51.6000,52.7000,51.6000,15425299,TWSE_STOCK_DAY
2025-10-03,2637,57.0000,56.6000,57.3000,56.6000,1866480,TWSE_STOCK_DAY
2025-10-03,2886,41.8000,42.2000,42.2000,41.7000,11019652,TWSE_STOCK_DAY
2025-10-03,3006,82.5000,76.6000,82.5000,76.1000,55433401,TWSE_STOCK_DAY
2025-10-03,3044,309.0000,310.0000,310.0000,305.0000,2322206,TWSE_STOCK_DAY
2025-10-03,6672,93.8000,93.7000,94.4000,93.0000,692716,TWSE_STOCK_DAY
2025-10-03,TAIEX,26761.0600,26435.1000,26761.0600,26410.0300,0,TWSE_TAIEX_INDEX
2025-10-07,0050,61.7000,61.0000,61.7000,60.9000,138001575,TWSE_STOCK_DAY
2025-10-07,1590,844.0000,828.0000,844.0000,824.0000,3298060,TWSE_STOCK_DAY
2025-10-07,1709,16.5000,16.4000,16.6500,16.2500,227176,TWSE_STOCK_DAY
2025-10-07,2059,3470.0000,3465.0000,3485.0000,3395.0000,426418,TWSE_STOCK_DAY
2025-10-07,2103,15.6500,15.6500,15.7500,15.2500,2464107,TWSE_STOCK_DAY
2025-10-07,2301,173.0000,174.0000,178.0000,170.0000,40013645,TWSE_STOCK_DAY
2025-10-07,2354,71.1000,71.1000,72.2000,70.9000,12672614,TWSE_STOCK_DAY
2025-10-07,2395,323.0000,319.0000,324.5000,319.0000,1952279,TWSE_STOCK_DAY
2025-10-07,2397,70.3000,70.5000,70.6000,69.6000,198557,TWSE_STOCK_DAY
2025-10-07,2408,91.2000,87.2000,91.2000,87.2000,52179282,TWSE_STOCK_DAY
2025-10-07,2606,53.8000,54.2000,54.5000,53.3000,4723015,TWSE_STOCK_DAY
2025-10-07,2609,51.8000,52.2000,52.4000,51.8000,10241653,TWSE_STOCK_DAY
2025-10-07,2637,58.0000,57.2000,58.1000,56.5000,2239386,TWSE_STOCK_DAY
2025-10-07,2886,41.8500,41.5500,42.0000,41.4000,14233417,TWSE_STOCK_DAY
2025-10-07,3006,86.7000,84.0000,90.0000,83.0000,66607125,TWSE_STOCK_DAY
2025-10-07,3044,308.5000,311.0000,312.5000,308.0000,2947011,TWSE_STOCK_DAY
2025-10-07,6672,93.9000,94.7000,95.8000,93.8000,884038,TWSE_STOCK_DAY
2025-10-07,TAIEX,27211.9500,27029.2800,27301.4200,27017.0800,0,TWSE_TAIEX_INDEX
2025-10-08,0050,61.1500,61.0000,61.1500,60.6000,119706336,TWSE_STOCK_DAY
2025-10-08,1590,878.0000,850.0000,883.0000,846.0000,3343008,TWSE_STOCK_DAY
2025-10-08,1709,16.5000,16.5000,16.5500,16.3500,161831,TWSE_STOCK_DAY
2025-10-08,2059,3575.0000,3510.0000,3665.0000,3495.0000,1260024,TWSE_STOCK_DAY
2025-10-08,2103,15.5000,15.7500,15.8000,15.4000,1156007,TWSE_STOCK_DAY
2025-10-08,2301,172.0000,170.5000,174.0000,168.0000,21334236,TWSE_STOCK_DAY
2025-10-08,2354,70.1000,70.9000,70.9000,69.8000,9404576,TWSE_STOCK_DAY
2025-10-08,2395,326.0000,323.0000,327.5000,321.0000,1712111,TWSE_STOCK_DAY
2025-10-08,2397,70.7000,69.9000,71.4000,69.4000,263985,TWSE_STOCK_DAY
2025-10-08,2408,90.8000,88.4000,91.2000,85.7000,41561491,TWSE_STOCK_DAY
2025-10-08,2606,53.8000,54.2000,54.4000,53.5000,2936796,TWSE_STOCK_DAY
2025-10-08,2609,51.7000,51.9000,52.0000,51.5000,7858857,TWSE_STOCK_DAY
2025-10-08,2637,58.5000,58.0000,58.6000,57.9000,2193935,TWSE_STOCK_DAY
2025-10-08,2886,41.9500,42.0000,42.1500,41.8000,7464390,TWSE_STOCK_DAY
2025-10-08,3006,83.5000,83.0000,86.4000,82.1000,22942225,TWSE_STOCK_DAY
2025-10-08,3044,307.5000,309.0000,311.0000,306.0000,2095943,TWSE_STOCK_DAY
2025-10-08,6672,93.2000,93.8000,94.3000,92.2000,673087,TWSE_STOCK_DAY
2025-10-08,TAIEX,27063.6800,26999.8200,27110.4300,26883.9900,0,TWSE_TAIEX_INDEX
2025-10-09,0050,61.6000,61.8500,61.9500,61.5000,76478634,TWSE_STOCK_DAY
2025-10-09,1590,869.0000,878.0000,878.0000,857.0000,1163995,TWSE_STOCK_DAY
2025-10-09,1709,16.5000,16.5000,16.6000,16.4000,204224,TWSE_STOCK_DAY
2025-10-09,2059,3745.0000,3635.0000,3775.0000,3600.0000,1005989,TWSE_STOCK_DAY
2025-10-09,2103,15.6000,15.5000,15.8000,15.4500,1549819,TWSE_STOCK_DAY
2025-10-09,2301,171.0000,174.5000,176.0000,169.0000,25183757,TWSE_STOCK_DAY
2025-10-09,2354,69.5000,70.4000,70.4000,69.5000,10450504,TWSE_STOCK_DAY
2025-10-09,2395,326.5000,330.0000,332.0000,325.0000,2391744,TWSE_STOCK_DAY
2025-10-09,2397,70.1000,70.7000,70.8000,69.9000,201696,TWSE_STOCK_DAY
2025-10-09,2408,98.5000,96.7000,99.8000,92.0000,219259632,TWSE_STOCK_DAY
2025-10-09,2606,54.3000,53.7000,54.8000,53.7000,3218335,TWSE_STOCK_DAY
2025-10-09,2609,51.3000,51.8000,51.9000,51.3000,10014695,TWSE_STOCK_DAY
2025-10-09,2637,60.1000,58.6000,60.9000,58.5000,5845687,TWSE_STOCK_DAY
2025-10-09,2886,42.0000,41.9500,42.0500,41.7500,10451347,TWSE_STOCK_DAY
2025-10-09,3006,84.2000,85.2000,86.5000,82.6000,26291801,TWSE_STOCK_DAY
2025-10-09,3044,310.5000,311.0000,311.0000,306.0000,2863894,TWSE_STOCK_DAY
2025-10-09,6672,92.5000,93.8000,94.1000,92.5000,747713,TWSE_STOCK_DAY
2025-10-09,TAIEX,27301.9200,27301.6100,27463.1200,27253.0700,0,TWSE_TAIEX_INDEX
2025-10-13,0050,61.0000,59.9000,61.0000,59.6000,277610574,TWSE_STOCK_DAY
2025-10-13,1590,861.0000,847.0000,869.0000,840.0000,1245905,TWSE_STOCK_DAY
2025-10-13,1709,16.7500,16.4000,16.8000,16.2000,519852,TWSE_STOCK_DAY
2025-10-13,2059,3720.0000,3590.0000,3720.0000,3585.0000,618462,TWSE_STOCK_DAY
2025-10-13,2103,15.2500,15.6000,15.6000,15.0500,1628984,TWSE_STOCK_DAY
2025-10-13,2301,168.0000,162.0000,170.0000,161.0000,24693057,TWSE_STOCK_DAY
2025-10-13,2354,67.6000,66.1000,67.7000,65.6000,14214541,TWSE_STOCK_DAY
2025-10-13,2395,320.5000,317.0000,322.0000,312.5000,2073613,TWSE_STOCK_DAY
2025-10-13,2397,69.4000,68.9000,69.7000,67.6000,233204,TWSE_STOCK_DAY
2025-10-13,2408,95.6000,93.5000,98.5000,93.0000,177182917,TWSE_STOCK_DAY
2025-10-13,2606,54.8000,55.0000,55.5000,53.3000,5610852,TWSE_STOCK_DAY
2025-10-13,2609,51.6000,50.1000,51.9000,50.1000,16602994,TWSE_STOCK_DAY
2025-10-13,2637,62.3000,60.1000,62.5000,59.3000,8250651,TWSE_STOCK_DAY
2025-10-13,2886,41.6500,42.0000,42.0000,41.1000,20405256,TWSE_STOCK_DAY
2025-10-13,3006,81.7000,77.6000,81.7000,77.5000,12021879,TWSE_STOCK_DAY
2025-10-13,3044,311.0000,300.5000,311.0000,300.5000,2754439,TWSE_STOCK_DAY
2025-10-13,6672,89.8000,86.7000,90.2000,86.7000,737522,TWSE_STOCK_DAY
2025-10-13,TAIEX,26923.4200,26762.6000,26965.7200,26470.4400,0,TWSE_TAIEX_INDEX
2025-10-14,0050,60.7000,61.8500,62.1500,60.6500,163441296,TWSE_STOCK_DAY
2025-10-14,1590,871.0000,867.0000,885.0000,862.0000,1570439,TWSE_STOCK_DAY
2025-10-14,1709,16.7500,16.7500,16.9500,16.6500,585058,TWSE_STOCK_DAY
2025-10-14,2059,3795.0000,3810.0000,3945.0000,3785.0000,1177574,TWSE_STOCK_DAY
2025-10-14,2103,15.1500,15.3500,15.4000,15.1500,1410672,TWSE_STOCK_DAY
2025-10-14,2301,160.0000,170.5000,171.5000,160.0000,29250489,TWSE_STOCK_DAY
2025-10-14,2354,65.3000,68.0000,68.4000,65.1000,18147482,TWSE_STOCK_DAY
2025-10-14,2395,318.5000,323.0000,331.0000,318.5000,2138251,TWSE_STOCK_DAY
2025-10-14,2397,67.9000,69.6000,70.4000,67.9000,271431,TWSE_STOCK_DAY
2025-10-14,2408,89.1000,98.1000,101.0000,87.1000,371601393,TWSE_STOCK_DAY
2025-10-14,2606,59.0000,56.7000,60.2000,56.6000,36132035,TWSE_STOCK_DAY
2025-10-14,2609,56.7000,52.0000,56.7000,51.9000,94171725,TWSE_STOCK_DAY
2025-10-14,2637,66.6000,63.0000,68.2000,63.0000,38830802,TWSE_STOCK_DAY
2025-10-14,2886,42.1000,41.5000,42.2500,41.5000,17168431,TWSE_STOCK_DAY
2025-10-14,3006,77.5000,83.8000,84.2000,77.0000,22422843,TWSE_STOCK_DAY
2025-10-14,3044,305.5000,316.0000,323.5000,305.5000,6002904,TWSE_STOCK_DAY
2025-10-14,6672,87.1000,90.7000,91.5000,87.0000,941087,TWSE_STOCK_DAY
2025-10-14,TAIEX,26793.1500,27282.1000,27507.1600,26764.0600,0,TWSE_TAIEX_INDEX
2025-10-15,0050,61.8000,61.0000,61.8000,60.6000,101918261,TWSE_STOCK_DAY
2025-10-15,1590,902.0000,874.0000,910.0000,866.0000,1896933,TWSE_STOCK_DAY
2025-10-15,1709,16.8000,16.6500,16.9000,16.6500,166656,TWSE_STOCK_DAY
2025-10-15,2059,3920.0000,3870.0000,3960.0000,3785.0000,630315,TWSE_STOCK_DAY
2025-10-15,2103,15.0000,15.1500,15.2000,15.0000,1978002,TWSE_STOCK_DAY
2025-10-15,2301,161.5000,160.5000,163.5000,158.5000,35671295,TWSE_STOCK_DAY
2025-10-15,2354,64.7000,65.7000,66.0000,64.6000,11412268,TWSE_STOCK_DAY
2025-10-15,2395,323.5000,320.5000,324.0000,319.5000,1842463,TWSE_STOCK_DAY
2025-10-15,2397,69.0000,68.0000,69.0000,67.8000,145271,TWSE_STOCK_DAY
2025-10-15,2408,86.3000,91.1000,91.5000,85.0000,184866513,TWSE_STOCK_DAY
2025-10-15,2606,56.3000,57.3000,57.9000,55.4000,18732941,TWSE_STOCK_DAY
2025-10-15,2609,53.2000,55.7000,55.7000,53.1000,76255609,TWSE_STOCK_DAY
2025-10-15,2637,63.9000,66.0000,66.6000,63.6000,19937113,TWSE_STOCK_DAY
2025-10-15,2886,42.0000,42.1000,42.1000,41.6500,18901781,TWSE_STOCK_DAY
2025-10-15,3006,80.4000,78.3000,81.1000,76.2000,9636063,TWSE_STOCK_DAY
2025-10-15,3044,322.0000,310.0000,328.0000,307.0000,6527899,TWSE_STOCK_DAY
2025-10-15,6672,88.5000,88.2000,89.8000,87.4000,711728,TWSE_STOCK_DAY
2025-10-15,TAIEX,27275.7100,26911.0500,27275.7100,26773.1500,0,TWSE_TAIEX_INDEX
2025-10-16,0050,63.0000,62.1000,63.0000,62.1000,115801585,TWSE_STOCK_DAY
2025-10-16,1590,903.0000,918.0000,932.0000,898.0000,1941788,TWSE_STOCK_DAY
2025-10-16,1709,16.8000,16.8500,17.0000,16.7000,183959,TWSE_STOCK_DAY
2025-10-16,2059,3930.0000,3915.0000,3985.0000,3860.0000,543242,TWSE_STOCK_DAY
2025-10-16,2103,15.2000,15.1500,15.3500,15.1500,858045,TWSE_STOCK_DAY
2025-10-16,2301,169.0000,170.0000,172.5000,165.5000,53538919,TWSE_STOCK_DAY
2025-10-16,2354,66.9000,65.6000,67.5000,65.6000,12139034,TWSE_STOCK_DAY
2025-10-16,2395,326.5000,325.5000,329.5000,324.5000,1178488,TWSE_STOCK_DAY
2025-10-16,2397,69.3000,69.1000,69.9000,69.1000,186085,TWSE_STOCK_DAY
2025-10-16,2408,94.9000,89.2000,94.9000,89.2000,139293308,TWSE_STOCK_DAY
2025-10-16,2606,56.9000,56.3000,57.2000,56.2000,3701581,TWSE_STOCK_DAY
2025-10-16,2609,53.3000,53.3000,53.9000,53.1000,18478762,TWSE_STOCK_DAY
2025-10-16,2637,64.7000,64.4000,64.7000,63.5000,4996762,TWSE_STOCK_DAY
2025-10-16,2886,41.8500,41.9500,42.2000,41.7500,14023965,TWSE_STOCK_DAY
2025-10-16,3006,86.7000,80.4000,87.9000,80.4000,39565759,TWSE_STOCK_DAY
2025-10-16,3044,320.5000,325.5000,327.0000,320.5000,2980499,TWSE_STOCK_DAY
2025-10-16,6672,90.2000,88.8000,91.1000,88.8000,633784,TWSE_STOCK_DAY
2025-10-16,TAIEX,27647.8700,27337.3200,27732.7800,27337.3200,0,TWSE_TAIEX_INDEX
2025-10-17,0050,62.0500,62.0500,62.3000,61.9000,166191884,TWSE_STOCK_DAY
2025-10-17,1590,874.0000,903.0000,905.0000,870.0000,1061434,TWSE_STOCK_DAY
2025-10-17,1709,16.9000,16.9500,17.3500,16.8500,678422,TWSE_STOCK_DAY
2025-10-17,2059,3760.0000,3930.0000,3930.0000,3760.0000,772350,TWSE_STOCK_DAY
2025-10-17,2103,15.3000,15.2500,15.5500,15.2500,1021742,TWSE_STOCK_DAY
2025-10-17,2301,165.5000,167.0000,169.0000,164.0000,25118689,TWSE_STOCK_DAY
2025-10-17,2354,66.8000,66.8000,67.5000,66.2000,6800834,TWSE_STOCK_DAY
2025-10-17,2395,325.0000,323.5000,328.0000,323.5000,981259,TWSE_STOCK_DAY
2025-10-17,2397,69.0000,69.2000,69.8000,68.6000,140858,TWSE_STOCK_DAY
2025-10-17,2408,104.0000,98.3000,104.0000,98.0000,264907109,TWSE_STOCK_DAY
2025-10-17,2606,56.3000,58.0000,58.8000,56.3000,12817704,TWSE_STOCK_DAY
2025-10-17,2609,54.1000,53.9000,56.6000,53.9000,59084467,TWSE_STOCK_DAY
2025-10-17,2637,64.3000,65.3000,66.5000,64.2000,10131499,TWSE_STOCK_DAY
2025-10-17,2886,41.5500,41.9500,42.1500,41.5500,10665499,TWSE_STOCK_DAY
2025-10-17,3006,86.0000,85.5000,88.5000,85.1000,27227927,TWSE_STOCK_DAY
2025-10-17,3044,315.5000,318.0000,322.5000,315.5000,2261078,TWSE_STOCK_DAY
2025-10-17,6672,87.7000,90.0000,90.1000,87.7000,495807,TWSE_STOCK_DAY
2025-10-17,TAIEX,27302.3700,27399.9100,27513.0900,27302.3700,0,TWSE_TAIEX_INDEX
2025-10-20,0050,63.1000,62.3500,63.2000,62.1500,105854638,TWSE_STOCK_DAY
2025-10-20,1590,874.0000,878.0000,883.0000,863.0000,583434,TWSE_STOCK_DAY
2025-10-20,1709,16.8500,16.9000,17.0500,16.7500,259552,TWSE_STOCK_DAY
2025-10-20,2059,3750.0000,3790.0000,3835.0000,3715.0000,379988,TWSE_STOCK_DAY
2025-10-20,2103,15.2000,15.3500,15.3500,15.1000,736504,TWSE_STOCK_DAY
2025-10-20,2301,164.5000,166.0000,167.5000,161.0000,25076152,TWSE_STOCK_DAY
2025-10-20,2354,68.7000,67.8000,69.4000,67.7000,12593908,TWSE_STOCK_DAY
2025-10-20,2395,322.0000,329.5000,330.5000,321.5000,1672479,TWSE_STOCK_DAY
2025-10-20,2397,68.8000,69.6000,69.6000,68.4000,166272,TWSE_STOCK_DAY
2025-10-20,2408,107.0000,108.0000,110.0000,104.0000,216252568,TWSE_STOCK_DAY
2025-10-20,2606,56.2000,57.1000,57.2000,56.0000,3253882,TWSE_STOCK_DAY
2025-10-20,2609,54.0000,55.4000,55.7000,53.8000,19288318,TWSE_STOCK_DAY
2025-10-20,2637,63.4000,64.9000,64.9000,63.1000,4206681,TWSE_STOCK_DAY
2025-10-20,2886,41.7500,41.8500,41.9000,41.3500,7468624,TWSE_STOCK_DAY
2025-10-20,3006,85.2000,87.3000,87.4000,83.8000,15131394,TWSE_STOCK_DAY
2025-10-20,3044,317.0000,316.0000,322.0000,314.5000,1739505,TWSE_STOCK_DAY
2025-10-20,6672,88.0000,88.9000,88.9000,87.6000,378511,TWSE_STOCK_DAY
2025-10-20,TAIEX,27688.6300,27480.4400,27768.2700,27412.4500,0,TWSE_TAIEX_INDEX
2025-10-21,0050,63.2000,63.4000,63.6500,63.0500,128793394,TWSE_STOCK_DAY
2025-10-21,1590,893.0000,885.0000,893.0000,880.0000,716854,TWSE_STOCK_DAY
2025-10-21,1709,16.8500,17.0000,17.0000,16.8000,134255,TWSE_STOCK_DAY
2025-10-21,2059,3860.0000,3740.0000,3890.0000,3740.0000,567977,TWSE_STOCK_DAY
2025-10-21,2103,15.2000,15.2000,15.3500,15.2000,395033,TWSE_STOCK_DAY
2025-10-21,2301,165.5000,166.0000,169.5000,164.0000,23784896,TWSE_STOCK_DAY
2025-10-21,2354,68.9000,69.1000,69.7000,68.6000,9642678,TWSE_STOCK_DAY
2025-10-21,2395,325.0000,324.0000,326.0000,320.5000,1873596,TWSE_STOCK_DAY
2025-10-21,2397,70.2000,68.8000,70.5000,68.8000,219962,TWSE_STOCK_DAY
2025-10-21,2408,105.5000,107.0000,109.5000,104.0000,105119091,TWSE_STOCK_DAY
2025-10-21,2606,56.4000,56.6000,56.6000,56.0000,2468742,TWSE_STOCK_DAY
2025-10-21,2609,53.8000,54.5000,54.5000,53.8000,12357133,TWSE_STOCK_DAY
2025-10-21,2637,63.7000,64.0000,64.2000,63.2000,3330171,TWSE_STOCK_DAY
2025-10-21,2886,41.8000,41.9000,41.9500,41.6500,6245685,TWSE_STOCK_DAY
2025-10-21,3006,84.2000,85.6000,86.0000,83.2000,9763660,TWSE_STOCK_DAY
2025-10-21,3044,320.5000,321.5000,333.0000,318.5000,3538652,TWSE_STOCK_DAY
2025-10-21,6672,89.4000,89.3000,90.4000,88.9000,462541,TWSE_STOCK_DAY
2025-10-21,TAIEX,27752.4100,27742.5500,27969.0500,27742.5500,0,TWSE_TAIEX_INDEX
2025-10-22,0050,62.7000,62.6000,62.8500,62.2500,124303290,TWSE_STOCK_DAY
2025-10-22,1590,906.0000,901.0000,912.0000,901.0000,690420,TWSE_STOCK_DAY
2025-10-22,1709,17.1000,16.9500,17.2000,16.9000,437552,TWSE_STOCK_DAY
2025-10-22,2059,3805.0000,3790.0000,3855.0000,3755.0000,315835,TWSE_STOCK_DAY
2025-10-22,2103,15.4000,15.2000,15.4000,15.1500,525055,TWSE_STOCK_DAY
2025-10-22,2301,167.5000,164.5000,169.0000,164.0000,15219695,TWSE_STOCK_DAY
2025-10-22,2354,69.5000,68.9000,69.7000,68.3000,6415127,TWSE_STOCK_DAY
2025-10-22,2395,326.5000,325.5000,327.5000,324.0000,995437,TWSE_STOCK_DAY
2025-10-22,2397,70.8000,70.2000,70.8000,69.8000,173750,TWSE_STOCK_DAY
2025-10-22,2408,110.0000,103.0000,111.0000,102.0000,104796480,TWSE_STOCK_DAY
2025-10-22,2606,56.8000,56.6000,57.4000,56.6000,3708772,TWSE_STOCK_DAY
2025-10-22,2609,53.9000,54.1000,55.2000,53.8000,22002012,TWSE_STOCK_DAY
2025-10-22,2637,64.5000,64.4000,65.7000,64.3000,6760238,TWSE_STOCK_DAY
2025-10-22,2886,41.7500,41.6000,41.9500,41.5000,10357916,TWSE_STOCK_DAY
2025-10-22,3006,83.8000,83.2000,84.5000,82.1000,6700132,TWSE_STOCK_DAY
2025-10-22,3044,327.5000,320.0000,331.0000,319.5000,3720095,TWSE_STOCK_DAY
2025-10-22,6672,90.6000,94.3000,95.2000,90.2000,2520667,TWSE_STOCK_DAY
2025-10-22,TAIEX,27648.9100,27614.1100,27725.8300,27490.8900,0,TWSE_TAIEX_INDEX
2025-10-23,0050,62.3500,62.1000,62.4000,61.7500,166688171,TWSE_STOCK_DAY
2025-10-23,1590,912.0000,906.0000,918.0000,897.0000,735320,TWSE_STOCK_DAY
2025-10-23,1709,17.0000,17.1000,17.1500,16.9500,125294,TWSE_STOCK_DAY
2025-10-23,2059,3780.0000,3720.0000,3810.0000,3720.0000,244630,TWSE_STOCK_DAY
2025-10-23,2103,15.5000,15.4000,15.6000,15.2500,1170575,TWSE_STOCK_DAY
2025-10-23,2301,170.5000,165.0000,173.5000,164.5000,26201669,TWSE_STOCK_DAY
2025-10-23,2354,69.1000,69.1000,69.2000,68.5000,4978947,TWSE_STOCK_DAY
2025-10-23,2395,323.5000,325.0000,325.0000,321.0000,558358,TWSE_STOCK_DAY
2025-10-23,2397,70.2000,70.7000,70.7000,70.0000,140057,TWSE_STOCK_DAY
2025-10-23,2408,109.5000,108.5000,111.0000,106.0000,109837450,TWSE_STOCK_DAY
2025-10-23,2606,56.2000,56.6000,56.6000,56.0000,2337543,TWSE_STOCK_DAY
2025-10-23,2609,54.0000,53.8000,54.6000,53.7000,10424936,TWSE_STOCK_DAY
2025-10-23,2637,63.2000,64.4000,64.4000,63.2000,3663074,TWSE_STOCK_DAY
2025-10-23,2886,41.5500,41.5000,41.7500,41.4500,11285987,TWSE_STOCK_DAY
2025-10-23,3006,83.6000,83.2000,84.1000,82.1000,4678397,TWSE_STOCK_DAY
2025-10-23,3044,323.5000,327.0000,331.0000,321.0000,2347065,TWSE_STOCK_DAY
2025-10-23,6672,89.4000,90.1000,91.3000,88.6000,611479,TWSE_STOCK_DAY
2025-10-23,TAIEX,27532.2600,27457.0700,27586.8500,27371.6700,0,TWSE_TAIEX_INDEX
2025-10-27,0050,63.8000,63.7500,63.9000,63.4500,104776108,TWSE_STOCK_DAY
2025-10-27,1590,914.0000,921.0000,930.0000,903.0000,554815,TWSE_STOCK_DAY
2025-10-27,1709,16.9500,17.0500,17.1000,16.9000,177509,TWSE_STOCK_DAY
2025-10-27,2059,3770.0000,3865.0000,3875.0000,3770.0000,416608,TWSE_STOCK_DAY
2025-10-27,2103,15.3500,15.5000,15.5500,15.3000,940640,TWSE_STOCK_DAY
2025-10-27,2301,182.0000,177.5000,185.0000,176.5000,63265858,TWSE_STOCK_DAY
2025-10-27,2354,69.7000,70.1000,70.5000,69.3000,7989690,TWSE_STOCK_DAY
2025-10-27,2395,325.0000,327.5000,327.5000,320.0000,1778413,TWSE_STOCK_DAY
2025-10-27,2397,70.8000,70.6000,70.8000,69.7000,176862,TWSE_STOCK_DAY
2025-10-27,2408,120.0000,120.0000,120.0000,120.0000,27957079,TWSE_STOCK_DAY
2025-10-27,2606,55.3000,56.1000,56.2000,54.8000,4651745,TWSE_STOCK_DAY
2025-10-27,2609,54.3000,54.6000,54.8000,54.0000,13982934,TWSE_STOCK_DAY
2025-10-27,2637,62.0000,63.0000,63.1000,61.1000,4787784,TWSE_STOCK_DAY
2025-10-27,2886,41.2000,41.8500,41.9000,40.9500,27607159,TWSE_STOCK_DAY
2025-10-27,3006,91.9000,88.4000,91.9000,86.1000,47518904,TWSE_STOCK_DAY
2025-10-27,3044,330.5000,331.0000,337.5000,325.0000,4077763,TWSE_STOCK_DAY
2025-10-27,6672,90.8000,90.2000,91.8000,89.3000,753857,TWSE_STOCK_DAY
2025-10-27,TAIEX,27993.6300,28029.8800,28196.3300,27993.6300,0,TWSE_TAIEX_INDEX
2025-10-28,0050,63.3500,63.5500,63.7000,63.2000,99770041,TWSE_STOCK_DAY
2025-10-28,1590,905.0000,914.0000,914.0000,890.0000,782194,TWSE_STOCK_DAY
2025-10-28,1709,16.7500,16.9500,17.1000,16.7000,305268,TWSE_STOCK_DAY
2025-10-28,2059,3860.0000,3780.0000,3860.0000,3780.0000,288637,TWSE_STOCK_DAY
2025-10-28,2103,15.2500,15.5500,15.5500,15.2000,716258,TWSE_STOCK_DAY
2025-10-28,2301,188.5000,181.0000,194.0000,180.0000,68530039,TWSE_STOCK_DAY
2025-10-28,2354,70.8000,70.3000,71.5000,70.2000,16633144,TWSE_STOCK_DAY
2025-10-28,2395,328.5000,328.5000,334.5000,328.0000,2508846,TWSE_STOCK_DAY
2025-10-28,2397,69.8000,71.2000,71.2000,69.8000,109052,TWSE_STOCK_DAY
2025-10-28,2408,130.0000,124.0000,131.5000,123.0000,220692840,TWSE_STOCK_DAY
2025-10-28,2606,55.0000,55.6000,55.7000,54.8000,2159554,TWSE_STOCK_DAY
2025-10-28,2609,55.1000,54.8000,55.4000,54.7000,17077705,TWSE_STOCK_DAY
2025-10-28,2637,63.1000,62.4000,63.2000,61.4000,3709548,TWSE_STOCK_DAY
2025-10-28,2886,40.9500,41.3500,41.4000,40.8500,14350679,TWSE_STOCK_DAY
2025-10-28,3006,89.8000,91.0000,91.8000,87.2000,35688197,TWSE_STOCK_DAY
2025-10-28,3044,328.5000,331.5000,333.0000,325.0000,2220389,TWSE_STOCK_DAY
2025-10-28,6672,91.0000,91.3000,91.3000,89.4000,605305,TWSE_STOCK_DAY
2025-10-28,TAIEX,27949.1100,28041.0100,28087.9300,27885.6200,0,TWSE_TAIEX_INDEX
2025-10-29,0050,64.4000,63.7000,64.4500,63.7000,67414369,TWSE_STOCK_DAY
2025-10-29,1590,900.0000,905.0000,905.0000,885.0000,857178,TWSE_STOCK_DAY
2025-10-29,1709,16.8000,16.8000,16.9000,16.7500,301928,TWSE_STOCK_DAY
2025-10-29,2059,3920.0000,3955.0000,4050.0000,3880.0000,715054,TWSE_STOCK_DAY
2025-10-29,2103,15.2500,15.2000,15.2500,15.0500,1035278,TWSE_STOCK_DAY
2025-10-29,2301,195.0000,189.0000,197.0000,188.0000,57329638,TWSE_STOCK_DAY
2025-10-29,2354,73.2000,71.5000,74.6000,71.5000,42941195,TWSE_STOCK_DAY
2025-10-29,2395,330.5000,331.5000,332.5000,328.5000,1403990,TWSE_STOCK_DAY
2025-10-29,2397,69.5000,70.1000,70.4000,69.5000,145321,TWSE_STOCK_DAY
2025-10-29,2408,133.0000,132.0000,136.5000,125.5000,194530568,TWSE_STOCK_DAY
2025-10-29,2606,55.1000,55.0000,55.5000,54.8000,2188738,TWSE_STOCK_DAY
2025-10-29,2609,56.5000,55.4000,56.7000,55.0000,27281118,TWSE_STOCK_DAY
2025-10-29,2637,63.4000,63.1000,63.5000,62.5000,2423843,TWSE_STOCK_DAY
2025-10-29,2886,40.7000,40.9500,41.1000,40.5500,15003414,TWSE_STOCK_DAY
2025-10-29,3006,87.6000,90.2000,90.4000,87.0000,14931042,TWSE_STOCK_DAY
2025-10-29,3044,329.5000,333.0000,343.5000,328.5000,4358419,TWSE_STOCK_DAY
2025-10-29,6672,89.9000,91.3000,92.5000,89.8000,617663,TWSE_STOCK_DAY
2025-10-29,TAIEX,28294.7400,28157.9100,28395.3100,28139.6500,0,TWSE_TAIEX_INDEX
2025-10-30,0050,64.4000,64.6000,64.8000,64.0000,95106510,TWSE_STOCK_DAY
2025-10-30,1590,904.0000,892.0000,911.0000,892.0000,624477,TWSE_STOCK_DAY
2025-10-30,1709,16.8000,16.8000,16.8000,16.6000,209991,TWSE_STOCK_DAY
2025-10-30,2059,4095.0000,4000.0000,4095.0000,3950.0000,752907,TWSE_STOCK_DAY
2025-10-30,2103,15.1500,15.2500,15.2500,15.1000,759197,TWSE_STOCK_DAY
2025-10-30,2301,181.0000,185.0000,186.0000,175.5000,106013672,TWSE_STOCK_DAY
2025-10-30,2354,72.2000,74.0000,75.4000,71.4000,52961952,TWSE_STOCK_DAY
2025-10-30,2395,325.0000,331.5000,334.5000,323.5000,1586210,TWSE_STOCK_DAY
2025-10-30,2397,68.5000,69.6000,69.6000,68.2000,150322,TWSE_STOCK_DAY
2025-10-30,2408,134.5000,134.5000,139.0000,130.5000,174638893,TWSE_STOCK_DAY
2025-10-30,2606,57.2000,55.6000,57.8000,55.6000,10793957,TWSE_STOCK_DAY
2025-10-30,2609,60.0000,57.0000,61.3000,57.0000,119154156,TWSE_STOCK_DAY
2025-10-30,2637,65.4000,63.2000,65.8000,63.2000,10016589,TWSE_STOCK_DAY
2025-10-30,2886,40.9500,40.6500,40.9500,40.4500,23321529,TWSE_STOCK_DAY
2025-10-30,3006,96.3000,88.0000,96.3000,88.0000,46680089,TWSE_STOCK_DAY
2025-10-30,3044,340.0000,333.0000,342.0000,324.0000,4707037,TWSE_STOCK_DAY
2025-10-30,6672,88.4000,90.1000,90.5000,87.9000,520586,TWSE_STOCK_DAY
2025-10-30,TAIEX,28287.5300,28350.2400,28527.6800,28116.6000,0,TWSE_TAIEX_INDEX
2025-10-31,0050,64.7500,64.6000,64.8000,64.4000,55956524,TWSE_STOCK_DAY
2025-10-31,1590,911.0000,918.0000,920.0000,900.0000,861850,TWSE_STOCK_DAY
2025-10-31,1709,16.6500,16.8000,16.8000,16.6000,224653,TWSE_STOCK_DAY
2025-10-31,2059,4110.0000,4090.0000,4155.0000,4010.0000,471698,TWSE_STOCK_DAY
2025-10-31,2103,15.0000,15.2000,15.2000,15.0000,974767,TWSE_STOCK_DAY
2025-10-31,2301,179.5000,179.0000,181.5000,173.5000,45567195,TWSE_STOCK_DAY
2025-10-31,2354,71.5000,72.6000,72.7000,70.9000,15000251,TWSE_STOCK_DAY
2025-10-31,2395,313.5000,325.0000,326.0000,313.0000,4261329,TWSE_STOCK_DAY
2025-10-31,2397,68.4000,68.6000,68.6000,67.8000,195576,TWSE_STOCK_DAY
2025-10-31,2408,132.5000,133.5000,134.0000,127.5000,124717002,TWSE_STOCK_DAY
2025-10-31,2606,55.7000,57.5000,57.6000,55.7000,7282045,TWSE_STOCK_DAY
2025-10-31,2609,57.5000,59.4000,59.9000,57.5000,51935891,TWSE_STOCK_DAY
2025-10-31,2637,63.2000,66.6000,66.6000,63.2000,8850753,TWSE_STOCK_DAY
2025-10-31,2886,40.4000,41.2000,41.2500,40.3500,22242244,TWSE_STOCK_DAY
2025-10-31,3006,90.3000,97.4000,98.0000,88.4000,43269173,TWSE_STOCK_DAY
2025-10-31,3044,341.5000,344.0000,349.5000,339.5000,5205355,TWSE_STOCK_DAY
2025-10-31,6672,89.7000,88.3000,91.3000,88.3000,471612,TWSE_STOCK_DAY
2025-10-31,TAIEX,28233.3500,28280.4700,28489.7600,28233.3500,0,TWSE_TAIEX_INDEX
2025-11-03,0050,64.1500,64.4500,64.8000,63.9000,140157410,TWSE_STOCK_DAY
2025-11-03,1590,920.0000,931.0000,953.0000,914.0000,764617,TWSE_STOCK_DAY
2025-11-03,1709,16.6000,16.6500,16.7000,16.5000,274056,TWSE_STOCK_DAY
2025-11-03,2059,4280.0000,4115.0000,4320.0000,4115.0000,516444,TWSE_STOCK_DAY
2025-11-03,2103,14.9500,15.0000,15.0500,14.8500,1016039,TWSE_STOCK_DAY
2025-11-03,2301,180.0000,180.0000,181.5000,177.0000,29037097,TWSE_STOCK_DAY
2025-11-03,2354,70.9000,71.3000,71.7000,70.3000,9801849,TWSE_STOCK_DAY
2025-11-03,2395,316.5000,310.0000,318.0000,310.0000,2198962,TWSE_STOCK_DAY
2025-11-03,2397,67.7000,68.4000,68.6000,67.7000,169376,TWSE_STOCK_DAY
2025-11-03,2408,137.0000,136.0000,145.5000,135.0000,169158183,TWSE_STOCK_DAY
2025-11-03,2606,55.0000,56.2000,56.5000,54.8000,3795890,TWSE_STOCK_DAY
2025-11-03,2609,56.5000,58.3000,58.8000,56.5000,26228107,TWSE_STOCK_DAY
2025-11-03,2637,63.6000,63.0000,64.3000,63.0000,2227635,TWSE_STOCK_DAY
2025-11-03,2886,40.4000,40.4500,40.6500,40.3000,21063259,TWSE_STOCK_DAY
2025-11-03,3006,89.9000,91.3000,94.8000,88.8000,23064024,TWSE_STOCK_DAY
2025-11-03,3044,347.5000,342.5000,349.0000,340.0000,3092590,TWSE_STOCK_DAY
2025-11-03,6672,93.5000,90.7000,94.3000,90.7000,1762883,TWSE_STOCK_DAY
2025-11-03,TAIEX,28334.5900,28253.5300,28494.9900,28150.4500,0,TWSE_TAIEX_INDEX
2025-11-04,0050,63.9500,64.5000,64.8500,63.8500,88131032,TWSE_STOCK_DAY
2025-11-04,1590,943.0000,922.0000,960.0000,922.0000,1582544,TWSE_STOCK_DAY
2025-11-04,1709,16.5000,16.6000,16.6500,16.5000,218822,TWSE_STOCK_DAY
2025-11-04,2059,4195.0000,4250.0000,4335.0000,4180.0000,540626,TWSE_STOCK_DAY
2025-11-04,2103,14.9000,14.9500,15.0500,14.9000,703856,TWSE_STOCK_DAY
2025-11-04,2301,170.0000,180.5000,181.5000,170.0000,34225055,TWSE_STOCK_DAY
2025-11-04,2354,69.0000,70.9000,71.4000,69.0000,10291071,TWSE_STOCK_DAY
2025-11-04,2395,309.0000,315.0000,318.5000,309.0000,2525228,TWSE_STOCK_DAY
2025-11-04,2397,65.5000,67.6000,68.2000,65.4000,417324,TWSE_STOCK_DAY
2025-11-04,2408,131.5000,141.0000,143.0000,131.0000,152507836,TWSE_STOCK_DAY
2025-11-04,2606,54.1000,55.0000,55.2000,53.7000,4180713,TWSE_STOCK_DAY
2025-11-04,2609,55.2000,56.5000,57.0000,55.1000,16261174,TWSE_STOCK_DAY
2025-11-04,2637,62.2000,63.3000,63.8000,61.8000,2873631,TWSE_STOCK_DAY
2025-11-04,2886,40.6500,40.4000,40.7000,40.4000,13291555,TWSE_STOCK_DAY
2025-11-04,3006,87.8000,90.6000,91.4000,87.8000,12243290,TWSE_STOCK_DAY
2025-11-04,3044,342.5000,348.0000,352.5000,342.0000,4479637,TWSE_STOCK_DAY
2025-11-04,6672,89.1000,93.6000,93.6000,89.1000,1047861,TWSE_STOCK_DAY
2025-11-04,TAIEX,28116.5600,28364.7600,28554.6100,28033.6200,0,TWSE_TAIEX_INDEX
2025-11-05,0050,63.1500,62.9500,63.1500,62.3000,229413552,TWSE_STOCK_DAY
2025-11-05,1590,970.0000,938.0000,973.0000,922.0000,1787358,TWSE_STOCK_DAY
2025-11-05,1709,16.4000,16.3500,16.4500,16.2500,213097,TWSE_STOCK_DAY
2025-11-05,2059,4205.0000,3960.0000,4220.0000,3960.0000,688170,TWSE_STOCK_DAY
2025-11-05,2103,14.8000,14.9000,14.9000,14.6000,670319,TWSE_STOCK_DAY
2025-11-05,2301,169.0000,165.0000,169.5000,164.0000,20471360,TWSE_STOCK_DAY
2025-11-05,2354,68.4000,67.4000,68.5000,66.6000,11695072,TWSE_STOCK_DAY
2025-11-05,2395,308.0000,305.0000,309.5000,302.5000,2047897,TWSE_STOCK_DAY
2025-11-05,2397,64.7000,65.0000,65.2000,64.5000,201194,TWSE_STOCK_DAY
2025-11-05,2408,138.0000,122.0000,140.5000,122.0000,244967950,TWSE_STOCK_DAY
2025-11-05,2606,53.9000,54.1000,54.1000,53.0000,2398901,TWSE_STOCK_DAY
2025-11-05,2609,54.5000,54.4000,54.9000,54.1000,16644194,TWSE_STOCK_DAY
2025-11-05,2637,62.8000,62.4000,63.0000,61.0000,3632371,TWSE_STOCK_DAY
2025-11-05,2886,40.8000,40.6000,40.8000,40.0500,15357513,TWSE_STOCK_DAY
2025-11-05,3006,88.7000,83.7000,89.9000,82.2000,14730488,TWSE_STOCK_DAY
2025-11-05,3044,337.5000,337.5000,344.0000,332.5000,3649894,TWSE_STOCK_DAY
2025-11-05,6672,88.6000,88.0000,90.2000,87.2000,502107,TWSE_STOCK_DAY
2025-11-05,TAIEX,27717.0600,27785.9100,27799.0900,27373.0500,0,TWSE_TAIEX_INDEX
2025-11-06,0050,63.3000,63.3500,63.5000,63.1500,68680372,TWSE_STOCK_DAY
2025-11-06,1590,982.0000,988.0000,995.0000,975.0000,701942,TWSE_STOCK_DAY
2025-11-06,1709,16.8500,16.4000,16.8500,16.4000,309006,TWSE_STOCK_DAY
2025-11-06,2059,4310.0000,4210.0000,4400.0000,4190.0000,477676,TWSE_STOCK_DAY
2025-11-06,2103,14.9500,14.8000,15.0000,14.8000,1141540,TWSE_STOCK_DAY
2025-11-06,2301,169.0000,171.0000,172.0000,168.0000,16548291,TWSE_STOCK_DAY
2025-11-06,2354,70.1000,70.1000,70.9000,69.5000,9015081,TWSE_STOCK_DAY
2025-11-06,2395,312.5000,312.0000,315.5000,307.0000,2185439,TWSE_STOCK_DAY
2025-11-06,2397,65.0000,65.3000,65.3000,64.6000,105729,TWSE_STOCK_DAY
2025-11-06,2408,148.0000,142.0000,149.0000,139.0000,276959366,TWSE_STOCK_DAY
2025-11-06,2606,54.4000,54.7000,55.1000,54.1000,2029828,TWSE_STOCK_DAY
2025-11-06,2609,55.0000,54.8000,55.5000,54.5000,12466780,TWSE_STOCK_DAY
2025-11-06,2637,64.1000,64.4000,65.0000,63.2000,4319702,TWSE_STOCK_DAY
2025-11-06,2886,40.4500,41.0000,41.0000,40.3000,22346103,TWSE_STOCK_DAY
2025-11-06,3006,95.6000,90.0000,97.5000,89.5000,41656255,TWSE_STOCK_DAY
2025-11-06,3044,337.0000,343.0000,344.0000,336.0000,2710016,TWSE_STOCK_DAY
2025-11-06,6672,89.5000,89.8000,89.9000,88.3000,362361,TWSE_STOCK_DAY
2025-11-06,TAIEX,27899.4500,27906.4400,28061.5300,27879.7000,0,TWSE_TAIEX_INDEX
2025-11-07,0050,62.5500,62.6500,62.7500,62.4000,111187957,TWSE_STOCK_DAY
2025-11-07,1590,970.0000,979.0000,991.0000,961.0000,434698,TWSE_STOCK_DAY
2025-11-07,1709,16.6500,16.7500,16.7500,16.6000,113590,TWSE_STOCK_DAY
2025-11-07,2059,4080.0000,4210.0000,4285.0000,4075.0000,888255,TWSE_STOCK_DAY
2025-11-07,2103,14.7000,14.9500,14.9500,14.5000,1498330,TWSE_STOCK_DAY
2025-11-07,2301,166.5000,168.0000,169.0000,165.5000,12087601,TWSE_STOCK_DAY
2025-11-07,2354,69.2000,69.9000,70.8000,69.2000,7040720,TWSE_STOCK_DAY
2025-11-07,2395,303.5000,311.5000,314.0000,303.5000,2422735,TWSE_STOCK_DAY
2025-11-07,2397,63.8000,64.6000,64.6000,63.8000,226688,TWSE_STOCK_DAY
2025-11-07,2408,147.0000,148.5000,153.5000,145.0000,233103202,TWSE_STOCK_DAY
2025-11-07,2606,54.3000,54.8000,55.2000,54.2000,1733503,TWSE_STOCK_DAY
2025-11-07,2609,54.3000,54.6000,55.5000,54.3000,10784286,TWSE_STOCK_DAY
2025-11-07,2637,63.1000,64.7000,64.8000,63.0000,3805890,TWSE_STOCK_DAY
2025-11-07,2886,40.3000,40.4000,40.7000,40.3000,12782820,TWSE_STOCK_DAY
2025-11-07,3006,95.0000,94.0000,95.1000,91.4000,20502408,TWSE_STOCK_DAY
2025-11-07,3044,320.0000,334.5000,334.5000,314.5000,5889123,TWSE_STOCK_DAY
2025-11-07,6672,87.3000,89.8000,89.8000,86.2000,510515,TWSE_STOCK_DAY
2025-11-07,TAIEX,27651.4100,27818.5400,27818.5400,27621.4800,0,TWSE_TAIEX_INDEX
2025-11-10,0050,63.3500,62.8000,63.3500,62.6000,83130868,TWSE_STOCK_DAY
2025-11-10,1590,966.0000,960.0000,975.0000,956.0000,305934,TWSE_STOCK_DAY
2025-11-10,1709,16.6500,16.6500,16.8000,16.5500,135181,TWSE_STOCK_DAY
2025-11-10,2059,4180.0000,4145.0000,4280.0000,4115.0000,1044178,TWSE_STOCK_DAY
2025-11-10,2103,14.5500,14.7500,14.7500,14.4500,1173099,TWSE_STOCK_DAY
2025-11-10,2301,169.0000,168.5000,170.5000,167.5000,12470380,TWSE_STOCK_DAY
2025-11-10,2354,69.9000,69.7000,70.0000,69.0000,5440659,TWSE_STOCK_DAY
2025-11-10,2395,300.0000,304.0000,304.5000,300.0000,1449858,TWSE_STOCK_DAY
2025-11-10,2397,62.6000,63.1000,63.4000,62.6000,251013,TWSE_STOCK_DAY
2025-11-10,2408,161.5000,153.0000,161.5000,151.0000,180212057,TWSE_STOCK_DAY
2025-11-10,2606,54.9000,55.5000,55.5000,54.2000,1830395,TWSE_STOCK_DAY
2025-11-10,2609,53.0000,54.0000,54.0000,52.8000,13913956,TWSE_STOCK_DAY
2025-11-10,2637,63.1000,63.5000,63.6000,62.3000,2033153,TWSE_STOCK_DAY
2025-11-10,2886,40.4500,40.6500,40.6500,40.2000,10829901,TWSE_STOCK_DAY
2025-11-10,3006,95.0000,97.2000,97.8000,92.2000,30974797,TWSE_STOCK_DAY
2025-11-10,3044,326.0000,326.0000,331.0000,318.5000,4912665,TWSE_STOCK_DAY
2025-11-10,6672,89.5000,88.3000,89.5000,87.3000,525511,TWSE_STOCK_DAY
2025-11-10,TAIEX,27869.5100,27805.4700,27976.8900,27680.5100,0,TWSE_TAIEX_INDEX
2025-11-11,0050,62.9000,63.6500,63.7000,62.8500,79723934,TWSE_STOCK_DAY
2025-11-11,1590,961.0000,972.0000,972.0000,947.0000,343526,TWSE_STOCK_DAY
2025-11-11,1709,16.7000,16.8000,16.8000,16.6000,132497,TWSE_STOCK_DAY
2025-11-11,2059,4025.0000,4245.0000,4310.0000,4000.0000,1439097,TWSE_STOCK_DAY
2025-11-11,2103,14.5500,14.6500,14.7000,14.4500,1488323,TWSE_STOCK_DAY
2025-11-11,2301,167.5000,171.0000,175.0000,167.5000,16318136,TWSE_STOCK_DAY
2025-11-11,2354,70.7000,70.2000,72.3000,70.2000,12284630,TWSE_STOCK_DAY
2025-11-11,2395,298.0000,302.0000,303.5000,298.0000,1542927,TWSE_STOCK_DAY
2025-11-11,2397,62.4000,62.6000,63.3000,62.3000,217549,TWSE_STOCK_DAY
2025-11-11,2408,164.5000,167.5000,172.5000,164.0000,286107518,TWSE_STOCK_DAY
2025-11-11,2606,53.6000,54.9000,54.9000,53.5000,3999312,TWSE_STOCK_DAY
2025-11-11,2609,52.7000,53.0000,53.2000,52.7000,9724856,TWSE_STOCK_DAY
2025-11-11,2637,62.8000,63.7000,64.3000,62.8000,2433717,TWSE_STOCK_DAY
2025-11-11,2886,40.2500,40.3000,40.4500,40.2000,10333905,TWSE_STOCK_DAY
2025-11-11,3006,94.7000,95.3000,99.4000,93.7000,30482618,TWSE_STOCK_DAY
2025-11-11,3044,315.0000,329.0000,331.5000,315.0000,7067417,TWSE_STOCK_DAY
2025-11-11,6672,90.6000,90.3000,91.4000,90.2000,448719,TWSE_STOCK_DAY
2025-11-11,TAIEX,27784.9500,28031.5400,28187.7000,27784.9500,0,TWSE_TAIEX_INDEX
2025-11-12,0050,63.2000,62.9500,63.3000,62.7500,62620173,TWSE_STOCK_DAY
2025-11-12,1590,977.0000,970.0000,994.0000,966.0000,1007036,TWSE_STOCK_DAY
2025-11-12,1709,16.8500,16.7000,16.9000,16.6500,302305,TWSE_STOCK_DAY
2025-11-12,2059,3855.0000,3955.0000,4205.0000,3815.0000,2149770,TWSE_STOCK_DAY
2025-11-12,2103,14.7000,14.5000,14.8000,14.5000,1976292,TWSE_STOCK_DAY
2025-11-12,2301,166.5000,168.0000,169.0000,166.5000,10572395,TWSE_STOCK_DAY
2025-11-12,2354,70.9000,71.0000,72.2000,70.4000,9573695,TWSE_STOCK_DAY
2025-11-12,2395,298.0000,300.5000,301.5000,298.0000,1765729,TWSE_STOCK_DAY
2025-11-12,2397,62.9000,62.4000,63.4000,62.4000,190817,TWSE_STOCK_DAY
2025-11-12,2408,163.0000,160.0000,166.5000,158.0000,192259424,TWSE_STOCK_DAY
2025-11-12,2606,54.5000,54.0000,55.5000,54.0000,4010203,TWSE_STOCK_DAY
2025-11-12,2609,54.1000,53.9000,54.9000,53.6000,18250157,TWSE_STOCK_DAY
2025-11-12,2637,63.2000,63.5000,64.5000,63.2000,2973541,TWSE_STOCK_DAY
2025-11-12,2886,40.2000,40.5000,40.6500,40.2000,16949901,TWSE_STOCK_DAY
2025-11-12,3006,98.2000,93.7000,99.2000,93.4000,27936683,TWSE_STOCK_DAY
2025-11-12,3044,317.0000,317.0000,322.0000,314.5000,3512501,TWSE_STOCK_DAY
2025-11-12,6672,92.7000,90.7000,94.3000,90.7000,1070150,TWSE_STOCK_DAY
2025-11-12,TAIEX,27947.0900,27853.4700,28071.7600,27799.9200,0,TWSE_TAIEX_INDEX
2025-11-13,0050,62.9000,62.8000,62.9500,62.6000,80483242,TWSE_STOCK_DAY
2025-11-13,1590,965.0000,967.0000,967.0000,954.0000,681955,TWSE_STOCK_DAY
2025-11-13,1709,16.8500,16.8500,16.9500,16.7500,317400,TWSE_STOCK_DAY
2025-11-13,2059,3775.0000,3835.0000,3875.0000,3750.0000,1268002,TWSE_STOCK_DAY
2025-11-13,2103,14.7500,14.7000,14.9500,14.6500,1901446,TWSE_STOCK_DAY
2025-11-13,2301,164.5000,167.0000,168.0000,164.0000,18316036,TWSE_STOCK_DAY
2025-11-13,2354,68.7000,70.9000,71.1000,68.4000,24944797,TWSE_STOCK_DAY
2025-11-13,2395,295.0000,296.0000,296.5000,291.0000,2388498,TWSE_STOCK_DAY
2025-11-13,2397,62.1000,62.6000,62.7000,61.7000,211466,TWSE_STOCK_DAY
2025-11-13,2408,163.5000,164.5000,178.5000,156.5000,363056591,TWSE_STOCK_DAY
2025-11-13,2606,53.7000,54.0000,54.6000,53.6000,4490451,TWSE_STOCK_DAY
2025-11-13,2609,54.2000,54.1000,54.6000,53.9000,12321285,TWSE_STOCK_DAY
2025-11-13,2637,62.8000,63.3000,63.6000,62.8000,2688521,TWSE_STOCK_DAY
2025-11-13,2886,40.0000,40.2000,40.2500,40.0000,15089668,TWSE_STOCK_DAY
2025-11-13,3006,95.3000,99.1000,102.5000,94.0000,40030359,TWSE_STOCK_DAY
2025-11-13,3044,318.0000,318.5000,321.0000,315.5000,3187085,TWSE_STOCK_DAY
2025-11-13,6672,92.5000,92.8000,93.4000,90.8000,694535,TWSE_STOCK_DAY
2025-11-13,TAIEX,27903.5600,27867.5900,28038.2400,27811.8100,0,TWSE_TAIEX_INDEX
2025-11-14,0050,61.7000,61.6500,61.9000,61.4000,223192943,TWSE_STOCK_DAY
2025-11-14,1590,956.0000,965.0000,977.0000,956.0000,531300,TWSE_STOCK_DAY
2025-11-14,1709,16.8500,16.8000,17.0000,16.7500,295928,TWSE_STOCK_DAY
2025-11-14,2059,3715.0000,3700.0000,3790.0000,3630.0000,1495527,TWSE_STOCK_DAY
2025-11-14,2103,14.8500,14.7500,15.1000,14.7500,2896615,TWSE_STOCK_DAY
2025-11-14,2301,162.5000,160.5000,164.0000,159.5000,20868953,TWSE_STOCK_DAY
2025-11-14,2354,66.8000,67.5000,68.1000,66.8000,13501638,TWSE_STOCK_DAY
2025-11-14,2395,290.5000,291.0000,295.0000,289.0000,2110757,TWSE_STOCK_DAY
2025-11-14,2397,60.8000,60.9000,62.0000,60.8000,214758,TWSE_STOCK_DAY
2025-11-14,2408,158.5000,156.0000,162.0000,150.5000,219349095,TWSE_STOCK_DAY
2025-11-14,2606,53.7000,54.1000,56.5000,53.6000,9948109,TWSE_STOCK_DAY
2025-11-14,2609,53.7000,53.8000,55.4000,53.6000,16739322,TWSE_STOCK_DAY
2025-11-14,2637,62.3000,62.8000,65.3000,62.3000,8163171,TWSE_STOCK_DAY
2025-11-14,2886,39.9000,39.9500,40.2000,39.7000,13088916,TWSE_STOCK_DAY
2025-11-14,3006,93.4000,93.0000,94.7000,90.4000,12425736,TWSE_STOCK_DAY
2025-11-14,3044,311.5000,315.0000,317.0000,311.5000,3244158,TWSE_STOCK_DAY
2025-11-14,6672,88.7000,90.8000,91.8000,88.2000,795359,TWSE_STOCK_DAY
2025-11-14,TAIEX,27397.5000,27816.4500,27816.4500,27383.3400,0,TWSE_TAIEX_INDEX
2025-11-17,0050,61.9000,62.0000,62.2000,61.8000,91925734,TWSE_STOCK_DAY
2025-11-17,1590,954.0000,957.0000,972.0000,948.0000,505488,TWSE_STOCK_DAY
2025-11-17,1709,16.7500,16.9000,17.0000,16.6500,267888,TWSE_STOCK_DAY
2025-11-17,2059,3715.0000,3800.0000,3835.0000,3700.0000,874247,TWSE_STOCK_DAY
2025-11-17,2103,14.5500,14.9000,14.9000,14.4500,3688940,TWSE_STOCK_DAY
2025-11-17,2301,162.5000,163.0000,165.0000,161.5000,17878211,TWSE_STOCK_DAY
2025-11-17,2354,66.4000,67.3000,67.4000,66.1000,7109336,TWSE_STOCK_DAY
2025-11-17,2395,293.0000,292.5000,296.0000,290.5000,2403329,TWSE_STOCK_DAY
2025-11-17,2397,60.8000,60.7000,61.7000,60.3000,102756,TWSE_STOCK_DAY
2025-11-17,2408,166.5000,170.0000,172.5000,164.0000,188655297,TWSE_STOCK_DAY
2025-11-17,2606,54.7000,54.0000,55.2000,53.2000,4822053,TWSE_STOCK_DAY
2025-11-17,2609,53.1000,53.6000,53.6000,52.9000,12055158,TWSE_STOCK_DAY
2025-11-17,2637,63.2000,62.4000,64.3000,61.5000,3923292,TWSE_STOCK_DAY
2025-11-17,2886,39.5500,39.9000,40.0000,39.4000,20996010,TWSE_STOCK_DAY
2025-11-17,3006,91.8000,94.5000,97.1000,91.1000,17879387,TWSE_STOCK_DAY
2025-11-17,3044,304.5000,311.5000,316.5000,304.0000,3175690,TWSE_STOCK_DAY
2025-11-17,6672,90.2000,88.7000,92.2000,88.2000,651489,TWSE_STOCK_DAY
2025-11-17,TAIEX,27447.3100,27600.7400,27723.7700,27447.3100,0,TWSE_TAIEX_INDEX
2025-11-18,0050,60.4500,61.3000,61.3000,60.3000,264956405,TWSE_STOCK_DAY
2025-11-18,1590,910.0000,940.0000,944.0000,910.0000,2563847,TWSE_STOCK_DAY
2025-11-18,1709,16.6000,16.7500,16.8000,16.5000,231548,TWSE_STOCK_DAY
2025-11-18,2059,3550.0000,3665.0000,3675.0000,3545.0000,1124991,TWSE_STOCK_DAY
2025-11-18,2103,14.1000,14.4000,14.4500,14.0500,4132650,TWSE_STOCK_DAY
2025-11-18,2301,154.5000,160.0000,160.0000,152.5000,49387854,TWSE_STOCK_DAY
2025-11-18,2354,64.4000,65.7000,66.3000,64.3000,11441945,TWSE_STOCK_DAY
2025-11-18,2395,281.0000,289.0000,290.5000,281.0000,3180588,TWSE_STOCK_DAY
2025-11-18,2397,59.6000,61.1000,61.1000,59.5000,189380,TWSE_STOCK_DAY
2025-11-18,2408,160.5000,165.0000,168.0000,156.0000,192854043,TWSE_STOCK_DAY
2025-11-18,2606,54.6000,55.1000,55.7000,54.4000,4646540,TWSE_STOCK_DAY
2025-11-18,2609,51.6000,52.9000,53.9000,51.6000,26182783,TWSE_STOCK_DAY
2025-11-18,2637,63.6000,63.5000,64.8000,63.1000,5029256,TWSE_STOCK_DAY
2025-11-18,2886,39.4000,39.3000,39.7000,39.2500,23573235,TWSE_STOCK_DAY
2025-11-18,3006,88.2000,90.8000,92.3000,87.9000,11242346,TWSE_STOCK_DAY
2025-11-18,3044,293.5000,301.0000,303.5000,293.5000,4322673,TWSE_STOCK_DAY
2025-11-18,6672,86.7000,90.6000,91.5000,86.7000,979967,TWSE_STOCK_DAY
2025-11-18,TAIEX,26756.1200,27310.4000,27310.4000,26756.1200,0,TWSE_TAIEX_INDEX
2025-11-19,0050,60.0500,60.1500,60.5000,59.9000,151383859,TWSE_STOCK_DAY
2025-11-19,1590,894.0000,912.0000,915.0000,890.0000,644980,TWSE_STOCK_DAY
2025-11-19,1709,16.6000,16.7500,16.7500,16.5000,226448,TWSE_STOCK_DAY
2025-11-19,2059,3575.0000,3605.0000,3705.0000,3540.0000,921773,TWSE_STOCK_DAY
2025-11-19,2103,13.8000,14.2000,14.2000,13.7500,4122263,TWSE_STOCK_DAY
2025-11-19,2301,153.5000,154.5000,156.5000,150.0000,32964363,TWSE_STOCK_DAY
2025-11-19,2354,64.2000,64.5000,65.2000,63.5000,5724642,TWSE_STOCK_DAY
2025-11-19,2395,276.5000,283.0000,284.0000,276.0000,2998392,TWSE_STOCK_DAY
2025-11-19,2397,60.3000,60.0000,60.3000,59.6000,69308,TWSE_STOCK_DAY
2025-11-19,2408,160.0000,156.5000,162.5000,154.0000,153622899,TWSE_STOCK_DAY
2025-11-19,2606,54.9000,55.5000,56.1000,54.7000,4860873,TWSE_STOCK_DAY
2025-11-19,2609,51.5000,51.9000,53.3000,51.3000,24055142,TWSE_STOCK_DAY
2025-11-19,2637,63.3000,64.3000,65.4000,63.0000,5359696,TWSE_STOCK_DAY
2025-11-19,2886,38.9500,39.8000,39.8000,38.9500,25065584,TWSE_STOCK_DAY
2025-11-19,3006,85.6000,87.3000,88.2000,85.5000,8575637,TWSE_STOCK_DAY
2025-11-19,3044,294.5000,298.0000,300.5000,293.0000,3853462,TWSE_STOCK_DAY
2025-11-19,6672,84.5000,86.9000,87.7000,83.6000,649570,TWSE_STOCK_DAY
2025-11-19,TAIEX,26580.1200,26708.2800,26902.9700,26580.1200,0,TWSE_TAIEX_INDEX
2025-11-20,0050,61.9000,61.5500,61.9500,61.3500,84027889,TWSE_STOCK_DAY
2025-11-20,1590,902.0000,920.0000,922.0000,897.0000,528155,TWSE_STOCK_DAY
2025-11-20,1709,16.6000,16.6000,16.7500,16.5500,228767,TWSE_STOCK_DAY
2025-11-20,2059,3630.0000,3800.0000,3830.0000,3555.0000,1149383,TWSE_STOCK_DAY
2025-11-20,2103,13.9500,13.9500,14.1500,13.8000,3191007,TWSE_STOCK_DAY
2025-11-20,2301,160.0000,158.0000,160.5000,156.5000,29854124,TWSE_STOCK_DAY
2025-11-20,2354,66.5000,65.8000,66.8000,65.2000,7118832,TWSE_STOCK_DAY
2025-11-20,2395,280.0000,282.0000,283.5000,277.5000,2794245,TWSE_STOCK_DAY
2025-11-20,2397,61.5000,61.3000,61.8000,61.0000,152860,TWSE_STOCK_DAY
2025-11-20,2408,155.5000,169.5000,169.5000,144.5000,405613000,TWSE_STOCK_DAY
2025-11-20,2606,56.9000,55.5000,57.3000,55.5000,8309424,TWSE_STOCK_DAY
2025-11-20,2609,51.6000,51.9000,52.7000,51.6000,17387985,TWSE_STOCK_DAY
2025-11-20,2637,65.2000,64.0000,66.6000,64.0000,9016397,TWSE_STOCK_DAY
2025-11-20,2886,39.6500,39.2000,39.6500,39.0500,16364159,TWSE_STOCK_DAY
2025-11-20,3006,86.8000,89.2000,89.5000,83.0000,11385989,TWSE_STOCK_DAY
2025-11-20,3044,308.0000,305.0000,311.5000,302.0000,4472318,TWSE_STOCK_DAY
2025-11-20,6672,87.7000,86.1000,88.2000,86.1000,391972,TWSE_STOCK_DAY
2025-11-20,TAIEX,27426.3600,27212.9100,27493.6300,27183.0300,0,TWSE_TAIEX_INDEX
2025-11-21,0050,59.8500,60.1000,60.1500,59.5000,327691489,TWSE_STOCK_DAY
2025-11-21,1590,878.0000,894.0000,900.0000,873.0000,735611,TWSE_STOCK_DAY
2025-11-21,1709,16.4000,16.7000,16.7500,16.3500,371361,TWSE_STOCK_DAY
2025-11-21,2059,3525.0000,3470.0000,3610.0000,3470.0000,780598,TWSE_STOCK_DAY
2025-11-21,2103,13.8500,13.9500,14.1000,13.8000,2408194,TWSE_STOCK_DAY
2025-11-21,2301,153.5000,154.5000,155.5000,150.5000,25557881,TWSE_STOCK_DAY
2025-11-21,2354,64.1000,64.9000,65.0000,63.8000,7971019,TWSE_STOCK_DAY
2025-11-21,2395,281.5000,273.5000,287.5000,273.0000,3454103,TWSE_STOCK_DAY
2025-11-21,2397,59.6000,61.0000,61.3000,59.4000,221707,TWSE_STOCK_DAY
2025-11-21,2408,140.0000,141.5000,145.0000,140.0000,134957835,TWSE_STOCK_DAY
2025-11-21,2606,54.9000,56.8000,57.3000,54.7000,6574258,TWSE_STOCK_DAY
2025-11-21,2609,51.0000,51.1000,52.1000,50.8000,26842991,TWSE_STOCK_DAY
2025-11-21,2637,62.6000,65.0000,65.4000,62.3000,7131788,TWSE_STOCK_DAY
2025-11-21,2886,39.5000,39.6500,39.8500,39.1500,20466488,TWSE_STOCK_DAY
2025-11-21,3006,80.1000,83.0000,84.0000,80.0000,10747199,TWSE_STOCK_DAY
2025-11-21,3044,300.5000,302.0000,305.0000,297.5000,3057671,TWSE_STOCK_DAY
2025-11-21,6672,83.3000,86.0000,86.0000,82.7000,602899,TWSE_STOCK_DAY
2025-11-21,TAIEX,26434.9400,26821.9700,26821.9700,26395.9800,0,TWSE_TAIEX_INDEX
2025-11-24,0050,59.5500,60.1000,60.1000,59.4500,162722018,TWSE_STOCK_DAY
2025-11-24,1590,893.0000,892.0000,902.0000,882.0000,1241003,TWSE_STOCK_DAY
2025-11-24,1709,16.5000,16.5500,16.5500,16.3500,218258,TWSE_STOCK_DAY
2025-11-24,2059,3505.0000,3625.0000,3685.0000,3480.0000,1562394,TWSE_STOCK_DAY
2025-11-24,2103,13.6000,13.9000,14.1500,13.6000,19787167,TWSE_STOCK_DAY
2025-11-24,2301,155.0000,157.0000,157.5000,152.5000,34493665,TWSE_STOCK_DAY
2025-11-24,2354,63.0000,64.3000,64.4000,62.7000,8294710,TWSE_STOCK_DAY
2025-11-24,2395,287.0000,283.0000,291.0000,280.0000,5516891,TWSE_STOCK_DAY
2025-11-24,2397,60.6000,59.8000,60.6000,59.8000,60948,TWSE_STOCK_DAY
2025-11-24,2408,143.0000,141.0000,145.5000,138.5000,177387374,TWSE_STOCK_DAY
2025-11-24,2606,56.5000,55.5000,56.5000,55.1000,3454576,TWSE_STOCK_DAY
2025-11-24,2609,52.3000,51.3000,52.5000,50.8000,26829748,TWSE_STOCK_DAY
2025-11-24,2637,64.0000,63.0000,64.4000,62.5000,3580130,TWSE_STOCK_DAY
2025-11-24,2886,40.3500,39.7000,40.3500,39.6000,58531506,TWSE_STOCK_DAY
2025-11-24,3006,80.7000,80.9000,81.7000,79.3000,3942226,TWSE_STOCK_DAY
2025-11-24,3044,305.0000,306.0000,306.5000,300.5000,2333429,TWSE_STOCK_DAY
2025-11-24,6672,85.0000,83.6000,85.5000,83.0000,344430,TWSE_STOCK_DAY
2025-11-24,TAIEX,26504.2400,26596.0300,26764.1300,26482.3300,0,TWSE_TAIEX_INDEX
2025-11-25,0050,60.3500,60.7000,60.7500,60.1000,64411018,TWSE_STOCK_DAY
2025-11-25,1590,901.0000,920.0000,930.0000,897.0000,442269,TWSE_STOCK_DAY
2025-11-25,1709,16.6000,16.5500,16.8000,16.3000,323531,TWSE_STOCK_DAY
2025-11-25,2059,3460.0000,3625.0000,3660.0000,3450.0000,985382,TWSE_STOCK_DAY
2025-11-25,2103,14.5500,13.8000,14.7000,13.8000,6420448,TWSE_STOCK_DAY
2025-11-25,2301,154.5000,158.0000,158.5000,154.0000,22922967,TWSE_STOCK_DAY
2025-11-25,2354,63.1000,63.9000,64.1000,62.8000,6370557,TWSE_STOCK_DAY
2025-11-25,2395,285.0000,287.0000,289.0000,283.0000,2796646,TWSE_STOCK_DAY
2025-11-25,2397,61.7000,61.3000,61.7000,61.1000,81284,TWSE_STOCK_DAY
2025-11-25,2408,143.5000,153.5000,156.0000,142.0000,195798197,TWSE_STOCK_DAY
2025-11-25,2606,59.2000,56.5000,60.5000,56.2000,15944780,TWSE_STOCK_DAY
2025-11-25,2609,51.3000,52.4000,52.5000,51.3000,16206122,TWSE_STOCK_DAY
2025-11-25,2637,65.7000,63.5000,66.8000,63.2000,8688240,TWSE_STOCK_DAY
2025-11-25,2886,39.5500,40.0500,40.1500,39.4500,21955610,TWSE_STOCK_DAY
2025-11-25,3006,81.6000,83.6000,84.0000,81.5000,5214677,TWSE_STOCK_DAY
2025-11-25,3044,307.0000,309.5000,313.0000,307.0000,2447227,TWSE_STOCK_DAY
2025-11-25,6672,87.0000,85.8000,87.7000,85.7000,370921,TWSE_STOCK_DAY
2025-11-25,TAIEX,26912.1700,26995.9000,27118.0200,26793.7100,0,TWSE_TAIEX_INDEX
2025-11-26,0050,61.3500,61.1000,61.5000,61.0000,75793554,TWSE_STOCK_DAY
2025-11-26,1590,895.0000,893.0000,902.0000,888.0000,584303,TWSE_STOCK_DAY
2025-11-26,1709,16.7000,16.6000,16.7500,16.6000,103187,TWSE_STOCK_DAY
2025-11-26,2059,3400.0000,3510.0000,3510.0000,3360.0000,1264894,TWSE_STOCK_DAY
2025-11-26,2103,14.8000,14.7000,15.2000,14.6000,4605969,TWSE_STOCK_DAY
2025-11-26,2301,158.5000,157.0000,161.5000,156.0000,19947221,TWSE_STOCK_DAY
2025-11-26,2354,64.4000,63.7000,64.4000,63.7000,4519955,TWSE_STOCK_DAY
2025-11-26,2395,289.5000,284.0000,289.5000,284.0000,1811615,TWSE_STOCK_DAY
2025-11-26,2397,63.1000,61.8000,63.2000,61.8000,118398,TWSE_STOCK_DAY
2025-11-26,2408,136.5000,142.5000,145.5000,133.0000,165577185,TWSE_STOCK_DAY
2025-11-26,2606,63.1000,62.6000,64.6000,60.4000,23813685,TWSE_STOCK_DAY
2025-11-26,2609,52.5000,51.9000,53.3000,51.7000,25948240,TWSE_STOCK_DAY
2025-11-26,2637,67.7000,68.4000,70.0000,65.7000,16271610,TWSE_STOCK_DAY
2025-11-26,2886,40.3000,40.0000,40.3000,39.9000,17610261,TWSE_STOCK_DAY
2025-11-26,3006,80.1000,81.7000,82.3000,79.5000,4694391,TWSE_STOCK_DAY
2025-11-26,3044,307.5000,311.5000,312.0000,306.0000,2250552,TWSE_STOCK_DAY
2025-11-26,6672,87.3000,87.5000,88.8000,87.1000,445149,TWSE_STOCK_DAY
2025-11-26,TAIEX,27409.5400,27063.1700,27409.5400,27063.1700,0,TWSE_TAIEX_INDEX
2025-11-27,0050,61.9000,61.8000,62.1000,61.6500,53852335,TWSE_STOCK_DAY
2025-11-27,1590,897.0000,895.0000,907.0000,883.0000,805682,TWSE_STOCK_DAY
2025-11-27,1709,16.7500,16.6500,16.8500,16.6000,146038,TWSE_STOCK_DAY
2025-11-27,2059,3605.0000,3450.0000,3650.0000,3420.0000,1633252,TWSE_STOCK_DAY
2025-11-27,2103,15.2500,14.8500,15.3000,14.6000,3109828,TWSE_STOCK_DAY
2025-11-27,2301,158.0000,159.5000,160.0000,158.0000,9840705,TWSE_STOCK_DAY
2025-11-27,2354,64.9000,64.7000,65.1000,64.1000,4383421,TWSE_STOCK_DAY
2025-11-27,2395,288.0000,288.0000,291.5000,286.5000,2129047,TWSE_STOCK_DAY
2025-11-27,2397,62.4000,63.3000,63.5000,62.1000,91754,TWSE_STOCK_DAY
2025-11-27,2408,146.0000,141.5000,146.0000,139.5000,140139975,TWSE_STOCK_DAY
2025-11-27,2606,60.4000,62.8000,62.9000,59.6000,15901075,TWSE_STOCK_DAY
2025-11-27,2609,52.1000,52.5000,52.8000,51.6000,16654887,TWSE_STOCK_DAY
2025-11-27,2637,65.7000,67.7000,67.7000,65.2000,6848597,TWSE_STOCK_DAY
2025-11-27,2886,40.5500,40.1000,40.7000,40.1000,14478422,TWSE_STOCK_DAY
2025-11-27,3006,79.3000,81.7000,82.2000,78.8000,6240300,TWSE_STOCK_DAY
2025-11-27,3044,308.5000,311.5000,315.5000,308.0000,3093532,TWSE_STOCK_DAY
2025-11-27,6672,88.0000,87.6000,88.4000,87.5000,314982,TWSE_STOCK_DAY
2025-11-27,TAIEX,27554.5300,27517.2400,27659.0600,27436.5900,0,TWSE_TAIEX_INDEX
2025-11-28,0050,62.3500,61.9500,62.4000,61.8500,68386478,TWSE_STOCK_DAY
2025-11-28,1590,903.0000,903.0000,913.0000,893.0000,357659,TWSE_STOCK_DAY
2025-11-28,1709,16.7500,16.7000,16.8000,16.6500,80437,TWSE_STOCK_DAY
2025-11-28,2059,3815.0000,3620.0000,3920.0000,3560.0000,1803731,TWSE_STOCK_DAY
2025-11-28,2103,15.5000,15.1000,15.6500,15.1000,2796974,TWSE_STOCK_DAY
2025-11-28,2301,159.0000,160.5000,160.5000,156.5000,9048721,TWSE_STOCK_DAY
2025-11-28,2354,65.2000,65.0000,65.3000,64.1000,3458469,TWSE_STOCK_DAY
2025-11-28,2395,288.0000,287.0000,290.0000,285.0000,1558855,TWSE_STOCK_DAY
2025-11-28,2397,62.2000,62.5000,62.6000,62.2000,64824,TWSE_STOCK_DAY
2025-11-28,2408,146.0000,146.0000,149.5000,142.5000,109499388,TWSE_STOCK_DAY
2025-11-28,2606,61.4000,61.1000,63.3000,60.6000,12451686,TWSE_STOCK_DAY
2025-11-28,2609,52.0000,52.2000,52.4000,51.6000,9595024,TWSE_STOCK_DAY
2025-11-28,2637,65.6000,66.7000,67.7000,65.1000,9885748,TWSE_STOCK_DAY
2025-11-28,2886,40.1000,40.4000,40.5500,40.0500,11253101,TWSE_STOCK_DAY
2025-11-28,3006,78.5000,80.1000,80.4000,78.5000,5627554,TWSE_STOCK_DAY
2025-11-28,3044,306.0000,309.0000,311.0000,305.5000,2094473,TWSE_STOCK_DAY
2025-11-28,6672,89.6000,88.5000,89.6000,88.1000,462892,TWSE_STOCK_DAY
2025-11-28,TAIEX,27626.4800,27566.1200,27796.9000,27566.1200,0,TWSE_TAIEX_INDEX
2025-12-01,0050,61.5000,61.8000,61.9500,61.4000,103003085,TWSE_STOCK_DAY
2025-12-01,1590,875.0000,909.0000,911.0000,874.0000,633925,TWSE_STOCK_DAY
2025-12-01,1709,16.7000,16.7000,16.7500,16.6500,178895,TWSE_STOCK_DAY
2025-12-01,2059,3460.0000,3815.0000,3820.0000,3460.0000,1557328,TWSE_STOCK_DAY
2025-12-01,2103,15.6000,15.5000,15.8000,15.5000,1866840,TWSE_STOCK_DAY
2025-12-01,2301,159.0000,158.5000,162.0000,156.0000,11319678,TWSE_STOCK_DAY
2025-12-01,2354,64.8000,65.1000,65.4000,64.6000,2632561,TWSE_STOCK_DAY
2025-12-01,2395,288.0000,290.5000,295.0000,288.0000,1645970,TWSE_STOCK_DAY
2025-12-01,2397,61.6000,62.0000,62.5000,61.6000,59557,TWSE_STOCK_DAY
2025-12-01,2408,149.5000,147.0000,152.0000,144.0000,97816970,TWSE_STOCK_DAY
2025-12-01,2606,61.9000,62.5000,64.4000,61.7000,16464075,TWSE_STOCK_DAY
2025-12-01,2609,52.4000,51.8000,52.7000,51.8000,9570503,TWSE_STOCK_DAY
2025-12-01,2637,68.9000,66.6000,70.5000,66.3000,15100799,TWSE_STOCK_DAY
2025-12-01,2886,40.3000,39.8000,40.5000,39.8000,15397229,TWSE_STOCK_DAY
2025-12-01,3006,77.0000,78.5000,78.5000,76.5000,5197229,TWSE_STOCK_DAY
2025-12-01,3044,303.5000,306.0000,306.0000,300.5000,2991587,TWSE_STOCK_DAY
2025-12-01,6672,87.2000,89.7000,89.9000,87.2000,390905,TWSE_STOCK_DAY
2025-12-01,TAIEX,27342.5300,27674.1600,27697.0600,27342.5300,0,TWSE_TAIEX_INDEX
2025-12-02,0050,61.7000,61.8000,62.2000,61.6500,43152711,TWSE_STOCK_DAY
2025-12-02,1590,885.0000,881.0000,891.0000,866.0000,483376,TWSE_STOCK_DAY
2025-12-02,1709,16.9000,16.6500,16.9500,16.6500,502847,TWSE_STOCK_DAY
2025-12-02,2059,3365.0000,3515.0000,3560.0000,3345.0000,1456871,TWSE_STOCK_DAY
2025-12-02,2103,15.7000,15.6000,15.8500,15.3000,3227430,TWSE_STOCK_DAY
2025-12-02,2301,160.0000,160.0000,162.0000,159.5000,9729233,TWSE_STOCK_DAY
2025-12-02,2354,65.3000,64.9000,65.8000,64.7000,3161034,TWSE_STOCK_DAY
2025-12-02,2395,287.0000,290.0000,290.0000,285.0000,1330890,TWSE_STOCK_DAY
2025-12-02,2397,61.2000,61.6000,62.1000,61.2000,67054,TWSE_STOCK_DAY
2025-12-02,2408,149.5000,152.5000,152.5000,144.5000,122170507,TWSE_STOCK_DAY
2025-12-02,2606,63.5000,62.2000,65.4000,61.6000,20552211,TWSE_STOCK_DAY
2025-12-02,2609,52.0000,52.2000,52.8000,52.0000,12505765,TWSE_STOCK_DAY
2025-12-02,2637,69.5000,68.6000,72.5000,68.0000,18281955,TWSE_STOCK_DAY
2025-12-02,2886,40.2000,40.1000,40.5500,40.1000,18039547,TWSE_STOCK_DAY
2025-12-02,3006,76.8000,78.1000,78.1000,76.1000,4153334,TWSE_STOCK_DAY
2025-12-02,3044,299.5000,305.0000,311.0000,298.5000,3493314,TWSE_STOCK_DAY
2025-12-02,6672,88.0000,87.6000,89.0000,87.2000,373210,TWSE_STOCK_DAY
2025-12-02,TAIEX,27564.2700,27550.3500,27741.8900,27477.1000,0,TWSE_TAIEX_INDEX
2025-12-03,0050,62.3000,62.4000,62.5000,62.1000,46546830,TWSE_STOCK_DAY
2025-12-03,1590,896.0000,908.0000,912.0000,889.0000,789485,TWSE_STOCK_DAY
2025-12-03,1709,16.9500,16.9500,16.9500,16.8500,213120,TWSE_STOCK_DAY
2025-12-03,2059,3445.0000,3420.0000,3455.0000,3385.0000,674200,TWSE_STOCK_DAY
2025-12-03,2103,15.9000,15.7500,16.0000,15.7000,2104229,TWSE_STOCK_DAY
2025-12-03,2301,160.0000,160.5000,161.5000,159.0000,8281413,TWSE_STOCK_DAY
2025-12-03,2354,66.0000,65.7000,66.6000,65.7000,4294305,TWSE_STOCK_DAY
2025-12-03,2395,287.5000,290.0000,291.0000,287.5000,1175652,TWSE_STOCK_DAY
2025-12-03,2397,61.3000,60.6000,62.0000,60.6000,96273,TWSE_STOCK_DAY
2025-12-03,2408,151.0000,153.0000,158.0000,148.0000,200254754,TWSE_STOCK_DAY
2025-12-03,2606,63.3000,63.7000,64.4000,62.3000,11775071,TWSE_STOCK_DAY
2025-12-03,2609,51.9000,52.2000,52.4000,51.8000,7340873,TWSE_STOCK_DAY
2025-12-03,2637,69.1000,69.4000,70.3000,68.0000,9019319,TWSE_STOCK_DAY
2025-12-03,2886,40.1000,40.2000,40.3500,39.9000,10532830,TWSE_STOCK_DAY
2025-12-03,3006,77.2000,79.0000,79.5000,77.0000,6443096,TWSE_STOCK_DAY
2025-12-03,3044,302.5000,302.0000,304.5000,300.0000,2242762,TWSE_STOCK_DAY
2025-12-03,6672,88.2000,88.5000,91.0000,88.1000,513923,TWSE_STOCK_DAY
2025-12-03,TAIEX,27793.0400,27605.6300,27847.6700,27605.6300,0,TWSE_TAIEX_INDEX
2025-12-04,0050,62.2000,62.4000,62.5000,62.0000,40655322,TWSE_STOCK_DAY
2025-12-04,1590,910.0000,911.0000,924.0000,907.0000,884548,TWSE_STOCK_DAY
2025-12-04,1709,16.9500,16.9500,17.1000,16.8500,246434,TWSE_STOCK_DAY
2025-12-04,2059,3490.0000,3500.0000,3500.0000,3445.0000,399875,TWSE_STOCK_DAY
2025-12-04,2103,15.7500,16.0000,16.0000,15.5500,1923503,TWSE_STOCK_DAY
2025-12-04,2301,162.0000,161.0000,163.5000,160.0000,10303307,TWSE_STOCK_DAY
2025-12-04,2354,66.3000,66.4000,66.9000,66.0000,3235146,TWSE_STOCK_DAY
2025-12-04,2395,290.0000,288.0000,292.0000,288.0000,922138,TWSE_STOCK_DAY
2025-12-04,2397,62.8000,62.2000,62.9000,62.0000,102761,TWSE_STOCK_DAY
2025-12-04,2408,151.0000,151.0000,152.5000,145.5000,135892677,TWSE_STOCK_DAY
2025-12-04,2606,69.6000,69.6000,69.6000,69.6000,14754657,TWSE_STOCK_DAY
2025-12-04,2609,52.5000,52.3000,53.4000,52.3000,18798288,TWSE_STOCK_DAY
2025-12-04,2637,73.6000,73.5000,76.0000,73.1000,40818883,TWSE_STOCK_DAY
2025-12-04,2886,40.5500,40.0500,40.5500,40.0500,17527922,TWSE_STOCK_DAY
2025-12-04,3006,78.9000,77.7000,79.4000,76.7000,6188361,TWSE_STOCK_DAY
2025-12-04,3044,302.5000,305.0000,305.0000,300.5000,1832372,TWSE_STOCK_DAY
2025-12-04,6672,87.1000,88.9000,89.8000,86.8000,344446,TWSE_STOCK_DAY
2025-12-04,TAIEX,27795.7100,27773.4200,27880.2300,27636.6300,0,TWSE_TAIEX_INDEX
2025-12-05,0050,62.7500,62.4500,62.7500,62.3500,47277037,TWSE_STOCK_DAY
2025-12-05,1590,915.0000,915.0000,925.0000,911.0000,801200,TWSE_STOCK_DAY
2025-12-05,1709,16.9500,16.8500,16.9500,16.7500,121553,TWSE_STOCK_DAY
2025-12-05,2059,3460.0000,3520.0000,3570.0000,3450.0000,798639,TWSE_STOCK_DAY
2025-12-05,2103,15.3000,15.6500,15.6500,15.2500,1964252,TWSE_STOCK_DAY
2025-12-05,2301,160.0000,162.5000,164.5000,159.0000,9904010,TWSE_STOCK_DAY
2025-12-05,2354,66.0000,66.5000,66.7000,65.7000,3715354,TWSE_STOCK_DAY
2025-12-05,2395,287.0000,291.0000,291.5000,285.0000,1428638,TWSE_STOCK_DAY
2025-12-05,2397,62.0000,62.7000,63.8000,62.0000,167233,TWSE_STOCK_DAY
2025-12-05,2408,153.0000,150.5000,156.0000,146.5000,141034633,TWSE_STOCK_DAY
2025-12-05,2606,63.2000,66.3000,67.5000,62.9000,49570769,TWSE_STOCK_DAY
2025-12-05,2609,51.7000,52.5000,52.9000,51.6000,14131448,TWSE_STOCK_DAY
2025-12-05,2637,68.1000,70.5000,71.5000,67.5000,20029139,TWSE_STOCK_DAY
2025-12-05,2886,40.8500,40.4000,40.8500,40.4000,5828872,TWSE_STOCK_DAY
2025-12-05,3006,80.0000,79.2000,80.3000,77.6000,5506611,TWSE_STOCK_DAY
2025-12-05,3044,300.5000,301.0000,302.0000,297.5000,1701159,TWSE_STOCK_DAY
2025-12-05,6672,86.8000,87.0000,87.5000,86.4000,217012,TWSE_STOCK_DAY
2025-12-05,TAIEX,27980.8900,27796.4300,27980.8900,27738.5000,0,TWSE_TAIEX_INDEX
2025-12-08,0050,63.7000,63.0000,63.7000,62.9500,78686347,TWSE_STOCK_DAY
2025-12-08,1590,917.0000,911.0000,921.0000,908.0000,563271,TWSE_STOCK_DAY
2025-12-08,1709,16.8000,17.5000,17.5000,16.7000,413316,TWSE_STOCK_DAY
2025-12-08,2059,3535.0000,3530.0000,3600.0000,3425.0000,935445,TWSE_STOCK_DAY
2025-12-08,2103,16.0000,15.4000,16.3500,15.4000,6377902,TWSE_STOCK_DAY
2025-12-08,2301,160.5000,160.0000,161.0000,158.0000,8776830,TWSE_STOCK_DAY
2025-12-08,2354,65.7000,66.0000,66.2000,65.3000,4239646,TWSE_STOCK_DAY
2025-12-08,2395,286.0000,289.0000,289.0000,285.0000,953156,TWSE_STOCK_DAY
2025-12-08,2397,62.5000,62.5000,63.4000,62.1000,103432,TWSE_STOCK_DAY
2025-12-08,2408,163.5000,156.0000,163.5000,156.0000,48697439,TWSE_STOCK_DAY
2025-12-08,2606,61.8000,63.2000,63.2000,61.0000,10164337,TWSE_STOCK_DAY
2025-12-08,2609,51.2000,51.7000,51.7000,50.7000,14893181,TWSE_STOCK_DAY
2025-12-08,2637,67.7000,67.6000,68.2000,66.4000,8502696,TWSE_STOCK_DAY
2025-12-08,2886,40.5500,40.7500,40.7500,40.3500,7270174,TWSE_STOCK_DAY
2025-12-08,3006,82.9000,80.8000,83.5000,80.8000,9110488,TWSE_STOCK_DAY
2025-12-08,3044,301.0000,302.0000,302.0000,296.5000,1582696,TWSE_STOCK_DAY
2025-12-08,6672,88.3000,87.0000,88.4000,87.0000,228607,TWSE_STOCK_DAY
2025-12-08,TAIEX,28303.7800,28034.0000,28303.7800,28026.3900,0,TWSE_TAIEX_INDEX
2025-12-09,0050,63.6000,63.8000,63.8500,63.5500,50671148,TWSE_STOCK_DAY
2025-12-09,1590,921.0000,922.0000,929.0000,917.0000,355771,TWSE_STOCK_DAY
2025-12-09,1709,16.7000,16.8000,16.8500,16.6500,205659,TWSE_STOCK_DAY
2025-12-09,2059,3500.0000,3610.0000,3675.0000,3500.0000,837835,TWSE_STOCK_DAY
2025-12-09,2103,16.5500,16.2000,16.6500,16.0000,5421193,TWSE_STOCK_DAY
2025-12-09,2301,159.0000,160.0000,161.5000,159.0000,6333966,TWSE_STOCK_DAY
2025-12-09,2354,65.2000,65.6000,66.0000,65.2000,3368528,TWSE_STOCK_DAY
2025-12-09,2395,284.5000,289.0000,290.0000,282.0000,1476870,TWSE_STOCK_DAY
2025-12-09,2397,61.5000,62.4000,62.5000,61.3000,94761,TWSE_STOCK_DAY
2025-12-09,2408,162.0000,165.0000,165.0000,159.0000,27319281,TWSE_STOCK_DAY
2025-12-09,2606,63.0000,62.2000,63.2000,60.8000,7352814,TWSE_STOCK_DAY
2025-12-09,2609,50.4000,50.9000,50.9000,50.3000,20279311,TWSE_STOCK_DAY
2025-12-09,2637,69.2000,67.4000,69.2000,66.8000,4957466,TWSE_STOCK_DAY
2025-12-09,2886,40.7000,40.2500,40.7000,40.2500,10612282,TWSE_STOCK_DAY
2025-12-09,3006,82.3000,83.0000,83.5000,81.1000,6150435,TWSE_STOCK_DAY
2025-12-09,3044,300.0000,300.0000,305.0000,299.0000,1742639,TWSE_STOCK_DAY
2025-12-09,6672,88.0000,88.5000,88.8000,87.2000,223385,TWSE_STOCK_DAY
2025-12-09,TAIEX,28182.6000,28364.0400,28390.2400,28157.2700,0,TWSE_TAIEX_INDEX
2025-12-10,0050,64.0500,63.7000,64.2000,63.6500,66717948,TWSE_STOCK_DAY
2025-12-10,1590,904.0000,912.0000,923.0000,904.0000,414651,TWSE_STOCK_DAY
2025-12-10,1709,16.6500,16.7500,16.7500,16.6000,151175,TWSE_STOCK_DAY
2025-12-10,2059,3615.0000,3550.0000,3615.0000,3460.0000,663637,TWSE_STOCK_DAY
2025-12-10,2103,15.8000,16.4000,16.4500,15.7000,3890967,TWSE_STOCK_DAY
2025-12-10,2301,159.5000,160.5000,161.0000,158.0000,8047863,TWSE_STOCK_DAY
2025-12-10,2354,64.7000,65.3000,65.6000,64.6000,3183849,TWSE_STOCK_DAY
2025-12-10,2395,282.5000,282.0000,284.0000,280.5000,1742856,TWSE_STOCK_DAY
2025-12-10,2397,61.5000,61.3000,62.4000,61.3000,71734,TWSE_STOCK_DAY
2025-12-10,2408,156.0000,162.0000,162.5000,155.0000,26800283,TWSE_STOCK_DAY
2025-12-10,2606,60.8000,61.7000,61.7000,60.3000,8913170,TWSE_STOCK_DAY
2025-12-10,2609,50.6000,50.4000,50.8000,50.2000,12500050,TWSE_STOCK_DAY
2025-12-10,2637,66.4000,68.4000,68.4000,66.2000,6047442,TWSE_STOCK_DAY
2025-12-10,2886,40.6500,40.7000,40.8000,40.5000,6339751,TWSE_STOCK_DAY
2025-12-10,3006,81.9000,82.5000,83.9000,81.2000,5596972,TWSE_STOCK_DAY
2025-12-10,3044,312.5000,303.0000,314.5000,301.0000,3681016,TWSE_STOCK_DAY
2025-12-10,6672,91.4000,88.3000,92.7000,88.3000,1606743,TWSE_STOCK_DAY
2025-12-10,TAIEX,28400.7300,28190.7600,28417.0900,28190.7600,0,TWSE_TAIEX_INDEX
2025-12-11,0050,63.3500,64.3000,64.5000,63.2000,101197570,TWSE_STOCK_DAY
2025-12-11,1590,917.0000,908.0000,925.0000,905.0000,659672,TWSE_STOCK_DAY
2025-12-11,1709,16.7000,16.6000,16.7500,16.5500,377645,TWSE_STOCK_DAY
2025-12-11,2059,3825.0000,3660.0000,3860.0000,3660.0000,1624116,TWSE_STOCK_DAY
2025-12-11,2103,16.0000,15.8500,16.0500,15.7000,1465996,TWSE_STOCK_DAY
2025-12-11,2301,153.5000,159.0000,161.0000,153.5000,15257305,TWSE_STOCK_DAY
2025-12-11,2354,63.6000,65.0000,65.2000,63.0000,5845041,TWSE_STOCK_DAY
2025-12-11,2395,281.5000,284.5000,285.0000,281.5000,1447975,TWSE_STOCK_DAY
2025-12-11,2397,60.7000,61.7000,61.7000,60.7000,85268,TWSE_STOCK_DAY
2025-12-11,2408,156.0000,160.0000,160.0000,156.0000,15169179,TWSE_STOCK_DAY
2025-12-11,2606,61.2000,60.3000,62.0000,59.9000,10524528,TWSE_STOCK_DAY
2025-12-11,2609,50.7000,50.4000,50.8000,50.3000,11897287,TWSE_STOCK_DAY
2025-12-11,2637,66.7000,66.2000,67.6000,65.9000,5659523,TWSE_STOCK_DAY
2025-12-11,2886,40.9000,40.8000,40.9000,40.4500,10538858,TWSE_STOCK_DAY
2025-12-11,3006,81.1000,82.8000,83.3000,80.5000,4279825,TWSE_STOCK_DAY
2025-12-11,3044,305.5000,314.5000,314.5000,305.5000,2920963,TWSE_STOCK_DAY
2025-12-11,6672,89.0000,92.4000,92.4000,88.7000,798585,TWSE_STOCK_DAY
2025-12-11,TAIEX,28024.7500,28385.2300,28568.0200,27984.1900,0,TWSE_TAIEX_INDEX
2025-12-12,0050,63.4500,63.5500,63.8000,63.3000,60240146,TWSE_STOCK_DAY
2025-12-12,1590,973.0000,925.0000,980.0000,925.0000,1306442,TWSE_STOCK_DAY
2025-12-12,1709,16.7500,16.8500,16.8500,16.6500,175037,TWSE_STOCK_DAY
2025-12-12,2059,3740.0000,3815.0000,3930.0000,3705.0000,1057586,TWSE_STOCK_DAY
2025-12-12,2103,16.0000,16.1000,16.1500,15.7000,2456541,TWSE_STOCK_DAY
2025-12-12,2301,153.5000,154.5000,155.5000,152.5000,9256813,TWSE_STOCK_DAY
2025-12-12,2354,63.7000,63.9000,64.4000,63.7000,3537033,TWSE_STOCK_DAY
2025-12-12,2395,280.0000,284.0000,284.0000,279.0000,1627436,TWSE_STOCK_DAY
2025-12-12,2397,61.5000,61.0000,62.4000,60.7000,77880,TWSE_STOCK_DAY
2025-12-12,2408,162.0000,158.0000,162.0000,158.0000,26669665,TWSE_STOCK_DAY
2025-12-12,2606,59.1000,60.4000,60.4000,58.8000,12535489,TWSE_STOCK_DAY
2025-12-12,2609,50.8000,50.9000,51.3000,50.8000,10308788,TWSE_STOCK_DAY
2025-12-12,2637,64.8000,66.4000,66.5000,64.6000,6798521,TWSE_STOCK_DAY
2025-12-12,2886,41.1500,40.9500,41.4500,40.8500,16862690,TWSE_STOCK_DAY
2025-12-12,3006,82.6000,81.5000,83.9000,81.5000,4676234,TWSE_STOCK_DAY
2025-12-12,3044,309.0000,308.5000,310.0000,305.0000,1567038,TWSE_STOCK_DAY
2025-12-12,6672,87.4000,89.9000,89.9000,86.7000,577705,TWSE_STOCK_DAY
2025-12-12,TAIEX,28198.0200,28097.5400,28272.0600,28071.3400,0,TWSE_TAIEX_INDEX
2025-12-15,0050,62.8000,62.5000,62.8500,62.4000,114939409,TWSE_STOCK_DAY
2025-12-15,1590,968.0000,955.0000,970.0000,954.0000,433276,TWSE_STOCK_DAY
2025-12-15,1709,16.7500,16.7500,16.8000,16.6500,139139,TWSE_STOCK_DAY
2025-12-15,2059,3625.0000,3615.0000,3655.0000,3565.0000,567990,TWSE_STOCK_DAY
2025-12-15,2103,16.0000,15.9500,16.2000,15.7500,1227667,TWSE_STOCK_DAY
2025-12-15,2301,151.5000,148.5000,153.0000,148.0000,7536112,TWSE_STOCK_DAY
2025-12-15,2354,62.4000,62.5000,63.0000,62.3000,5461753,TWSE_STOCK_DAY
2025-12-15,2395,276.5000,275.5000,279.5000,272.5000,1703415,TWSE_STOCK_DAY
2025-12-15,2397,62.0000,61.5000,62.2000,61.0000,100407,TWSE_STOCK_DAY
2025-12-15,2408,162.5000,157.0000,163.0000,156.0000,17448943,TWSE_STOCK_DAY
2025-12-15,2606,61.2000,60.2000,62.4000,59.8000,14043948,TWSE_STOCK_DAY
2025-12-15,2609,51.3000,51.2000,51.6000,50.9000,13130432,TWSE_STOCK_DAY
2025-12-15,2637,65.8000,65.5000,66.4000,64.6000,4223635,TWSE_STOCK_DAY
2025-12-15,2886,41.4500,41.1000,41.7000,40.8500,17169479,TWSE_STOCK_DAY
2025-12-15,3006,81.5000,81.0000,81.5000,79.2000,2803044,TWSE_STOCK_DAY
2025-12-15,3044,301.0000,305.5000,310.0000,301.0000,2360417,TWSE_STOCK_DAY
2025-12-15,6672,90.5000,86.5000,91.0000,86.5000,790738,TWSE_STOCK_DAY
2025-12-15,TAIEX,27866.9400,28119.7900,28119.7900,27684.8700,0,TWSE_TAIEX_INDEX
2025-12-16,0050,62.2500,62.1000,62.2500,61.7000,169375708,TWSE_STOCK_DAY
2025-12-16,1590,940.0000,949.0000,952.0000,933.0000,700669,TWSE_STOCK_DAY
2025-12-16,1709,16.7500,16.6500,16.7500,16.6000,189431,TWSE_STOCK_DAY
2025-12-16,2059,3590.0000,3625.0000,3640.0000,3535.0000,509915,TWSE_STOCK_DAY
2025-12-16,2103,16.0500,15.7500,16.1000,15.6500,2344292,TWSE_STOCK_DAY
2025-12-16,2301,151.5000,151.0000,152.5000,150.5000,11195558,TWSE_STOCK_DAY
2025-12-16,2354,61.2000,61.9000,62.0000,60.2000,9398864,TWSE_STOCK_DAY
2025-12-16,2395,274.0000,275.0000,278.5000,272.0000,2555623,TWSE_STOCK_DAY
2025-12-16,2397,60.8000,61.7000,61.7000,59.7000,287816,TWSE_STOCK_DAY
2025-12-16,2408,158.0000,160.0000,161.0000,154.5000,25043527,TWSE_STOCK_DAY
2025-12-16,2606,61.7000,61.5000,61.9000,60.1000,11740595,TWSE_STOCK_DAY
2025-12-16,2609,51.5000,51.5000,51.8000,50.9000,11543728,TWSE_STOCK_DAY
2025-12-16,2637,66.0000,65.6000,66.2000,63.7000,6961148,TWSE_STOCK_DAY
2025-12-16,2886,40.3500,40.4000,40.9500,40.2000,37571748,TWSE_STOCK_DAY
2025-12-16,3006,78.3000,80.8000,80.8000,77.4000,4309694,TWSE_STOCK_DAY
2025-12-16,3044,299.0000,299.0000,301.0000,295.0000,3432176,TWSE_STOCK_DAY
2025-12-16,6672,89.7000,90.6000,90.6000,87.7000,499593,TWSE_STOCK_DAY
2025-12-16,TAIEX,27536.6600,27721.1000,27740.6600,27355.6700,0,TWSE_TAIEX_INDEX
2025-12-17,0050,61.9000,62.1500,62.4500,61.8500,98504980,TWSE_STOCK_DAY
2025-12-17,1590,928.0000,949.0000,953.0000,927.0000,516749,TWSE_STOCK_DAY
2025-12-17,1709,16.7000,16.8000,16.8000,16.7000,164904,TWSE_STOCK_DAY
2025-12-17,2059,3545.0000,3640.0000,3675.0000,3535.0000,424748,TWSE_STOCK_DAY
2025-12-17,2103,15.7000,16.0000,16.0500,15.5500,2348797,TWSE_STOCK_DAY
2025-12-17,2301,154.5000,152.5000,156.0000,152.0000,9846989,TWSE_STOCK_DAY
2025-12-17,2354,60.9000,61.4000,62.0000,60.7000,5115183,TWSE_STOCK_DAY
2025-12-17,2395,273.5000,274.0000,276.5000,273.5000,1883651,TWSE_STOCK_DAY
2025-12-17,2397,61.2000,60.9000,61.7000,60.9000,185631,TWSE_STOCK_DAY
2025-12-17,2408,164.5000,160.5000,164.5000,158.5000,30151093,TWSE_STOCK_DAY
2025-12-17,2606,63.0000,62.3000,64.2000,61.6000,14699705,TWSE_STOCK_DAY
2025-12-17,2609,51.6000,51.5000,52.0000,51.3000,16644708,TWSE_STOCK_DAY
2025-12-17,2637,68.3000,66.0000,68.4000,66.0000,8510145,TWSE_STOCK_DAY
2025-12-17,2886,40.3500,40.5500,41.0000,40.3000,32692086,TWSE_STOCK_DAY
2025-12-17,3006,81.7000,78.6000,82.8000,78.6000,5211629,TWSE_STOCK_DAY
2025-12-17,3044,304.5000,303.0000,309.0000,301.5000,5271661,TWSE_STOCK_DAY
2025-12-17,6672,89.5000,89.8000,91.5000,89.5000,484433,TWSE_STOCK_DAY
2025-12-17,TAIEX,27525.1700,27596.1800,27780.6900,27469.6000,0,TWSE_TAIEX_INDEX
2025-12-18,0050,61.9000,61.8000,62.1000,61.5500,117973409,TWSE_STOCK_DAY
2025-12-18,1590,905.0000,922.0000,923.0000,901.0000,578679,TWSE_STOCK_DAY
2025-12-18,1709,16.7500,16.7000,16.7500,16.7000,104010,TWSE_STOCK_DAY
2025-12-18,2059,3520.0000,3545.0000,3565.0000,3460.0000,473208,TWSE_STOCK_DAY
2025-12-18,2103,15.6500,15.7000,15.7000,15.5000,666942,TWSE_STOCK_DAY
2025-12-18,2301,155.0000,153.5000,156.0000,153.0000,8851255,TWSE_STOCK_DAY
2025-12-18,2354,60.9000,60.9000,61.3000,60.6000,2544794,TWSE_STOCK_DAY
2025-12-18,2395,275.0000,272.0000,276.0000,271.0000,1371990,TWSE_STOCK_DAY
2025-12-18,2397,61.1000,61.2000,61.3000,60.3000,91871,TWSE_STOCK_DAY
2025-12-18,2408,170.0000,164.5000,171.0000,164.5000,40687506,TWSE_STOCK_DAY
2025-12-18,2606,60.9000,62.5000,62.5000,60.3000,12970278,TWSE_STOCK_DAY
2025-12-18,2609,50.7000,51.4000,51.4000,50.6000,12566133,TWSE_STOCK_DAY
2025-12-18,2637,67.2000,68.0000,68.3000,66.2000,5822102,TWSE_STOCK_DAY
2025-12-18,2886,40.4000,40.3500,40.8000,40.2000,35983359,TWSE_STOCK_DAY
2025-12-18,3006,81.5000,82.8000,83.8000,81.4000,6024495,TWSE_STOCK_DAY
2025-12-18,3044,299.5000,306.5000,308.5000,298.0000,3979509,TWSE_STOCK_DAY
2025-12-18,6672,88.0000,90.6000,90.6000,87.8000,294808,TWSE_STOCK_DAY
2025-12-18,TAIEX,27468.5300,27447.4500,27569.4400,27350.7700,0,TWSE_TAIEX_INDEX
2025-12-19,0050,62.5000,62.4000,62.7500,62.3500,81027467,TWSE_STOCK_DAY
2025-12-19,1590,922.0000,913.0000,929.0000,913.0000,741165,TWSE_STOCK_DAY
2025-12-19,1709,16.7500,16.7500,16.8000,16.7000,179864,TWSE_STOCK_DAY
2025-12-19,2059,3660.0000,3575.0000,3685.0000,3575.0000,680541,TWSE_STOCK_DAY
2025-12-19,2103,15.7500,15.5500,15.8000,15.5500,510563,TWSE_STOCK_DAY
2025-12-19,2301,159.5000,157.0000,161.0000,156.0000,17954983,TWSE_STOCK_DAY
2025-12-19,2354,61.3000,61.5000,61.7000,61.1000,4672830,TWSE_STOCK_DAY
2025-12-19,2395,282.5000,274.5000,282.5000,274.5000,3178278,TWSE_STOCK_DAY
2025-12-19,2397,61.7000,61.1000,62.1000,61.1000,85318,TWSE_STOCK_DAY
2025-12-19,2408,174.5000,177.0000,177.0000,170.0000,38432181,TWSE_STOCK_DAY
2025-12-19,2606,61.4000,60.9000,61.4000,60.0000,7039707,TWSE_STOCK_DAY
2025-12-19,2609,52.3000,50.8000,52.3000,50.8000,48376276,TWSE_STOCK_DAY
2025-12-19,2637,67.6000,67.1000,67.6000,66.1000,2715743,TWSE_STOCK_DAY
2025-12-19,2886,40.6000,40.2500,41.0500,40.2500,37442480,TWSE_STOCK_DAY
2025-12-19,3006,80.6000,83.4000,84.5000,80.6000,4616607,TWSE_STOCK_DAY
2025-12-19,3044,303.0000,303.0000,307.0000,301.5000,3056253,TWSE_STOCK_DAY
2025-12-19,6672,90.7000,88.5000,92.6000,88.5000,1018764,TWSE_STOCK_DAY
2025-12-19,TAIEX,27696.3500,27685.7400,27869.7800,27672.0500,0,TWSE_TAIEX_INDEX
2025-12-22,0050,63.4000,63.3000,63.4500,63.0500,93882538,TWSE_STOCK_DAY
2025-12-22,1590,941.0000,922.0000,945.0000,922.0000,307510,TWSE_STOCK_DAY
2025-12-22,1709,16.7000,16.8000,16.8500,16.7000,132110,TWSE_STOCK_DAY
2025-12-22,2059,3730.0000,3740.0000,3740.0000,3680.0000,347680,TWSE_STOCK_DAY
2025-12-22,2103,15.8500,15.8000,16.0500,15.7500,1179907,TWSE_STOCK_DAY
2025-12-22,2301,169.0000,162.0000,171.0000,161.0000,36831072,TWSE_STOCK_DAY
2025-12-22,2354,62.2000,61.7000,62.4000,61.7000,3234191,TWSE_STOCK_DAY
2025-12-22,2395,283.0000,284.0000,284.5000,280.0000,874658,TWSE_STOCK_DAY
2025-12-22,2397,61.9000,61.8000,62.6000,61.8000,86954,TWSE_STOCK_DAY
2025-12-22,2408,180.0000,184.5000,186.0000,178.5000,156426861,TWSE_STOCK_DAY
2025-12-22,2606,61.6000,60.8000,61.6000,60.4000,6074207,TWSE_STOCK_DAY
2025-12-22,2609,52.7000,52.3000,52.7000,52.0000,10902605,TWSE_STOCK_DAY
2025-12-22,2637,68.7000,67.6000,68.7000,67.2000,3005889,TWSE_STOCK_DAY
2025-12-22,2886,41.2000,40.6500,41.2000,40.6500,31909988,TWSE_STOCK_DAY
2025-12-22,3006,84.1000,82.8000,85.0000,82.7000,6061087,TWSE_STOCK_DAY
2025-12-22,3044,315.5000,305.0000,320.0000,303.0000,4927524,TWSE_STOCK_DAY
2025-12-22,6672,95.5000,92.0000,96.6000,91.8000,2081596,TWSE_STOCK_DAY
2025-12-22,TAIEX,28149.6400,27986.6600,28168.7500,27986.6600,0,TWSE_TAIEX_INDEX
2025-12-23,0050,63.7000,63.5000,63.8000,63.5000,101867829,TWSE_STOCK_DAY
2025-12-23,1590,941.0000,942.0000,957.0000,940.0000,266220,TWSE_STOCK_DAY
2025-12-23,1709,16.7000,16.7000,16.8000,16.7000,208945,TWSE_STOCK_DAY
2025-12-23,2059,3730.0000,3740.0000,3820.0000,3720.0000,543347,TWSE_STOCK_DAY
2025-12-23,2103,15.9000,15.8000,15.9000,15.7000,1123881,TWSE_STOCK_DAY
2025-12-23,2301,163.0000,169.0000,169.0000,163.0000,14877931,TWSE_STOCK_DAY
2025-12-23,2354,61.7000,62.4000,62.4000,61.6000,2877802,TWSE_STOCK_DAY
2025-12-23,2395,284.5000,283.0000,286.5000,283.0000,1162191,TWSE_STOCK_DAY
2025-12-23,2397,61.2000,62.0000,62.2000,61.1000,116749,TWSE_STOCK_DAY
2025-12-23,2408,176.5000,181.0000,181.5000,176.0000,74676446,TWSE_STOCK_DAY
2025-12-23,2606,61.2000,61.1000,61.7000,60.6000,5676644,TWSE_STOCK_DAY
2025-12-23,2609,52.8000,52.7000,53.1000,52.7000,7323327,TWSE_STOCK_DAY
2025-12-23,2637,69.0000,68.7000,69.7000,68.1000,3509932,TWSE_STOCK_DAY
2025-12-23,2886,40.9500,41.0500,41.2000,40.7000,12647133,TWSE_STOCK_DAY
2025-12-23,3006,87.7000,85.7000,89.5000,85.0000,15630001,TWSE_STOCK_DAY
2025-12-23,3044,312.5000,316.5000,319.5000,311.5000,3984909,TWSE_STOCK_DAY
2025-12-23,6672,93.7000,96.2000,96.6000,92.8000,2350443,TWSE_STOCK_DAY
2025-12-23,TAIEX,28310.4700,28253.1400,28350.3700,28212.8400,0,TWSE_TAIEX_INDEX
2025-12-24,0050,63.8500,63.9500,64.0500,63.7500,64106420,TWSE_STOCK_DAY
2025-12-24,1590,949.0000,952.0000,961.0000,944.0000,316627,TWSE_STOCK_DAY
2025-12-24,1709,16.6500,16.7000,16.7000,16.6000,144232,TWSE_STOCK_DAY
2025-12-24,2059,3710.0000,3780.0000,3795.0000,3685.0000,303007,TWSE_STOCK_DAY
2025-12-24,2103,15.5500,15.8500,15.9000,15.5500,1052011,TWSE_STOCK_DAY
2025-12-24,2301,165.5000,164.0000,165.5000,163.5000,8636912,TWSE_STOCK_DAY
2025-12-24,2354,61.4000,61.8000,62.4000,61.1000,2955077,TWSE_STOCK_DAY
2025-12-24,2395,286.0000,286.5000,292.0000,286.0000,1225418,TWSE_STOCK_DAY
2025-12-24,2397,61.5000,61.3000,62.2000,61.1000,79648,TWSE_STOCK_DAY
2025-12-24,2408,189.0000,177.5000,190.0000,175.0000,118963502,TWSE_STOCK_DAY
2025-12-24,2606,61.0000,60.9000,61.4000,60.4000,5814639,TWSE_STOCK_DAY
2025-12-24,2609,55.3000,53.5000,56.3000,53.5000,45491340,TWSE_STOCK_DAY
2025-12-24,2637,68.0000,68.9000,69.5000,67.7000,2849278,TWSE_STOCK_DAY
2025-12-24,2886,40.7000,40.9500,40.9500,40.6000,11623819,TWSE_STOCK_DAY
2025-12-24,3006,96.4000,89.3000,96.4000,87.5000,35139980,TWSE_STOCK_DAY
2025-12-24,3044,322.0000,315.0000,328.0000,315.0000,5344026,TWSE_STOCK_DAY
2025-12-24,6672,93.0000,94.4000,95.0000,92.5000,852617,TWSE_STOCK_DAY
2025-12-24,TAIEX,28371.9800,28383.6100,28486.3800,28280.5900,0,TWSE_TAIEX_INDEX
2025-12-26,0050,64.4000,64.2000,64.5000,64.1000,70816194,TWSE_STOCK_DAY
2025-12-26,1590,939.0000,938.0000,952.0000,938.0000,89731,TWSE_STOCK_DAY
2025-12-26,1709,16.6500,16.6500,16.7000,16.6000,144328,TWSE_STOCK_DAY
2025-12-26,2059,3690.0000,3740.0000,3745.0000,3665.0000,289157,TWSE_STOCK_DAY
2025-12-26,2103,15.5000,15.5500,15.6000,15.3500,670088,TWSE_STOCK_DAY
2025-12-26,2301,162.5000,165.5000,165.5000,160.5000,16606801,TWSE_STOCK_DAY
2025-12-26,2354,61.3000,61.8000,62.0000,61.1000,2532050,TWSE_STOCK_DAY
2025-12-26,2395,284.5000,287.5000,288.0000,283.5000,648611,TWSE_STOCK_DAY
2025-12-26,2397,61.0000,61.3000,61.6000,60.8000,129783,TWSE_STOCK_DAY
2025-12-26,2408,189.0000,190.5000,191.5000,187.0000,78418819,TWSE_STOCK_DAY
2025-12-26,2606,62.0000,61.0000,62.0000,60.5000,6630083,TWSE_STOCK_DAY
2025-12-26,2609,56.1000,55.4000,56.2000,55.2000,24393607,TWSE_STOCK_DAY
2025-12-26,2637,69.3000,68.3000,69.3000,68.2000,2939443,TWSE_STOCK_DAY
2025-12-26,2886,40.6000,40.7000,40.8500,40.4000,14331078,TWSE_STOCK_DAY
2025-12-26,3006,105.0000,98.2000,106.0000,98.0000,57458055,TWSE_STOCK_DAY
2025-12-26,3044,323.0000,326.0000,328.0000,322.5000,3783687,TWSE_STOCK_DAY
2025-12-26,6672,93.6000,93.5000,93.7000,91.8000,658996,TWSE_STOCK_DAY
2025-12-26,TAIEX,28556.0200,28443.4800,28590.9100,28404.3400,0,TWSE_TAIEX_INDEX
2025-12-29,0050,65.2500,64.6500,65.3500,64.6000,86510015,TWSE_STOCK_DAY
2025-12-29,1590,932.0000,943.0000,943.0000,924.0000,160186,TWSE_STOCK_DAY
2025-12-29,1709,16.8000,16.6500,16.8000,16.6000,241658,TWSE_STOCK_DAY
2025-12-29,2059,3765.0000,3690.0000,3765.0000,3640.0000,324338,TWSE_STOCK_DAY
2025-12-29,2103,15.7500,15.4500,16.0000,15.4500,1572070,TWSE_STOCK_DAY
2025-12-29,2301,165.0000,163.5000,166.0000,162.0000,13449592,TWSE_STOCK_DAY
2025-12-29,2354,62.2000,61.6000,62.4000,61.4000,3947557,TWSE_STOCK_DAY
2025-12-29,2395,286.5000,285.0000,288.0000,284.0000,582828,TWSE_STOCK_DAY
2025-12-29,2397,61.8000,61.1000,62.1000,61.1000,75961,TWSE_STOCK_DAY
2025-12-29,2408,188.5000,189.5000,191.0000,184.5000,72720023,TWSE_STOCK_DAY
2025-12-29,2606,61.4000,62.1000,62.1000,61.3000,3428800,TWSE_STOCK_DAY
2025-12-29,2609,56.6000,56.4000,56.9000,56.0000,15868487,TWSE_STOCK_DAY
2025-12-29,2637,69.0000,70.0000,70.0000,68.9000,2068556,TWSE_STOCK_DAY
2025-12-29,2886,40.3500,40.6000,40.6000,40.2500,11127674,TWSE_STOCK_DAY
2025-12-29,3006,98.1000,104.5000,105.0000,96.6000,40214098,TWSE_STOCK_DAY
2025-12-29,3044,320.5000,327.0000,328.0000,319.5000,3158517,TWSE_STOCK_DAY
2025-12-29,6672,93.6000,95.9000,97.3000,93.6000,3003836,TWSE_STOCK_DAY
2025-12-29,TAIEX,28810.8900,28662.7900,28841.6400,28595.3500,0,TWSE_TAIEX_INDEX
2025-12-30,0050,65.1500,64.9000,65.3000,64.7500,61058197,TWSE_STOCK_DAY
2025-12-30,1590,942.0000,943.0000,946.0000,933.0000,251139,TWSE_STOCK_DAY
2025-12-30,1709,16.7000,16.8000,16.8000,16.6500,169048,TWSE_STOCK_DAY
2025-12-30,2059,3785.0000,3750.0000,3820.0000,3730.0000,280148,TWSE_STOCK_DAY
2025-12-30,2103,16.0000,15.9000,16.1000,15.8000,2426824,TWSE_STOCK_DAY
2025-12-30,2301,162.0000,164.0000,165.5000,161.0000,14561517,TWSE_STOCK_DAY
2025-12-30,2354,61.5000,62.0000,62.0000,60.8000,3759811,TWSE_STOCK_DAY
2025-12-30,2395,287.0000,285.0000,289.0000,284.0000,942271,TWSE_STOCK_DAY
2025-12-30,2397,61.3000,61.8000,61.8000,60.7000,88061,TWSE_STOCK_DAY
2025-12-30,2408,194.5000,189.0000,200.0000,189.0000,152110265,TWSE_STOCK_DAY
2025-12-30,2606,61.1000,61.4000,61.4000,60.6000,2606900,TWSE_STOCK_DAY
2025-12-30,2609,56.3000,56.2000,56.3000,55.4000,13252483,TWSE_STOCK_DAY
2025-12-30,2637,68.9000,68.8000,69.1000,68.5000,1972995,TWSE_STOCK_DAY
2025-12-30,2886,40.1500,40.3500,40.4500,40.1500,15191549,TWSE_STOCK_DAY
2025-12-30,3006,107.5000,105.0000,107.5000,104.5000,24285960,TWSE_STOCK_DAY
2025-12-30,3044,320.5000,319.0000,321.0000,316.0000,2360115,TWSE_STOCK_DAY
2025-12-30,6672,91.7000,93.1000,93.1000,91.4000,739339,TWSE_STOCK_DAY
2025-12-30,TAIEX,28707.1300,28723.8200,28833.0300,28553.6400,0,TWSE_TAIEX_INDEX
2025-12-31,0050,65.6000,65.1000,65.8500,64.9000,71868485,TWSE_STOCK_DAY
2025-12-31,1590,930.0000,933.0000,941.0000,928.0000,167548,TWSE_STOCK_DAY
2025-12-31,1709,16.6500,16.7500,16.7500,16.6500,160452,TWSE_STOCK_DAY
2025-12-31,2059,3750.0000,3785.0000,3835.0000,3735.0000,308785,TWSE_STOCK_DAY
2025-12-31,2103,15.5000,16.0000,16.0000,15.5000,1931912,TWSE_STOCK_DAY
2025-12-31,2301,163.5000,164.0000,164.0000,160.5000,14463579,TWSE_STOCK_DAY
2025-12-31,2354,61.7000,61.5000,61.9000,61.2000,3037609,TWSE_STOCK_DAY
2025-12-31,2395,288.0000,289.5000,290.5000,286.0000,858392,TWSE_STOCK_DAY
2025-12-31,2397,60.8000,61.3000,62.1000,60.8000,91829,TWSE_STOCK_DAY
2025-12-31,2408,193.0000,196.5000,201.0000,189.5000,115478826,TWSE_STOCK_DAY
2025-12-31,2606,60.4000,61.2000,61.3000,60.3000,2835905,TWSE_STOCK_DAY
2025-12-31,2609,55.7000,56.3000,56.4000,55.5000,11155108,TWSE_STOCK_DAY
2025-12-31,2637,67.9000,68.9000,68.9000,67.7000,2443568,TWSE_STOCK_DAY
2025-12-31,2886,40.0000,40.2500,40.4500,40.0000,10664794,TWSE_STOCK_DAY
2025-12-31,3006,118.0000,115.0000,118.0000,114.5000,44646572,TWSE_STOCK_DAY
2025-12-31,3044,317.5000,321.0000,322.0000,315.5000,2765614,TWSE_STOCK_DAY
2025-12-31,6672,92.6000,92.0000,95.2000,92.0000,1121627,TWSE_STOCK_DAY
2025-12-31,TAIEX,28963.6000,28723.4900,29009.8100,28687.9000,0,TWSE_TAIEX_INDEX
2026-01-02,0050,66.9500,66.0000,67.0000,65.8000,81135717,TWSE_STOCK_DAY
2026-01-02,1590,956.0000,940.0000,975.0000,940.0000,473509,TWSE_STOCK_DAY
2026-01-02,1709,16.6000,16.6500,16.7000,16.5000,353771,TWSE_STOCK_DAY
2026-01-02,2059,3460.0000,3750.0000,3750.0000,3420.0000,1588691,TWSE_STOCK_DAY
2026-01-02,2103,15.0000,15.5500,15.7000,15.0000,3249687,TWSE_STOCK_DAY
2026-01-02,2301,167.0000,164.5000,171.5000,164.5000,24704090,TWSE_STOCK_DAY
2026-01-02,2354,61.5000,61.7000,62.0000,61.0000,4404500,TWSE_STOCK_DAY
2026-01-02,2395,286.5000,291.0000,294.5000,285.0000,1602712,TWSE_STOCK_DAY
2026-01-02,2397,61.0000,61.0000,61.7000,61.0000,86888,TWSE_STOCK_DAY
2026-01-02,2408,207.0000,192.5000,208.5000,191.0000,138960869,TWSE_STOCK_DAY
2026-01-02,2606,60.4000,60.9000,61.6000,59.9000,4650959,TWSE_STOCK_DAY
2026-01-02,2609,56.0000,56.7000,56.9000,55.7000,12999146,TWSE_STOCK_DAY
2026-01-02,2637,67.8000,68.7000,69.3000,67.6000,2289644,TWSE_STOCK_DAY
2026-01-02,2886,40.3000,40.0000,40.4000,39.9500,10256403,TWSE_STOCK_DAY
2026-01-02,3006,129.5000,119.5000,129.5000,117.0000,32963935,TWSE_STOCK_DAY
2026-01-02,3044,312.5000,320.0000,321.0000,311.5000,4633069,TWSE_STOCK_DAY
2026-01-02,6672,94.2000,92.9000,95.1000,92.1000,967093,TWSE_STOCK_DAY
2026-01-02,TAIEX,29349.8100,29016.6800,29363.4300,29007.7500,0,TWSE_TAIEX_INDEX
2026-01-05,0050,69.5000,68.1000,70.0500,68.0500,232910010,TWSE_STOCK_DAY
2026-01-05,1590,962.0000,955.0000,965.0000,946.0000,254746,TWSE_STOCK_DAY
2026-01-05,1709,16.6000,16.6000,16.7500,16.4000,783792,TWSE_STOCK_DAY
2026-01-05,2059,3205.0000,3485.0000,3485.0000,3200.0000,1905192,TWSE_STOCK_DAY
2026-01-05,2103,14.6500,15.0000,15.0000,14.6000,2829494,TWSE_STOCK_DAY
2026-01-05,2301,169.5000,170.0000,172.5000,166.5000,27328397,TWSE_STOCK_DAY
2026-01-05,2354,60.8000,61.5000,61.9000,60.5000,7117628,TWSE_STOCK_DAY
2026-01-05,2395,289.5000,290.0000,292.0000,287.5000,1457349,TWSE_STOCK_DAY
2026-01-05,2397,60.4000,61.0000,61.8000,59.9000,175587,TWSE_STOCK_DAY
2026-01-05,2408,208.0000,211.0000,213.0000,206.5000,114428383,TWSE_STOCK_DAY
2026-01-05,2606,58.7000,60.4000,60.4000,58.6000,6028153,TWSE_STOCK_DAY
2026-01-05,2609,54.9000,56.4000,56.4000,54.7000,13399196,TWSE_STOCK_DAY
2026-01-05,2637,65.8000,68.0000,68.0000,65.8000,2544029,TWSE_STOCK_DAY
2026-01-05,2886,40.3000,40.2500,40.6000,40.1000,12584916,TWSE_STOCK_DAY
2026-01-05,3006,139.0000,141.0000,142.0000,134.0000,53407363,TWSE_STOCK_DAY
2026-01-05,3044,312.0000,313.0000,315.5000,307.5000,3516967,TWSE_STOCK_DAY
2026-01-05,6672,89.6000,94.7000,94.7000,89.3000,1600156,TWSE_STOCK_DAY
2026-01-05,TAIEX,30105.0400,29779.7000,30339.3200,29779.7000,0,TWSE_TAIEX_INDEX
2026-01-06,0050,70.4000,69.4500,70.4000,68.9500,130176548,TWSE_STOCK_DAY
2026-01-06,1590,970.0000,972.0000,1010.0000,963.0000,798564,TWSE_STOCK_DAY
2026-01-06,1709,16.6500,16.7000,16.7500,16.5500,395368,TWSE_STOCK_DAY
2026-01-06,2059,3205.0000,3225.0000,3310.0000,3160.0000,1251609,TWSE_STOCK_DAY
2026-01-06,2103,14.7500,14.8500,14.8500,14.5000,1761654,TWSE_STOCK_DAY
2026-01-06,2301,170.5000,170.0000,171.0000,166.5000,19302766,TWSE_STOCK_DAY
2026-01-06,2354,60.3000,60.8000,61.3000,60.2000,9321970,TWSE_STOCK_DAY
2026-01-06,2395,288.0000,291.5000,291.5000,285.5000,1627973,TWSE_STOCK_DAY
2026-01-06,2397,60.7000,60.4000,61.6000,60.4000,134554,TWSE_STOCK_DAY
2026-01-06,2408,228.5000,214.0000,228.5000,213.0000,154970722,TWSE_STOCK_DAY
2026-01-06,2606,58.9000,59.0000,60.0000,58.8000,4860552,TWSE_STOCK_DAY
2026-01-06,2609,55.5000,55.0000,55.7000,54.9000,15186246,TWSE_STOCK_DAY
2026-01-06,2637,66.3000,65.8000,66.8000,65.8000,1998215,TWSE_STOCK_DAY
2026-01-06,2886,40.5500,40.6000,40.8500,40.4500,17266333,TWSE_STOCK_DAY
2026-01-06,3006,144.5000,135.5000,144.5000,134.5000,12928055,TWSE_STOCK_DAY
2026-01-06,3044,318.0000,314.0000,318.0000,311.0000,2397993,TWSE_STOCK_DAY
2026-01-06,6672,89.8000,89.8000,90.3000,88.7000,786744,TWSE_STOCK_DAY
2026-01-06,TAIEX,30576.3000,29933.6500,30576.3000,29933.6500,0,TWSE_TAIEX_INDEX
2026-01-07,0050,69.8500,70.4000,70.4500,69.7000,122267721,TWSE_STOCK_DAY
2026-01-07,1590,980.0000,979.0000,1000.0000,977.0000,620528,TWSE_STOCK_DAY
2026-01-07,1709,16.9000,16.7500,17.1000,16.7000,775317,TWSE_STOCK_DAY
2026-01-07,2059,3255.0000,3280.0000,3350.0000,3240.0000,963948,TWSE_STOCK_DAY
2026-01-07,2103,15.3500,14.8000,15.4000,14.8000,1991681,TWSE_STOCK_DAY
2026-01-07,2301,163.5000,171.5000,173.0000,163.0000,25905660,TWSE_STOCK_DAY
2026-01-07,2354,60.8000,60.7000,61.3000,60.2000,6938514,TWSE_STOCK_DAY
2026-01-07,2395,288.5000,288.5000,294.0000,288.0000,1566949,TWSE_STOCK_DAY
2026-01-07,2397,62.1000,60.9000,62.3000,60.9000,310006,TWSE_STOCK_DAY
2026-01-07,2408,241.0000,242.0000,248.0000,230.0000,166211293,TWSE_STOCK_DAY
2026-01-07,2606,61.2000,59.4000,61.6000,59.2000,8056058,TWSE_STOCK_DAY
2026-01-07,2609,57.6000,55.5000,57.7000,55.5000,32749776,TWSE_STOCK_DAY
2026-01-07,2637,68.9000,66.3000,69.1000,66.3000,5559717,TWSE_STOCK_DAY
2026-01-07,2886,40.3500,40.5500,40.5500,40.2000,14824905,TWSE_STOCK_DAY
2026-01-07,3006,146.5000,152.0000,152.0000,146.5000,9089983,TWSE_STOCK_DAY
2026-01-07,3044,317.5000,318.5000,318.5000,311.0000,3360934,TWSE_STOCK_DAY
2026-01-07,6672,90.6000,91.1000,92.1000,89.2000,816798,TWSE_STOCK_DAY
2026-01-07,TAIEX,30435.4700,30412.3200,30570.2600,30306.1600,0,TWSE_TAIEX_INDEX
2026-01-08,0050,70.1000,69.6500,70.3500,69.4000,74866080,TWSE_STOCK_DAY
2026-01-08,1590,982.0000,990.0000,990.0000,971.0000,464433,TWSE_STOCK_DAY
2026-01-08,1709,16.9000,16.9500,17.1000,16.8500,426632,TWSE_STOCK_DAY
2026-01-08,2059,3155.0000,3265.0000,3275.0000,3150.0000,996060,TWSE_STOCK_DAY
2026-01-08,2103,15.1000,15.2500,15.5500,15.0500,1732035,TWSE_STOCK_DAY
2026-01-08,2301,161.5000,163.5000,164.5000,160.0000,12255306,TWSE_STOCK_DAY
2026-01-08,2354,59.2000,60.9000,60.9000,59.2000,11583842,TWSE_STOCK_DAY
2026-01-08,2395,285.5000,291.5000,292.0000,285.0000,1433310,TWSE_STOCK_DAY
2026-01-08,2397,60.3000,61.9000,61.9000,60.0000,253863,TWSE_STOCK_DAY
2026-01-08,2408,241.5000,239.5000,247.0000,237.0000,90272147,TWSE_STOCK_DAY
2026-01-08,2606,61.4000,61.2000,61.9000,60.7000,7060762,TWSE_STOCK_DAY
2026-01-08,2609,56.3000,58.0000,58.7000,56.2000,21849632,TWSE_STOCK_DAY
2026-01-08,2637,69.5000,69.1000,69.7000,68.7000,5159405,TWSE_STOCK_DAY
2026-01-08,2886,40.4500,40.3500,40.6000,40.2500,16296511,TWSE_STOCK_DAY
2026-01-08,3006,146.5000,143.5000,150.0000,143.5000,7536311,TWSE_STOCK_DAY
2026-01-08,3044,317.0000,320.0000,324.5000,316.0000,3576309,TWSE_STOCK_DAY
2026-01-08,6672,88.3000,90.5000,90.5000,88.2000,848756,TWSE_STOCK_DAY
2026-01-08,TAIEX,30360.5500,30330.5800,30593.4900,30268.3600,0,TWSE_TAIEX_INDEX
2026-01-09,0050,69.8500,69.8000,70.2500,68.9000,113278257,TWSE_STOCK_DAY
2026-01-09,1590,1000.0000,982.0000,1010.0000,982.0000,838769,TWSE_STOCK_DAY
2026-01-09,1709,16.9000,17.1000,17.1000,16.8000,229153,TWSE_STOCK_DAY
2026-01-09,2059,3315.0000,3190.0000,3325.0000,3170.0000,1112273,TWSE_STOCK_DAY
2026-01-09,2103,15.0500,15.1500,15.3000,14.8500,1646833,TWSE_STOCK_DAY
2026-01-09,2301,160.0000,161.0000,162.0000,157.5000,13640375,TWSE_STOCK_DAY
2026-01-09,2354,58.9000,59.1000,59.4000,58.3000,5563594,TWSE_STOCK_DAY
2026-01-09,2395,288.5000,286.5000,291.0000,285.0000,1812392,TWSE_STOCK_DAY
2026-01-09,2397,60.5000,60.5000,60.9000,59.3000,236158,TWSE_STOCK_DAY
2026-01-09,2408,217.5000,233.0000,233.0000,217.5000,21095873,TWSE_STOCK_DAY
2026-01-09,2606,62.2000,61.7000,62.9000,61.3000,8528475,TWSE_STOCK_DAY
2026-01-09,2609,56.2000,56.6000,57.2000,55.8000,13044688,TWSE_STOCK_DAY
2026-01-09,2637,71.3000,70.0000,72.3000,69.7000,10846582,TWSE_STOCK_DAY
2026-01-09,2886,40.6500,40.5000,40.9500,40.4000,13684490,TWSE_STOCK_DAY
2026-01-09,3006,136.0000,142.0000,142.0000,132.5000,5138833,TWSE_STOCK_DAY
2026-01-09,3044,318.5000,316.5000,320.5000,314.0000,2031511,TWSE_STOCK_DAY
2026-01-09,6672,91.0000,90.8000,92.6000,88.9000,1129843,TWSE_STOCK_DAY
2026-01-09,TAIEX,30288.9600,30370.4500,30500.4200,29925.4900,0,TWSE_TAIEX_INDEX
2026-01-12,0050,70.3500,70.5000,70.5500,70.0500,84346348,TWSE_STOCK_DAY
2026-01-12,1590,970.0000,1005.0000,1010.0000,961.0000,692530,TWSE_STOCK_DAY
2026-01-12,1709,16.9000,16.9000,17.0000,16.8500,276070,TWSE_STOCK_DAY
2026-01-12,2059,3365.0000,3375.0000,3375.0000,3275.0000,683660,TWSE_STOCK_DAY
2026-01-12,2103,15.2500,15.1000,15.3500,15.0000,1691690,TWSE_STOCK_DAY
2026-01-12,2301,164.5000,162.0000,165.5000,162.0000,11161468,TWSE_STOCK_DAY
2026-01-12,2354,59.6000,59.1000,59.8000,59.1000,3826698,TWSE_STOCK_DAY
2026-01-12,2395,288.0000,293.5000,293.5000,286.0000,1383957,TWSE_STOCK_DAY
2026-01-12,2397,61.7000,60.5000,61.7000,60.1000,296088,TWSE_STOCK_DAY
2026-01-12,2408,239.0000,225.5000,239.0000,222.0000,15870590,TWSE_STOCK_DAY
2026-01-12,2606,61.9000,61.9000,62.4000,60.8000,5869880,TWSE_STOCK_DAY
2026-01-12,2609,56.1000,56.2000,56.2000,55.2000,10847180,TWSE_STOCK_DAY
2026-01-12,2637,71.7000,70.9000,72.0000,69.6000,5139984,TWSE_STOCK_DAY
2026-01-12,2886,40.3000,40.6500,40.6500,40.2500,13307479,TWSE_STOCK_DAY
2026-01-12,3006,146.0000,142.5000,146.5000,142.0000,4257354,TWSE_STOCK_DAY
2026-01-12,3044,313.5000,322.0000,326.5000,313.5000,3834170,TWSE_STOCK_DAY
2026-01-12,6672,93.4000,92.2000,94.8000,91.0000,1333021,TWSE_STOCK_DAY
2026-01-12,TAIEX,30567.2900,30472.7000,30681.9900,30472.7000,0,TWSE_TAIEX_INDEX
2026-01-13,0050,70.7000,71.1000,71.2000,70.3000,103565147,TWSE_STOCK_DAY
2026-01-13,1590,992.0000,977.0000,996.0000,966.0000,383786,TWSE_STOCK_DAY
2026-01-13,1709,16.9000,16.9000,16.9500,16.8000,243540,TWSE_STOCK_DAY
2026-01-13,2059,3305.0000,3385.0000,3405.0000,3250.0000,734586,TWSE_STOCK_DAY
2026-01-13,2103,15.1500,15.4000,15.4500,15.0500,1597367,TWSE_STOCK_DAY
2026-01-13,2301,163.5000,166.0000,168.5000,163.0000,14483784,TWSE_STOCK_DAY
2026-01-13,2354,58.5000,60.0000,60.1000,58.5000,6034736,TWSE_STOCK_DAY
2026-01-13,2395,287.0000,291.5000,292.5000,285.0000,1769171,TWSE_STOCK_DAY
2026-01-13,2397,60.8000,61.4000,61.4000,60.6000,116822,TWSE_STOCK_DAY
2026-01-13,2408,230.0000,245.0000,245.0000,224.5000,11040441,TWSE_STOCK_DAY
2026-01-13,2606,60.7000,61.9000,62.0000,60.2000,4942150,TWSE_STOCK_DAY
2026-01-13,2609,55.4000,56.5000,57.1000,55.1000,13769302,TWSE_STOCK_DAY
2026-01-13,2637,71.1000,72.0000,72.0000,70.4000,3372056,TWSE_STOCK_DAY
2026-01-13,2886,40.4000,40.6000,40.6000,40.3000,13496293,TWSE_STOCK_DAY
2026-01-13,3006,146.5000,151.0000,151.0000,142.0000,2713173,TWSE_STOCK_DAY
2026-01-13,3044,311.0000,320.0000,322.0000,309.5000,4924607,TWSE_STOCK_DAY
2026-01-13,6672,91.8000,94.5000,95.6000,91.1000,1721924,TWSE_STOCK_DAY
2026-01-13,TAIEX,30707.2200,30630.8600,30973.8500,30529.3300,0,TWSE_TAIEX_INDEX
2026-01-14,0050,70.7500,70.9500,71.1000,70.6500,86322515,TWSE_STOCK_DAY
2026-01-14,1590,1000.0000,1000.0000,1040.0000,995.0000,718264,TWSE_STOCK_DAY
2026-01-14,1709,17.0500,16.9500,17.1500,16.9500,479666,TWSE_STOCK_DAY
2026-01-14,2059,3345.0000,3305.0000,3350.0000,3270.0000,621709,TWSE_STOCK_DAY
2026-01-14,2103,15.3000,15.2500,15.4000,15.1500,2012960,TWSE_STOCK_DAY
2026-01-14,2301,167.0000,163.5000,168.5000,162.5000,14628426,TWSE_STOCK_DAY
2026-01-14,2354,60.0000,58.8000,60.0000,58.7000,5171132,TWSE_STOCK_DAY
2026-01-14,2395,292.5000,290.0000,294.0000,288.0000,1872935,TWSE_STOCK_DAY
2026-01-14,2397,61.4000,61.0000,61.8000,61.0000,203475,TWSE_STOCK_DAY
2026-01-14,2408,236.5000,225.0000,236.5000,225.0000,10586482,TWSE_STOCK_DAY
2026-01-14,2606,60.6000,60.4000,60.9000,60.2000,2593174,TWSE_STOCK_DAY
2026-01-14,2609,55.4000,55.5000,55.8000,55.1000,8557154,TWSE_STOCK_DAY
2026-01-14,2637,71.6000,70.8000,71.6000,70.3000,3429902,TWSE_STOCK_DAY
2026-01-14,2886,40.5000,40.6000,40.6000,40.1500,15246374,TWSE_STOCK_DAY
2026-01-14,3006,148.5000,147.0000,148.5000,145.5000,2240361,TWSE_STOCK_DAY
2026-01-14,3044,319.0000,314.0000,321.5000,312.5000,3007344,TWSE_STOCK_DAY
2026-01-14,6672,100.5000,94.0000,100.5000,94.0000,3630967,TWSE_STOCK_DAY
2026-01-14,TAIEX,30941.7800,30742.5300,30994.8100,30742.5300,0,TWSE_TAIEX_INDEX
2026-01-15,0050,70.6500,70.7000,70.7000,70.1500,97455363,TWSE_STOCK_DAY
2026-01-15,1590,1015.0000,1000.0000,1020.0000,991.0000,542278,TWSE_STOCK_DAY
2026-01-15,1709,17.1500,17.0500,17.2000,16.9000,512258,TWSE_STOCK_DAY
2026-01-15,2059,3400.0000,3315.0000,3425.0000,3200.0000,1343693,TWSE_STOCK_DAY
2026-01-15,2103,15.4500,15.2500,15.5000,15.1500,1732670,TWSE_STOCK_DAY
2026-01-15,2301,165.0000,168.0000,169.0000,163.5000,9905068,TWSE_STOCK_DAY
2026-01-15,2354,59.5000,60.0000,60.9000,59.2000,5110160,TWSE_STOCK_DAY
2026-01-15,2395,287.5000,293.5000,296.5000,286.5000,2221868,TWSE_STOCK_DAY
2026-01-15,2397,61.1000,61.6000,61.6000,60.5000,143901,TWSE_STOCK_DAY
2026-01-15,2408,237.5000,235.5000,242.5000,235.5000,7581987,TWSE_STOCK_DAY
2026-01-15,2606,61.3000,61.0000,61.6000,60.8000,3091954,TWSE_STOCK_DAY
2026-01-15,2609,55.5000,55.8000,56.0000,55.0000,9248991,TWSE_STOCK_DAY
2026-01-15,2637,71.7000,71.9000,72.0000,71.0000,1947891,TWSE_STOCK_DAY
2026-01-15,2886,40.6500,40.5000,40.7500,40.4500,14115255,TWSE_STOCK_DAY
2026-01-15,3006,151.5000,149.5000,152.0000,148.0000,2943427,TWSE_STOCK_DAY
2026-01-15,3044,319.5000,321.0000,322.0000,317.5000,3119179,TWSE_STOCK_DAY
2026-01-15,6672,103.0000,102.0000,103.0000,96.8000,8094775,TWSE_STOCK_DAY
2026-01-15,TAIEX,30810.5800,30746.9800,30877.3100,30663.8700,0,TWSE_TAIEX_INDEX
2026-01-16,0050,72.0000,71.7500,72.1000,71.2000,101069992,TWSE_STOCK_DAY
2026-01-16,1590,1020.0000,1015.0000,1020.0000,1005.0000,308749,TWSE_STOCK_DAY
2026-01-16,1709,17.2500,17.1500,17.3500,17.0500,827693,TWSE_STOCK_DAY
2026-01-16,2059,3410.0000,3445.0000,3455.0000,3310.0000,937257,TWSE_STOCK_DAY
2026-01-16,2103,15.1500,15.5000,15.5000,15.1000,2332736,TWSE_STOCK_DAY
2026-01-16,2301,166.0000,166.0000,172.0000,165.5000,22573921,TWSE_STOCK_DAY
2026-01-16,2354,59.8000,60.0000,60.2000,59.5000,5284636,TWSE_STOCK_DAY
2026-01-16,2395,287.5000,289.5000,290.5000,286.0000,1763124,TWSE_STOCK_DAY
2026-01-16,2397,60.8000,61.1000,61.7000,60.7000,150965,TWSE_STOCK_DAY
2026-01-16,2408,250.0000,244.5000,255.0000,244.5000,16081545,TWSE_STOCK_DAY
2026-01-16,2606,61.0000,61.3000,61.3000,60.1000,3803144,TWSE_STOCK_DAY
2026-01-16,2609,54.5000,55.6000,55.7000,53.9000,23163231,TWSE_STOCK_DAY
2026-01-16,2637,70.9000,71.9000,71.9000,70.2000,2591255,TWSE_STOCK_DAY
2026-01-16,2886,40.9000,40.6500,41.0500,40.6000,19561853,TWSE_STOCK_DAY
2026-01-16,3006,154.5000,154.5000,158.0000,152.0000,3455128,TWSE_STOCK_DAY
2026-01-16,3044,317.0000,322.0000,322.0000,314.0000,2914135,TWSE_STOCK_DAY
2026-01-16,6672,98.7000,102.0000,102.0000,98.3000,3206666,TWSE_STOCK_DAY
2026-01-16,TAIEX,31408.7000,30844.6300,31475.2200,30844.6300,0,TWSE_TAIEX_INDEX
2026-01-19,0050,72.6000,71.7000,72.8000,71.4500,122970595,TWSE_STOCK_DAY
2026-01-19,1590,1015.0000,1005.0000,1025.0000,1000.0000,283098,TWSE_STOCK_DAY
2026-01-19,1709,17.2000,17.2000,17.3500,17.2000,516798,TWSE_STOCK_DAY
2026-01-19,2059,3310.0000,3710.0000,3710.0000,3305.0000,1803479,TWSE_STOCK_DAY
2026-01-19,2103,15.6500,15.1500,15.8000,15.1500,3279161,TWSE_STOCK_DAY
2026-01-19,2301,163.0000,166.0000,169.0000,162.5000,13796904,TWSE_STOCK_DAY
2026-01-19,2354,59.4000,59.6000,60.2000,58.9000,5690517,TWSE_STOCK_DAY
2026-01-19,2395,287.0000,287.5000,290.5000,285.0000,2135313,TWSE_STOCK_DAY
2026-01-19,2397,60.8000,60.5000,61.9000,60.3000,227057,TWSE_STOCK_DAY
2026-01-19,2408,275.0000,270.0000,275.0000,270.0000,13083599,TWSE_STOCK_DAY
2026-01-19,2606,62.0000,61.0000,62.0000,60.6000,5435529,TWSE_STOCK_DAY
2026-01-19,2609,54.0000,54.0000,54.4000,53.4000,19567371,TWSE_STOCK_DAY
2026-01-19,2637,71.0000,71.1000,71.8000,70.5000,2905670,TWSE_STOCK_DAY
2026-01-19,2886,40.5500,40.7000,41.1000,40.4500,17916670,TWSE_STOCK_DAY
2026-01-19,3006,158.5000,158.5000,165.0000,158.5000,3691613,TWSE_STOCK_DAY
2026-01-19,3044,312.0000,317.0000,319.0000,312.0000,2874147,TWSE_STOCK_DAY
2026-01-19,6672,99.7000,98.5000,101.0000,95.9000,2501113,TWSE_STOCK_DAY
2026-01-19,TAIEX,31639.2900,31336.7700,31827.3900,31285.5300,0,TWSE_TAIEX_INDEX
2026-01-20,0050,72.6000,71.9000,72.6500,71.8500,111046335,TWSE_STOCK_DAY
2026-01-20,1590,1025.0000,1005.0000,1035.0000,998.0000,395509,TWSE_STOCK_DAY
2026-01-20,1709,17.0000,17.2000,17.2000,17.0000,598420,TWSE_STOCK_DAY
2026-01-20,2059,3640.0000,3330.0000,3640.0000,3325.0000,2060598,TWSE_STOCK_DAY
2026-01-20,2103,15.2500,15.7000,15.7000,15.2500,2437760,TWSE_STOCK_DAY
2026-01-20,2301,161.5000,161.0000,163.0000,159.5000,11484784,TWSE_STOCK_DAY
2026-01-20,2354,59.0000,60.0000,60.3000,58.9000,7369104,TWSE_STOCK_DAY
2026-01-20,2395,280.0000,286.0000,287.0000,278.5000,3681100,TWSE_STOCK_DAY
2026-01-20,2397,60.4000,60.7000,61.2000,60.2000,204139,TWSE_STOCK_DAY
2026-01-20,2408,272.0000,247.5000,274.0000,247.5000,27036020,TWSE_STOCK_DAY
2026-01-20,2606,62.0000,62.9000,63.4000,62.0000,5023508,TWSE_STOCK_DAY
2026-01-20,2609,55.1000,54.5000,55.8000,54.4000,17412097,TWSE_STOCK_DAY
2026-01-20,2637,71.0000,71.5000,72.0000,70.7000,2341468,TWSE_STOCK_DAY
2026-01-20,2886,40.0000,40.5500,40.5500,40.0000,24827528,TWSE_STOCK_DAY
2026-01-20,3006,152.0000,145.5000,152.0000,145.5000,2252823,TWSE_STOCK_DAY
2026-01-20,3044,314.5000,309.0000,318.0000,308.5000,1848120,TWSE_STOCK_DAY
2026-01-20,6672,98.5000,99.9000,100.0000,98.4000,1464062,TWSE_STOCK_DAY
2026-01-20,TAIEX,31759.9900,31584.3400,31759.9900,31340.1000,0,TWSE_TAIEX_INDEX
2026-01-21,0050,71.8500,71.8000,72.5000,71.7000,173683092,TWSE_STOCK_DAY
2026-01-21,1590,1025.0000,1000.0000,1030.0000,1000.0000,628820,TWSE_STOCK_DAY
2026-01-21,1709,16.9000,16.9000,16.9500,16.8500,264135,TWSE_STOCK_DAY
2026-01-21,2059,3520.0000,3640.0000,3675.0000,3520.0000,814237,TWSE_STOCK_DAY
2026-01-21,2103,15.0000,15.3000,15.3000,14.8500,3814619,TWSE_STOCK_DAY
2026-01-21,2301,161.0000,159.5000,167.5000,159.0000,17617790,TWSE_STOCK_DAY
2026-01-21,2354,59.3000,59.0000,60.5000,58.5000,9704109,TWSE_STOCK_DAY
2026-01-21,2395,275.0000,276.5000,278.0000,274.5000,3286050,TWSE_STOCK_DAY
2026-01-21,2397,60.1000,60.1000,61.2000,60.0000,230734,TWSE_STOCK_DAY
2026-01-21,2408,251.0000,266.0000,267.0000,245.0000,28926625,TWSE_STOCK_DAY
2026-01-21,2606,62.8000,62.6000,63.7000,62.2000,13248277,TWSE_STOCK_DAY
2026-01-21,2609,55.2000,55.2000,56.2000,54.9000,18001883,TWSE_STOCK_DAY
2026-01-21,2637,72.3000,71.7000,72.5000,71.0000,5183584,TWSE_STOCK_DAY
2026-01-21,2886,39.8000,40.0000,40.1500,39.8000,24333630,TWSE_STOCK_DAY
2026-01-21,3006,137.0000,150.0000,150.0000,137.0000,4847248,TWSE_STOCK_DAY
2026-01-21,3044,315.0000,313.0000,320.0000,311.0000,3327556,TWSE_STOCK_DAY
2026-01-21,6672,98.5000,97.6000,101.0000,97.0000,1642527,TWSE_STOCK_DAY
2026-01-21,TAIEX,31246.3700,31749.1400,31749.1400,31200.7600,0,TWSE_TAIEX_INDEX
2026-01-22,0050,71.8000,71.9000,72.0500,71.6000,101703005,TWSE_STOCK_DAY
2026-01-22,1590,1015.0000,1015.0000,1025.0000,991.0000,1665268,TWSE_STOCK_DAY
2026-01-22,1709,16.9000,17.0500,17.0500,16.9000,346106,TWSE_STOCK_DAY
2026-01-22,2059,3485.0000,3565.0000,3635.0000,3440.0000,875651,TWSE_STOCK_DAY
2026-01-22,2103,14.8500,15.1500,15.2500,14.8000,2084394,TWSE_STOCK_DAY
2026-01-22,2301,177.0000,166.0000,177.0000,166.0000,54698973,TWSE_STOCK_DAY
2026-01-22,2354,59.8000,60.1000,60.7000,59.8000,7344095,TWSE_STOCK_DAY
2026-01-22,2395,285.5000,279.5000,285.5000,277.5000,3298438,TWSE_STOCK_DAY
2026-01-22,2397,60.6000,60.6000,61.1000,60.4000,135891,TWSE_STOCK_DAY
2026-01-22,2408,266.5000,270.0000,276.0000,262.0000,22556646,TWSE_STOCK_DAY
2026-01-22,2606,63.5000,63.7000,64.6000,63.3000,6671638,TWSE_STOCK_DAY
2026-01-22,2609,55.5000,55.8000,56.4000,55.3000,12629301,TWSE_STOCK_DAY
2026-01-22,2637,72.5000,73.2000,73.8000,72.4000,4950207,TWSE_STOCK_DAY
2026-01-22,2886,39.7500,40.0000,40.1500,39.7500,21880004,TWSE_STOCK_DAY
2026-01-22,3006,147.5000,150.5000,150.5000,144.0000,3196000,TWSE_STOCK_DAY
2026-01-22,3044,346.5000,320.0000,346.5000,318.0000,9298713,TWSE_STOCK_DAY
2026-01-22,6672,100.5000,101.5000,104.0000,99.2000,2966628,TWSE_STOCK_DAY
2026-01-22,TAIEX,31746.0800,31371.1300,31890.6200,31371.1300,0,TWSE_TAIEX_INDEX
2026-01-23,0050,72.2500,72.1000,72.3000,71.8000,70983017,TWSE_STOCK_DAY
2026-01-23,1590,1020.0000,1020.0000,1050.0000,1000.0000,754074,TWSE_STOCK_DAY
2026-01-23,1709,17.1500,16.9500,17.1500,16.9500,258145,TWSE_STOCK_DAY
2026-01-23,2059,3570.0000,3535.0000,3590.0000,3500.0000,396252,TWSE_STOCK_DAY
2026-01-23,2103,15.3500,15.0500,15.4500,14.8500,3259307,TWSE_STOCK_DAY
2026-01-23,2301,172.0000,182.5000,184.5000,171.0000,82732555,TWSE_STOCK_DAY
2026-01-23,2354,59.3000,60.3000,60.6000,59.1000,6287359,TWSE_STOCK_DAY
2026-01-23,2395,288.0000,286.0000,289.5000,283.0000,2212909,TWSE_STOCK_DAY
2026-01-23,2397,61.4000,60.6000,62.3000,60.6000,268395,TWSE_STOCK_DAY
2026-01-23,2408,271.5000,275.0000,282.5000,256.0000,167399779,TWSE_STOCK_DAY
2026-01-23,2606,62.0000,63.0000,63.1000,61.5000,5289083,TWSE_STOCK_DAY
2026-01-23,2609,54.3000,55.5000,55.5000,53.9000,17811379,TWSE_STOCK_DAY
2026-01-23,2637,71.3000,73.0000,73.0000,70.3000,3028690,TWSE_STOCK_DAY
2026-01-23,2886,39.7000,39.8000,39.9000,39.5500,19265480,TWSE_STOCK_DAY
2026-01-23,3006,142.0000,160.0000,162.0000,138.0000,60030634,TWSE_STOCK_DAY
2026-01-23,3044,360.5000,359.5000,366.5000,346.5000,12357026,TWSE_STOCK_DAY
2026-01-23,6672,99.5000,102.0000,102.0000,98.8000,1472714,TWSE_STOCK_DAY
2026-01-23,TAIEX,31961.5100,31788.7700,32042.4400,31693.1500,0,TWSE_TAIEX_INDEX
2026-01-26,0050,72.2500,72.2500,72.6500,72.2000,87992466,TWSE_STOCK_DAY
2026-01-26,1590,1005.0000,1030.0000,1030.0000,997.0000,472171,TWSE_STOCK_DAY
2026-01-26,1709,17.3000,17.2000,17.4000,17.1500,545792,TWSE_STOCK_DAY
2026-01-26,2059,3500.0000,3595.0000,3635.0000,3435.0000,994725,TWSE_STOCK_DAY
2026-01-26,2103,15.7500,15.4500,16.1000,15.4500,6449082,TWSE_STOCK_DAY
2026-01-26,2301,167.0000,171.5000,174.0000,165.5000,29509746,TWSE_STOCK_DAY
2026-01-26,2354,60.0000,59.5000,60.0000,59.0000,4309222,TWSE_STOCK_DAY
2026-01-26,2395,288.5000,289.0000,290.5000,286.0000,1494869,TWSE_STOCK_DAY
2026-01-26,2397,61.9000,61.7000,62.2000,61.6000,219275,TWSE_STOCK_DAY
2026-01-26,2408,286.0000,279.5000,295.0000,274.5000,112336106,TWSE_STOCK_DAY
2026-01-26,2606,63.2000,62.0000,63.3000,61.6000,3998684,TWSE_STOCK_DAY
2026-01-26,2609,54.3000,54.0000,54.3000,53.3000,10409497,TWSE_STOCK_DAY
2026-01-26,2637,71.8000,71.0000,72.0000,70.7000,2890642,TWSE_STOCK_DAY
2026-01-26,2886,39.5500,39.7500,39.7500,39.4500,23947019,TWSE_STOCK_DAY
2026-01-26,3006,156.0000,143.0000,156.0000,141.5000,27276977,TWSE_STOCK_DAY
2026-01-26,3044,369.5000,368.0000,376.0000,354.0000,10297862,TWSE_STOCK_DAY
2026-01-26,6672,100.5000,101.0000,104.5000,100.5000,3874353,TWSE_STOCK_DAY
2026-01-26,TAIEX,32064.5200,32002.5600,32196.7500,31989.8600,0,TWSE_TAIEX_INDEX
2026-01-27,0050,73.0500,72.4000,73.1500,72.3500,73059634,TWSE_STOCK_DAY
2026-01-27,1590,1025.0000,1020.0000,1035.0000,1015.0000,653181,TWSE_STOCK_DAY
2026-01-27,1709,17.2000,17.3000,17.4500,17.1000,354497,TWSE_STOCK_DAY
2026-01-27,2059,3490.0000,3500.0000,3575.0000,3460.0000,657706,TWSE_STOCK_DAY
2026-01-27,2103,15.5000,16.1500,16.2500,15.3500,4291330,TWSE_STOCK_DAY
2026-01-27,2301,169.5000,167.0000,170.0000,164.0000,21946578,TWSE_STOCK_DAY
2026-01-27,2354,59.5000,60.2000,60.7000,59.5000,6566747,TWSE_STOCK_DAY
2026-01-27,2395,290.5000,290.0000,293.0000,287.0000,1818978,TWSE_STOCK_DAY
2026-01-27,2397,61.4000,62.2000,62.5000,61.3000,205496,TWSE_STOCK_DAY
2026-01-27,2408,277.0000,283.0000,286.0000,274.0000,76875660,TWSE_STOCK_DAY
2026-01-27,2606,62.9000,63.8000,64.9000,62.7000,8904894,TWSE_STOCK_DAY
2026-01-27,2609,53.9000,54.3000,54.6000,53.5000,10246104,TWSE_STOCK_DAY
2026-01-27,2637,70.9000,72.2000,73.5000,70.9000,4002291,TWSE_STOCK_DAY
2026-01-27,2886,39.4500,39.7500,39.9000,39.4500,24583646,TWSE_STOCK_DAY
2026-01-27,3006,151.0000,158.5000,167.5000,149.5000,52347029,TWSE_STOCK_DAY
2026-01-27,3044,384.0000,384.5000,389.0000,374.0000,7734247,TWSE_STOCK_DAY
2026-01-27,6672,97.8000,100.5000,101.0000,97.7000,1621142,TWSE_STOCK_DAY
2026-01-27,TAIEX,32317.9200,32095.0800,32428.1700,32095.0800,0,TWSE_TAIEX_INDEX
2026-01-28,0050,74.2000,73.5500,74.2000,73.5000,90901846,TWSE_STOCK_DAY
2026-01-28,1590,1025.0000,1015.0000,1025.0000,1000.0000,596106,TWSE_STOCK_DAY
2026-01-28,1709,17.2500,17.2000,17.3000,17.0000,343442,TWSE_STOCK_DAY
2026-01-28,2059,3380.0000,3535.0000,3535.0000,3365.0000,846071,TWSE_STOCK_DAY
2026-01-28,2103,15.7000,15.5500,15.7500,15.3000,3676980,TWSE_STOCK_DAY
2026-01-28,2301,172.5000,170.5000,174.5000,167.5000,28389917,TWSE_STOCK_DAY
2026-01-28,2354,59.6000,59.7000,60.7000,59.4000,6095131,TWSE_STOCK_DAY
2026-01-28,2395,298.5000,291.5000,300.0000,290.5000,3382549,TWSE_STOCK_DAY
2026-01-28,2397,61.2000,61.5000,62.0000,60.7000,131725,TWSE_STOCK_DAY
2026-01-28,2408,297.0000,288.0000,299.5000,285.0000,118256822,TWSE_STOCK_DAY
2026-01-28,2606,66.8000,68.0000,69.1000,65.5000,36066031,TWSE_STOCK_DAY
2026-01-28,2609,54.8000,54.2000,55.2000,54.2000,15431583,TWSE_STOCK_DAY
2026-01-28,2637,72.6000,74.6000,75.9000,71.5000,11744794,TWSE_STOCK_DAY
2026-01-28,2886,39.4000,39.6000,39.7500,39.2000,20947112,TWSE_STOCK_DAY
2026-01-28,3006,166.0000,158.0000,166.0000,158.0000,36158172,TWSE_STOCK_DAY
2026-01-28,3044,393.5000,386.0000,397.0000,379.0000,7082903,TWSE_STOCK_DAY
2026-01-28,6672,96.5000,98.0000,98.5000,96.3000,1161741,TWSE_STOCK_DAY
2026-01-28,TAIEX,32803.8200,32381.7600,32803.8200,32381.7600,0,TWSE_TAIEX_INDEX
2026-01-29,0050,73.7500,74.4000,74.5000,73.5000,119914950,TWSE_STOCK_DAY
2026-01-29,1590,1040.0000,1030.0000,1065.0000,1020.0000,933715,TWSE_STOCK_DAY
2026-01-29,1709,17.2500,17.2000,17.2500,17.1500,214182,TWSE_STOCK_DAY
2026-01-29,2059,3205.0000,3390.0000,3415.0000,3160.0000,1712115,TWSE_STOCK_DAY
2026-01-29,2103,15.5500,15.7000,15.8000,15.4000,3567627,TWSE_STOCK_DAY
2026-01-29,2301,167.0000,174.0000,174.0000,165.0000,21179095,TWSE_STOCK_DAY
2026-01-29,2354,58.8000,59.7000,59.9000,58.6000,5675002,TWSE_STOCK_DAY
2026-01-29,2395,305.0000,308.0000,309.0000,291.0000,5524843,TWSE_STOCK_DAY
2026-01-29,2397,61.0000,61.2000,61.6000,60.4000,201997,TWSE_STOCK_DAY
2026-01-29,2408,297.0000,306.0000,313.0000,287.0000,128064431,TWSE_STOCK_DAY
2026-01-29,2606,62.6000,65.0000,65.9000,62.4000,19588354,TWSE_STOCK_DAY
2026-01-29,2609,54.7000,54.8000,54.8000,54.2000,9747941,TWSE_STOCK_DAY
2026-01-29,2637,71.2000,72.5000,72.9000,71.2000,3067963,TWSE_STOCK_DAY
2026-01-29,2886,39.3500,39.2000,39.5000,39.1500,23288043,TWSE_STOCK_DAY
2026-01-29,3006,177.5000,174.5000,180.0000,162.0000,61525436,TWSE_STOCK_DAY
2026-01-29,3044,387.0000,404.0000,404.0000,386.0000,5145929,TWSE_STOCK_DAY
2026-01-29,6672,94.5000,97.4000,97.4000,94.5000,1143538,TWSE_STOCK_DAY
2026-01-29,TAIEX,32536.2700,32828.0200,32996.0300,32472.4500,0,TWSE_TAIEX_INDEX
2026-01-30,0050,72.6000,73.1500,73.2000,72.3000,175275799,TWSE_STOCK_DAY
2026-01-30,1590,1140.0000,1110.0000,1140.0000,1105.0000,2215064,TWSE_STOCK_DAY
2026-01-30,1709,17.0000,17.2500,17.2500,17.0000,337249,TWSE_STOCK_DAY
2026-01-30,2059,3140.0000,3205.0000,3210.0000,3100.0000,1025143,TWSE_STOCK_DAY
2026-01-30,2103,15.2500,15.5500,15.6500,15.2000,3778437,TWSE_STOCK_DAY
2026-01-30,2301,164.0000,165.5000,166.5000,161.5000,16724517,TWSE_STOCK_DAY
2026-01-30,2354,57.4000,58.7000,58.7000,56.9000,8187128,TWSE_STOCK_DAY
2026-01-30,2395,299.5000,301.0000,304.0000,293.0000,5114573,TWSE_STOCK_DAY
2026-01-30,2397,59.9000,60.4000,60.4000,59.6000,215679,TWSE_STOCK_DAY
2026-01-30,2408,326.5000,303.5000,326.5000,303.5000,127839132,TWSE_STOCK_DAY
2026-01-30,2606,62.2000,62.8000,63.5000,61.7000,9290424,TWSE_STOCK_DAY
2026-01-30,2609,53.4000,54.9000,54.9000,53.3000,12074977,TWSE_STOCK_DAY
2026-01-30,2637,70.7000,72.0000,72.5000,70.6000,2791619,TWSE_STOCK_DAY
2026-01-30,2886,38.8000,39.4000,39.4000,38.6000,49184394,TWSE_STOCK_DAY
2026-01-30,3006,195.0000,185.0000,195.0000,184.5000,59444267,TWSE_STOCK_DAY
2026-01-30,3044,374.5000,384.0000,385.0000,372.0000,5206049,TWSE_STOCK_DAY
2026-01-30,6672,89.8000,93.2000,93.3000,88.5000,1380026,TWSE_STOCK_DAY
2026-01-30,TAIEX,32063.7500,32555.5200,32555.5200,32004.9600,0,TWSE_TAIEX_INDEX
2026-02-02,0050,71.5000,71.5500,71.7500,70.9000,234325396,TWSE_STOCK_DAY
2026-02-02,1590,1170.0000,1135.0000,1195.0000,1130.0000,2156560,TWSE_STOCK_DAY
2026-02-02,1709,16.7500,17.0000,17.0000,16.7500,313925,TWSE_STOCK_DAY
2026-02-02,1714,9.1700,9.0900,9.1700,9.0100,2708144,TWSE_STOCK_DAY
2026-02-02,2030,17.4000,17.1500,18.1000,17.0500,4117855,TWSE_STOCK_DAY
2026-02-02,2059,3065.0000,3120.0000,3150.0000,3050.0000,695556,TWSE_STOCK_DAY
2026-02-02,2103,14.6000,15.2000,15.2000,14.5000,7160756,TWSE_STOCK_DAY
2026-02-02,2301,160.5000,162.5000,164.0000,158.0000,18031050,TWSE_STOCK_DAY
2026-02-02,2354,56.5000,56.8000,57.2000,56.2000,4328696,TWSE_STOCK_DAY
2026-02-02,2395,291.5000,300.5000,303.0000,290.5000,4031753,TWSE_STOCK_DAY
2026-02-02,2397,58.7000,59.9000,59.9000,58.2000,184261,TWSE_STOCK_DAY
2026-02-02,2408,294.0000,310.0000,310.0000,294.0000,99879925,TWSE_STOCK_DAY
2026-02-02,2606,61.0000,64.1000,64.5000,61.0000,8739401,TWSE_STOCK_DAY
2026-02-02,2609,52.3000,52.7000,53.0000,52.1000,10796705,TWSE_STOCK_DAY
2026-02-02,2637,69.1000,72.4000,72.5000,69.1000,3912505,TWSE_STOCK_DAY
2026-02-02,2886,38.8000,39.0500,39.0500,38.4000,19821701,TWSE_STOCK_DAY
2026-02-02,3006,183.0000,195.0000,195.0000,176.5000,66806255,TWSE_STOCK_DAY
2026-02-02,3044,390.5000,378.5000,399.5000,377.0000,9049168,TWSE_STOCK_DAY
2026-02-02,3046,52.5000,51.0000,52.5000,50.6000,306706,TWSE_STOCK_DAY
2026-02-02,3605,64.4000,64.3000,66.2000,63.5000,2371686,TWSE_STOCK_DAY
2026-02-02,3702,64.6000,63.8000,64.6000,63.2000,5605871,TWSE_STOCK_DAY
2026-02-02,6213,104.0000,104.0000,105.5000,102.0000,4943634,TWSE_STOCK_DAY
2026-02-02,6570,40.0000,39.6000,40.0000,39.0000,52000,TPEX_STOCK_DAY
2026-02-02,6603,25.1000,26.6000,26.9000,25.0000,3624000,TPEX_STOCK_DAY
2026-02-02,6672,85.7000,88.8000,89.0000,84.7000,1288527,TWSE_STOCK_DAY
2026-02-02,TAIEX,31624.0300,32008.4600,32008.4600,31359.9500,0,TWSE_TAIEX_INDEX
2026-02-03,0050,72.9500,73.0000,73.0500,72.4000,73734001,TWSE_STOCK_DAY
2026-02-03,1590,1175.0000,1160.0000,1185.0000,1140.0000,2720797,TWSE_STOCK_DAY
2026-02-03,1709,16.7500,16.8500,16.9500,16.7000,353326,TWSE_STOCK_DAY
2026-02-03,1714,9.0900,9.2100,9.2600,9.0100,3122948,TWSE_STOCK_DAY
2026-02-03,2030,16.7000,17.5000,17.5000,16.7000,3351412,TWSE_STOCK_DAY
2026-02-03,2059,3105.0000,3160.0000,3170.0000,3045.0000,1158091,TWSE_STOCK_DAY
2026-02-03,2103,14.4500,14.7500,14.9500,14.2500,3861895,TWSE_STOCK_DAY
2026-02-03,2301,170.5000,163.5000,171.5000,162.0000,22807522,TWSE_STOCK_DAY
2026-02-03,2354,56.7000,57.5000,57.7000,56.2000,3431256,TWSE_STOCK_DAY
2026-02-03,2395,290.0000,296.0000,296.0000,288.0000,2470931,TWSE_STOCK_DAY
2026-02-03,2397,58.7000,59.1000,59.7000,58.7000,120951,TWSE_STOCK_DAY
2026-02-03,2408,277.5000,312.0000,314.5000,265.0000,177860167,TWSE_STOCK_DAY
2026-02-03,2606,61.6000,61.2000,62.3000,61.0000,3460314,TWSE_STOCK_DAY
2026-02-03,2609,52.4000,52.7000,53.0000,52.3000,7029767,TWSE_STOCK_DAY
2026-02-03,2637,69.7000,69.4000,70.9000,69.4000,2048298,TWSE_STOCK_DAY
2026-02-03,2886,38.9000,38.8000,39.1500,38.8000,11350986,TWSE_STOCK_DAY
2026-02-03,3006,168.5000,195.5000,196.5000,165.0000,76414170,TWSE_STOCK_DAY
2026-02-03,3044,407.0000,402.0000,423.0000,401.5000,8715971,TWSE_STOCK_DAY
2026-02-03,3046,52.5000,52.8000,53.9000,52.3000,271204,TWSE_STOCK_DAY
2026-02-03,3605,64.9000,65.0000,65.4000,62.7000,2339520,TWSE_STOCK_DAY
2026-02-03,3702,64.0000,64.7000,64.9000,63.5000,4725360,TWSE_STOCK_DAY
2026-02-03,6213,107.5000,106.5000,107.5000,104.5000,3818501,TWSE_STOCK_DAY
2026-02-03,6570,40.1000,39.4500,40.1000,39.0000,66000,TPEX_STOCK_DAY
2026-02-03,6603,25.3500,25.8500,26.0500,25.1000,1346000,TPEX_STOCK_DAY
2026-02-03,6672,87.5000,87.9000,89.9000,86.8000,747260,TWSE_STOCK_DAY
2026-02-03,TAIEX,32195.3600,31737.6600,32293.8300,31737.6600,0,TWSE_TAIEX_INDEX
2026-02-04,0050,72.9000,72.4000,73.1500,72.3000,59733704,TWSE_STOCK_DAY
2026-02-04,1590,1210.0000,1195.0000,1250.0000,1175.0000,1837739,TWSE_STOCK_DAY
2026-02-04,1709,16.9000,16.7500,17.0000,16.7500,253734,TWSE_STOCK_DAY
2026-02-04,1714,9.2000,9.0900,9.2300,8.9800,2757938,TWSE_STOCK_DAY
2026-02-04,2030,17.3000,17.0000,17.4000,16.8000,1879750,TWSE_STOCK_DAY
2026-02-04,2059,3075.0000,3090.0000,3095.0000,3020.0000,935637,TWSE_STOCK_DAY
2026-02-04,2103,14.9500,14.5000,15.0500,14.4000,1553249,TWSE_STOCK_DAY
2026-02-04,2301,173.5000,170.5000,178.0000,167.5000,33575165,TWSE_STOCK_DAY
2026-02-04,2354,57.8000,56.9000,58.0000,56.8000,3034753,TWSE_STOCK_DAY
2026-02-04,2395,287.5000,288.0000,291.5000,287.5000,1492981,TWSE_STOCK_DAY
2026-02-04,2397,62.7000,59.6000,63.0000,59.5000,616578,TWSE_STOCK_DAY
2026-02-04,2408,295.0000,279.5000,298.0000,273.5000,102753596,TWSE_STOCK_DAY
2026-02-04,2606,62.5000,61.0000,62.5000,60.7000,2342984,TWSE_STOCK_DAY
2026-02-04,2609,52.8000,52.2000,53.3000,52.1000,7035973,TWSE_STOCK_DAY
2026-02-04,2637,71.4000,69.3000,71.4000,68.6000,1655482,TWSE_STOCK_DAY
2026-02-04,2886,39.1500,39.1000,39.6500,39.0500,11830851,TWSE_STOCK_DAY
2026-02-04,3006,173.0000,166.0000,175.5000,165.0000,34170127,TWSE_STOCK_DAY
2026-02-04,3044,417.0000,404.0000,417.0000,402.5000,3755553,TWSE_STOCK_DAY
2026-02-04,3046,52.6000,52.8000,53.3000,52.3000,154369,TWSE_STOCK_DAY
2026-02-04,3605,64.5000,64.1000,65.8000,64.1000,1297002,TWSE_STOCK_DAY
2026-02-04,3702,64.2000,63.9000,64.5000,63.0000,4244301,TWSE_STOCK_DAY
2026-02-04,6213,118.0000,106.5000,118.0000,106.5000,14581820,TWSE_STOCK_DAY
2026-02-04,6570,39.8000,39.6500,40.5000,39.4500,41000,TPEX_STOCK_DAY
2026-02-04,6603,26.0000,25.4000,26.1500,25.2000,1283000,TPEX_STOCK_DAY
2026-02-04,6672,96.2000,92.4000,96.2000,92.4000,1566597,TWSE_STOCK_DAY
2026-02-04,TAIEX,32289.8100,32196.5700,32380.0000,31942.2800,0,TWSE_TAIEX_INDEX
2026-02-05,0050,72.0000,72.0500,72.2500,71.7500,107575796,TWSE_STOCK_DAY
2026-02-05,1590,1245.0000,1200.0000,1260.0000,1185.0000,2072497,TWSE_STOCK_DAY
2026-02-05,1709,17.0000,16.8500,17.0500,16.8500,360702,TWSE_STOCK_DAY
2026-02-05,1714,9.2000,9.2100,9.2200,9.1100,1569102,TWSE_STOCK_DAY
2026-02-05,2030,16.8500,17.4000,17.4500,16.8000,1219398,TWSE_STOCK_DAY
2026-02-05,2059,3020.0000,3110.0000,3165.0000,3020.0000,841417,TWSE_STOCK_DAY
2026-02-05,2103,15.2500,15.1000,15.5000,15.0000,4035879,TWSE_STOCK_DAY
2026-02-05,2301,165.5000,170.0000,172.0000,165.0000,20834939,TWSE_STOCK_DAY
2026-02-05,2354,56.8000,57.9000,58.3000,56.8000,3661735,TWSE_STOCK_DAY
2026-02-05,2395,287.5000,286.5000,293.0000,285.5000,1362734,TWSE_STOCK_DAY
2026-02-05,2397,61.1000,61.9000,62.3000,60.9000,227541,TWSE_STOCK_DAY
2026-02-05,2408,275.0000,282.0000,286.0000,269.0000,88050378,TWSE_STOCK_DAY
2026-02-05,2606,61.6000,61.6000,61.9000,61.1000,3179087,TWSE_STOCK_DAY
2026-02-05,2609,52.8000,53.3000,53.7000,52.8000,7045457,TWSE_STOCK_DAY
2026-02-05,2637,69.2000,69.7000,70.3000,68.6000,2670921,TWSE_STOCK_DAY
2026-02-05,2886,39.7000,39.3000,39.8000,39.3000,19290857,TWSE_STOCK_DAY
2026-02-05,3006,169.5000,165.5000,174.5000,164.0000,18443568,TWSE_STOCK_DAY
2026-02-05,3044,395.0000,410.0000,415.0000,391.0000,4381731,TWSE_STOCK_DAY
2026-02-05,3046,52.5000,52.5000,53.7000,52.3000,231523,TWSE_STOCK_DAY
2026-02-05,3605,61.8000,64.0000,64.4000,61.8000,2038270,TWSE_STOCK_DAY
2026-02-05,3702,63.1000,64.2000,64.2000,62.9000,3877533,TWSE_STOCK_DAY
2026-02-05,6213,116.5000,118.0000,123.5000,116.5000,27850369,TWSE_STOCK_DAY
2026-02-05,6570,39.7000,39.8000,40.1000,39.5000,25000,TPEX_STOCK_DAY
2026-02-05,6603,25.3000,26.2000,26.2500,25.2000,1289000,TPEX_STOCK_DAY
2026-02-05,6672,105.5000,101.0000,105.5000,101.0000,7287839,TWSE_STOCK_DAY
2026-02-05,TAIEX,31801.2700,32241.6400,32241.6400,31769.0800,0,TWSE_TAIEX_INDEX
2026-02-06,0050,71.9000,71.4000,72.2500,70.8000,110883112,TWSE_STOCK_DAY
2026-02-06,1590,1195.0000,1250.0000,1250.0000,1180.0000,1327156,TWSE_STOCK_DAY
2026-02-06,1709,16.8000,16.9000,16.9500,16.6500,376201,TWSE_STOCK_DAY
2026-02-06,1714,9.1200,9.1500,9.2000,9.0400,1937335,TWSE_STOCK_DAY
2026-02-06,2030,16.3000,16.6000,16.6500,16.2000,1310467,TWSE_STOCK_DAY
2026-02-06,2059,2955.0000,3005.0000,3020.0000,2875.0000,803941,TWSE_STOCK_DAY
2026-02-06,2103,15.4500,15.2000,15.5000,14.8000,2460844,TWSE_STOCK_DAY
2026-02-06,2301,164.5000,163.0000,165.0000,161.0000,12317547,TWSE_STOCK_DAY
2026-02-06,2354,56.3000,56.5000,56.7000,55.0000,4797364,TWSE_STOCK_DAY
2026-02-06,2395,287.5000,287.5000,288.0000,283.0000,1939721,TWSE_STOCK_DAY
2026-02-06,2397,59.8000,61.0000,61.0000,58.8000,240501,TWSE_STOCK_DAY
2026-02-06,2408,264.0000,260.0000,277.5000,251.0000,133131168,TWSE_STOCK_DAY
2026-02-06,2606,60.6000,61.1000,61.2000,60.1000,3600972,TWSE_STOCK_DAY
2026-02-06,2609,52.2000,52.4000,52.4000,51.7000,9781881,TWSE_STOCK_DAY
2026-02-06,2637,68.2000,68.0000,68.6000,67.4000,2125760,TWSE_STOCK_DAY
2026-02-06,2886,39.8000,39.4000,39.8000,39.3500,14700507,TWSE_STOCK_DAY
2026-02-06,3006,160.0000,165.5000,167.0000,153.0000,22571267,TWSE_STOCK_DAY
2026-02-06,3044,379.5000,384.0000,386.5000,373.5000,3430523,TWSE_STOCK_DAY
2026-02-06,3046,51.3000,51.5000,51.5000,49.2000,782565,TWSE_STOCK_DAY
2026-02-06,3605,61.1000,61.7000,62.1000,60.3000,1558472,TWSE_STOCK_DAY
2026-02-06,3702,63.0000,62.8000,63.2000,62.0000,4059981,TWSE_STOCK_DAY
2026-02-06,6213,115.0000,116.5000,117.5000,111.0000,11072881,TWSE_STOCK_DAY
2026-02-06,6570,40.0000,39.9500,40.0000,39.1500,77000,TPEX_STOCK_DAY
2026-02-06,6603,25.5500,25.7500,25.7500,24.6500,1414000,TPEX_STOCK_DAY
2026-02-06,6672,99.8000,104.0000,105.0000,95.8000,7495178,TWSE_STOCK_DAY
2026-02-06,TAIEX,31782.9200,31746.4400,31842.6200,31164.2800,0,TWSE_TAIEX_INDEX
2026-02-09,0050,73.9500,74.0500,74.1500,73.7500,122340661,TWSE_STOCK_DAY
2026-02-09,1590,1215.0000,1240.0000,1245.0000,1195.0000,693873,TWSE_STOCK_DAY
2026-02-09,1709,16.7500,16.8500,16.8500,16.7000,214921,TWSE_STOCK_DAY
2026-02-09,1714,9.0800,9.1700,9.2400,9.0300,2247985,TWSE_STOCK_DAY
2026-02-09,2030,16.3500,16.5500,16.5500,16.1500,801679,TWSE_STOCK_DAY
2026-02-09,2059,2910.0000,3055.0000,3055.0000,2900.0000,799764,TWSE_STOCK_DAY
2026-02-09,2103,16.1000,15.7500,16.3500,15.7500,9090924,TWSE_STOCK_DAY
2026-02-09,2301,173.5000,169.0000,174.0000,167.0000,26286133,TWSE_STOCK_DAY
2026-02-09,2354,57.9000,57.5000,57.9000,57.0000,4148097,TWSE_STOCK_DAY
2026-02-09,2395,291.0000,298.0000,302.0000,290.0000,2450562,TWSE_STOCK_DAY
2026-02-09,2397,59.9000,60.2000,60.6000,59.7000,144581,TWSE_STOCK_DAY
2026-02-09,2408,274.5000,282.5000,283.0000,269.0000,88633773,TWSE_STOCK_DAY
2026-02-09,2606,61.3000,61.1000,61.8000,60.9000,1971288,TWSE_STOCK_DAY
2026-02-09,2609,52.2000,52.4000,52.6000,52.0000,5868133,TWSE_STOCK_DAY
2026-02-09,2637,70.0000,69.1000,70.0000,68.5000,2360746,TWSE_STOCK_DAY
2026-02-09,2886,39.8000,39.9500,40.0000,39.6500,15368518,TWSE_STOCK_DAY
2026-02-09,3006,162.0000,169.0000,169.5000,160.0000,20141869,TWSE_STOCK_DAY
2026-02-09,3044,382.5000,395.0000,395.0000,378.0000,2561291,TWSE_STOCK_DAY
2026-02-09,3046,49.9000,51.6000,51.7000,49.7000,507743,TWSE_STOCK_DAY
2026-02-09,3605,63.6000,62.6000,64.2000,62.3000,1672393,TWSE_STOCK_DAY
2026-02-09,3702,63.4000,63.8000,64.0000,63.2000,2468380,TWSE_STOCK_DAY
2026-02-09,6213,118.0000,118.5000,120.0000,115.5000,9705655,TWSE_STOCK_DAY
2026-02-09,6570,39.4000,39.5500,39.5500,39.3000,20000,TPEX_STOCK_DAY
2026-02-09,6603,24.7000,26.1500,26.1500,24.7000,1257000,TPEX_STOCK_DAY
2026-02-09,6672,98.0000,104.0000,105.5000,98.0000,4802798,TWSE_STOCK_DAY
2026-02-09,TAIEX,32404.6200,31956.2100,32666.0500,31956.2100,0,TWSE_TAIEX_INDEX
2026-02-10,0050,75.5000,74.6500,75.5000,74.6000,102315945,TWSE_STOCK_DAY
2026-02-10,1590,1230.0000,1200.0000,1230.0000,1190.0000,831286,TWSE_STOCK_DAY
2026-02-10,1709,16.6500,16.8000,16.8000,16.6000,315458,TWSE_STOCK_DAY
2026-02-10,1714,9.0900,9.0400,9.1300,9.0200,1735362,TWSE_STOCK_DAY
2026-02-10,2030,16.4000,16.3500,16.5000,16.2500,399497,TWSE_STOCK_DAY
2026-02-10,2059,2935.0000,2945.0000,2995.0000,2885.0000,717161,TWSE_STOCK_DAY
2026-02-10,2103,16.2000,16.1000,16.3000,15.8000,3153243,TWSE_STOCK_DAY
2026-02-10,2301,177.5000,174.0000,180.5000,172.0000,52348989,TWSE_STOCK_DAY
2026-02-10,2354,57.9000,58.0000,58.0000,57.2000,2484044,TWSE_STOCK_DAY
2026-02-10,2395,297.5000,291.5000,297.5000,290.5000,2350035,TWSE_STOCK_DAY
2026-02-10,2397,60.4000,59.5000,60.4000,59.3000,122553,TWSE_STOCK_DAY
2026-02-10,2408,271.0000,276.5000,281.0000,263.5000,96717244,TWSE_STOCK_DAY
2026-02-10,2606,62.1000,61.6000,62.5000,61.2000,2666191,TWSE_STOCK_DAY
2026-02-10,2609,52.8000,52.9000,53.1000,52.5000,7924099,TWSE_STOCK_DAY
2026-02-10,2637,69.8000,70.2000,71.0000,69.4000,2320107,TWSE_STOCK_DAY
2026-02-10,2886,39.8000,39.8000,39.9500,39.6500,19517581,TWSE_STOCK_DAY
2026-02-10,3006,155.0000,162.5000,163.0000,151.0000,17088108,TWSE_STOCK_DAY
2026-02-10,3044,375.0000,384.0000,385.5000,374.0000,4017707,TWSE_STOCK_DAY
2026-02-10,3046,49.6000,50.1000,50.1000,49.4500,187239,TWSE_STOCK_DAY
2026-02-10,3605,63.6000,65.8000,67.2000,63.6000,2938451,TWSE_STOCK_DAY
2026-02-10,3702,64.5000,64.0000,64.6000,63.8000,4571729,TWSE_STOCK_DAY
2026-02-10,6213,118.5000,119.5000,121.0000,118.0000,8202383,TWSE_STOCK_DAY
2026-02-10,6570,40.3000,39.9000,40.3500,39.4000,176000,TPEX_STOCK_DAY
2026-02-10,6603,24.3500,24.7000,24.7500,24.0500,1807000,TPEX_STOCK_DAY
2026-02-10,6672,96.4000,97.6000,98.3000,95.3000,1560891,TWSE_STOCK_DAY
2026-02-10,TAIEX,33072.9700,32439.7100,33072.9700,32439.7100,0,TWSE_TAIEX_INDEX
2026-02-11,0050,77.2000,75.9000,77.4500,75.9000,120639150,TWSE_STOCK_DAY
2026-02-11,1590,1200.0000,1260.0000,1275.0000,1190.0000,994396,TWSE_STOCK_DAY
2026-02-11,1709,16.6500,16.6500,16.8000,16.6500,279834,TWSE_STOCK_DAY
2026-02-11,1714,9.2500,9.1800,9.4800,9.1800,7177143,TWSE_STOCK_DAY
2026-02-11,2030,16.5000,16.5000,16.7000,16.4500,667150,TWSE_STOCK_DAY
2026-02-11,2059,3030.0000,2945.0000,3030.0000,2920.0000,648559,TWSE_STOCK_DAY
2026-02-11,2103,16.2500,16.2000,16.3000,16.1000,3804750,TWSE_STOCK_DAY
2026-02-11,2301,179.5000,175.5000,181.0000,174.0000,33625719,TWSE_STOCK_DAY
2026-02-11,2354,58.7000,58.2000,58.7000,57.7000,4248961,TWSE_STOCK_DAY
2026-02-11,2395,305.0000,300.0000,307.0000,299.5000,4338052,TWSE_STOCK_DAY
2026-02-11,2397,60.5000,60.3000,60.5000,59.7000,161895,TWSE_STOCK_DAY
2026-02-11,2408,278.0000,266.5000,281.0000,264.5000,91754473,TWSE_STOCK_DAY
2026-02-11,2606,62.6000,61.9000,62.9000,61.6000,3692390,TWSE_STOCK_DAY
2026-02-11,2609,53.3000,52.6000,53.3000,52.5000,8163488,TWSE_STOCK_DAY
2026-02-11,2637,70.2000,69.8000,70.5000,69.4000,1446985,TWSE_STOCK_DAY
2026-02-11,2886,40.0500,40.0000,40.1000,39.8500,25188751,TWSE_STOCK_DAY
2026-02-11,3006,154.0000,152.5000,158.5000,151.5000,11837264,TWSE_STOCK_DAY
2026-02-11,3044,388.0000,393.0000,396.5000,385.5000,5490180,TWSE_STOCK_DAY
2026-02-11,3046,48.7000,49.0500,49.2500,48.5500,524089,TWSE_STOCK_DAY
2026-02-11,3605,64.2000,65.6000,66.6000,64.2000,3160095,TWSE_STOCK_DAY
2026-02-11,3702,64.5000,64.9000,65.2000,64.3000,5435539,TWSE_STOCK_DAY
2026-02-11,6213,121.0000,120.0000,124.5000,119.5000,19972638,TWSE_STOCK_DAY
2026-02-11,6570,39.6000,39.6500,39.7000,38.4500,78000,TPEX_STOCK_DAY
2026-02-11,6603,24.1000,24.4500,24.5000,24.0000,1680000,TPEX_STOCK_DAY
2026-02-11,6672,94.6000,95.8000,96.4000,94.5000,1614751,TWSE_STOCK_DAY
2026-02-11,TAIEX,33605.7100,33086.1500,33707.8300,33071.6700,0,TWSE_TAIEX_INDEX
2026-02-23,0050,77.4000,78.4500,78.4500,77.2000,227936939,TWSE_STOCK_DAY
2026-02-23,1590,1175.0000,1220.0000,1250.0000,1150.0000,1789895,TWSE_STOCK_DAY
2026-02-23,1709,16.6500,16.6000,16.8000,16.6000,729954,TWSE_STOCK_DAY
2026-02-23,1714,9.3100,9.3400,9.3900,9.2300,3417102,TWSE_STOCK_DAY
2026-02-23,2030,16.1000,16.4000,16.5000,16.0000,717145,TWSE_STOCK_DAY
2026-02-23,2059,3030.0000,3075.0000,3080.0000,2965.0000,772315,TWSE_STOCK_DAY
2026-02-23,2103,17.8500,17.2000,17.8500,17.2000,8181687,TWSE_STOCK_DAY
2026-02-23,2301,184.5000,184.5000,187.5000,180.5000,39472491,TWSE_STOCK_DAY
2026-02-23,2354,58.7000,59.2000,59.5000,58.3000,6907776,TWSE_STOCK_DAY
2026-02-23,2395,315.0000,320.0000,324.0000,310.0000,5505664,TWSE_STOCK_DAY
2026-02-23,2397,61.6000,60.3000,61.6000,60.3000,159229,TWSE_STOCK_DAY
2026-02-23,2408,289.0000,295.0000,298.5000,286.5000,92665480,TWSE_STOCK_DAY
2026-02-23,2606,62.9000,63.3000,64.0000,62.9000,6763623,TWSE_STOCK_DAY
2026-02-23,2609,55.5000,54.2000,56.0000,54.1000,34692392,TWSE_STOCK_DAY
2026-02-23,2637,70.9000,71.0000,72.3000,70.8000,3288801,TWSE_STOCK_DAY
2026-02-23,2886,40.9500,40.6500,40.9500,40.2000,38043672,TWSE_STOCK_DAY
2026-02-23,3006,155.0000,160.0000,163.5000,153.5000,20732486,TWSE_STOCK_DAY
2026-02-23,3044,385.5000,392.0000,392.0000,378.5000,3269577,TWSE_STOCK_DAY
2026-02-23,3046,48.9500,48.7500,49.2500,48.4000,287438,TWSE_STOCK_DAY
2026-02-23,3605,64.0000,64.8000,65.0000,63.5000,1404015,TWSE_STOCK_DAY
2026-02-23,3702,65.2000,65.5000,66.2000,64.7000,7499055,TWSE_STOCK_DAY
2026-02-23,6213,121.5000,122.0000,123.5000,120.5000,10140075,TWSE_STOCK_DAY
2026-02-23,6570,40.0000,39.8500,40.4500,39.4000,90000,TPEX_STOCK_DAY
2026-02-23,6603,24.2500,24.4500,24.4500,23.4500,1409000,TPEX_STOCK_DAY
2026-02-23,6672,98.2000,95.5000,98.9000,94.6000,1136377,TWSE_STOCK_DAY
2026-02-23,TAIEX,33773.2600,33663.0200,34212.3800,33663.0200,0,TWSE_TAIEX_INDEX
2026-02-24,0050,79.4000,77.9500,79.6500,77.8500,150367766,TWSE_STOCK_DAY
2026-02-24,1590,1185.0000,1180.0000,1190.0000,1160.0000,879829,TWSE_STOCK_DAY
2026-02-24,1709,16.7500,16.7000,16.8500,16.7000,581568,TWSE_STOCK_DAY
2026-02-24,1714,9.4500,9.3300,9.4700,9.3200,5297386,TWSE_STOCK_DAY
2026-02-24,2030,16.0500,16.0500,16.2500,15.9500,922986,TWSE_STOCK_DAY
2026-02-24,2059,3125.0000,3080.0000,3130.0000,3015.0000,794879,TWSE_STOCK_DAY
2026-02-24,2103,19.6000,19.6000,19.6000,19.3000,11160606,TWSE_STOCK_DAY
2026-02-24,2301,193.5000,186.5000,194.0000,183.5000,38376937,TWSE_STOCK_DAY
2026-02-24,2354,58.9000,58.7000,59.5000,58.7000,4485952,TWSE_STOCK_DAY
2026-02-24,2395,324.0000,314.0000,324.5000,311.5000,4866239,TWSE_STOCK_DAY
2026-02-24,2397,61.5000,61.5000,62.0000,61.3000,130248,TWSE_STOCK_DAY
2026-02-24,2408,298.0000,292.0000,303.0000,286.0000,94108231,TWSE_STOCK_DAY
2026-02-24,2606,64.0000,63.5000,65.0000,63.5000,6078463,TWSE_STOCK_DAY
2026-02-24,2609,55.9000,55.7000,56.1000,55.5000,13868548,TWSE_STOCK_DAY
2026-02-24,2637,72.4000,71.2000,72.7000,71.2000,3339762,TWSE_STOCK_DAY
2026-02-24,2886,40.8000,40.9500,40.9500,40.5500,22432478,TWSE_STOCK_DAY
2026-02-24,3006,167.0000,155.0000,169.0000,152.0000,17851643,TWSE_STOCK_DAY
2026-02-24,3044,392.0000,385.5000,392.0000,385.5000,2303869,TWSE_STOCK_DAY
2026-02-24,3046,48.6000,49.0500,49.3500,48.5000,334035,TWSE_STOCK_DAY
2026-02-24,3605,66.3000,63.8000,66.3000,63.6000,2369295,TWSE_STOCK_DAY
2026-02-24,3702,66.6000,65.2000,66.9000,65.0000,8979737,TWSE_STOCK_DAY
2026-02-24,6213,133.5000,122.0000,133.5000,122.0000,33553486,TWSE_STOCK_DAY
2026-02-24,6570,40.0000,40.0000,40.2500,39.6500,61000,TPEX_STOCK_DAY
2026-02-24,6603,25.4000,24.6500,25.9500,24.6500,1651000,TPEX_STOCK_DAY
2026-02-24,6672,102.0000,98.3000,102.5000,97.9000,2165485,TWSE_STOCK_DAY
2026-02-24,TAIEX,34700.8200,34020.7100,34786.4200,33987.5100,0,TWSE_TAIEX_INDEX
2026-02-25,0050,81.1000,80.3500,81.8000,80.2500,167423484,TWSE_STOCK_DAY
2026-02-25,1590,1190.0000,1205.0000,1210.0000,1180.0000,824962,TWSE_STOCK_DAY
2026-02-25,1709,16.8000,16.8000,16.8500,16.7000,531316,TWSE_STOCK_DAY
2026-02-25,1714,9.9300,9.4900,9.9300,9.4900,11254480,TWSE_STOCK_DAY
2026-02-25,2030,16.6500,16.3000,16.8000,16.3000,1496799,TWSE_STOCK_DAY
2026-02-25,2059,3360.0000,3260.0000,3415.0000,3210.0000,1819558,TWSE_STOCK_DAY
2026-02-25,2103,20.8000,21.5500,21.5500,19.1000,65364243,TWSE_STOCK_DAY
2026-02-25,2301,192.0000,197.0000,200.0000,188.0000,30447331,TWSE_STOCK_DAY
2026-02-25,2354,60.0000,59.4000,60.5000,59.4000,9375695,TWSE_STOCK_DAY
2026-02-25,2395,333.0000,325.0000,334.0000,324.5000,5146369,TWSE_STOCK_DAY
2026-02-25,2397,61.8000,61.6000,62.1000,61.5000,118565,TWSE_STOCK_DAY
2026-02-25,2408,288.0000,298.0000,298.0000,283.0000,68339903,TWSE_STOCK_DAY
2026-02-25,2606,64.9000,64.1000,66.0000,64.1000,7848001,TWSE_STOCK_DAY
2026-02-25,2609,56.3000,56.3000,56.4000,55.7000,15068653,TWSE_STOCK_DAY
2026-02-25,2637,72.2000,72.0000,73.9000,72.0000,3584160,TWSE_STOCK_DAY
2026-02-25,2886,40.5500,40.8000,40.8500,40.3500,20413061,TWSE_STOCK_DAY
2026-02-25,3006,159.0000,167.0000,167.5000,155.0000,19052062,TWSE_STOCK_DAY
2026-02-25,3044,397.0000,394.0000,401.5000,389.5000,3074160,TWSE_STOCK_DAY
2026-02-25,3046,48.5500,48.6500,48.8000,48.0000,224493,TWSE_STOCK_DAY
2026-02-25,3605,64.7000,66.3000,66.5000,64.4000,1688110,TWSE_STOCK_DAY
2026-02-25,3702,68.5000,67.0000,68.7000,66.5000,8532386,TWSE_STOCK_DAY
2026-02-25,6213,146.5000,137.5000,146.5000,129.0000,38829055,TWSE_STOCK_DAY
2026-02-25,6570,39.9000,39.6500,39.9000,39.5500,39000,TPEX_STOCK_DAY
2026-02-25,6603,24.4500,25.6500,25.7000,24.4500,1487000,TPEX_STOCK_DAY
2026-02-25,6672,101.0000,102.5000,107.0000,100.0000,2014532,TWSE_STOCK_DAY
2026-02-25,TAIEX,35413.0700,34753.3100,35521.5400,34753.3100,0,TWSE_TAIEX_INDEX
2026-02-26,0050,81.1500,81.2500,81.5000,80.8000,133517321,TWSE_STOCK_DAY
2026-02-26,1590,1205.0000,1220.0000,1250.0000,1195.0000,1339131,TWSE_STOCK_DAY
2026-02-26,1709,16.7000,16.8000,16.8500,16.6000,641727,TWSE_STOCK_DAY
2026-02-26,1714,10.0000,10.0000,10.0500,9.7300,8780809,TWSE_STOCK_DAY
2026-02-26,2030,16.5000,16.8000,16.8000,16.3500,650189,TWSE_STOCK_DAY
2026-02-26,2059,3445.0000,3490.0000,3540.0000,3400.0000,1809148,TWSE_STOCK_DAY
2026-02-26,2103,20.5000,20.6000,21.4000,20.0500,17590093,TWSE_STOCK_DAY
2026-02-26,2301,173.0000,185.0000,185.5000,173.0000,98092075,TWSE_STOCK_DAY
2026-02-26,2354,59.5000,60.7000,60.7000,59.3000,4693731,TWSE_STOCK_DAY
2026-02-26,2395,336.5000,332.0000,336.5000,325.5000,5708946,TWSE_STOCK_DAY
2026-02-26,2397,61.8000,61.6000,62.0000,61.4000,220401,TWSE_STOCK_DAY
2026-02-26,2408,285.5000,290.0000,291.5000,277.0000,65835407,TWSE_STOCK_DAY
2026-02-26,2606,66.5000,64.8000,67.5000,64.8000,9735521,TWSE_STOCK_DAY
2026-02-26,2609,57.4000,56.4000,57.7000,56.3000,33209641,TWSE_STOCK_DAY
2026-02-26,2637,72.8000,72.8000,74.1000,72.8000,4975836,TWSE_STOCK_DAY
2026-02-26,2886,40.5500,40.5000,40.8500,40.3500,30792529,TWSE_STOCK_DAY
2026-02-26,3006,156.5000,158.5000,159.0000,151.5000,11071056,TWSE_STOCK_DAY
2026-02-26,3044,389.5000,401.0000,404.5000,387.0000,4147989,TWSE_STOCK_DAY
2026-02-26,3046,49.1000,49.0500,49.3000,48.9000,197834,TWSE_STOCK_DAY
2026-02-26,3605,64.5000,64.8000,65.2000,63.8000,1298677,TWSE_STOCK_DAY
2026-02-26,3702,70.0000,69.0000,70.6000,67.8000,13477766,TWSE_STOCK_DAY
2026-02-26,6213,141.5000,148.0000,148.5000,137.5000,27422010,TWSE_STOCK_DAY
2026-02-26,6570,40.0000,39.7000,40.3000,39.4500,106000,TPEX_STOCK_DAY
2026-02-26,6603,24.8000,24.9000,24.9500,24.3000,972000,TPEX_STOCK_DAY
2026-02-26,6672,102.0000,102.0000,103.0000,100.5000,1194613,TWSE_STOCK_DAY
2026-02-26,TAIEX,35414.4900,35457.7600,35579.3400,35171.5200,0,TWSE_TAIEX_INDEX
2026-03-02,0050,80.3500,79.5000,80.8000,79.1500,224651381,TWSE_STOCK_DAY
2026-03-02,1590,1245.0000,1135.0000,1265.0000,1135.0000,1066789,TWSE_STOCK_DAY
2026-03-02,1709,17.1500,16.7000,17.2500,16.7000,1064815,TWSE_STOCK_DAY
2026-03-02,1714,9.8300,9.8900,10.0500,9.7900,4279968,TWSE_STOCK_DAY
2026-03-02,2030,16.1500,16.4500,16.4500,16.1000,601888,TWSE_STOCK_DAY
2026-03-02,2059,3420.0000,3395.0000,3520.0000,3350.0000,806332,TWSE_STOCK_DAY
2026-03-02,2103,18.9000,20.6000,20.6500,18.8000,22810158,TWSE_STOCK_DAY
2026-03-02,2301,169.0000,167.0000,174.0000,165.5000,33393984,TWSE_STOCK_DAY
2026-03-02,2354,58.9000,58.0000,59.2000,57.5000,4093665,TWSE_STOCK_DAY
2026-03-02,2395,336.5000,340.0000,342.5000,331.0000,5795583,TWSE_STOCK_DAY
2026-03-02,2397,60.9000,61.4000,61.4000,60.2000,192323,TWSE_STOCK_DAY
2026-03-02,2408,285.0000,268.0000,291.0000,267.5000,53402138,TWSE_STOCK_DAY
2026-03-02,2606,67.7000,71.0000,71.5000,65.0000,19262597,TWSE_STOCK_DAY
2026-03-02,2609,60.0000,61.9000,62.9000,58.7000,80212098,TWSE_STOCK_DAY
2026-03-02,2637,73.8000,76.4000,77.2000,71.9000,8566901,TWSE_STOCK_DAY
2026-03-02,2886,40.2000,40.8000,40.9500,40.0000,20905088,TWSE_STOCK_DAY
2026-03-02,3006,170.0000,149.0000,172.0000,149.0000,26557256,TWSE_STOCK_DAY
2026-03-02,3044,387.5000,374.0000,394.0000,372.5000,2851528,TWSE_STOCK_DAY
2026-03-02,3046,49.2500,48.5500,49.5000,47.9000,258240,TWSE_STOCK_DAY
2026-03-02,3605,65.1000,63.3000,66.0000,62.6000,1723843,TWSE_STOCK_DAY
2026-03-02,3702,67.6000,69.0000,69.0000,67.2000,7625876,TWSE_STOCK_DAY
2026-03-02,6213,132.0000,133.5000,137.5000,132.0000,15155295,TWSE_STOCK_DAY
2026-03-02,6570,39.4500,39.1000,40.0000,39.0000,113000,TPEX_STOCK_DAY
2026-03-02,6603,25.3000,23.5000,25.7000,23.0500,1275000,TPEX_STOCK_DAY
2026-03-02,6672,99.1000,99.5000,101.5000,98.6000,1058552,TWSE_STOCK_DAY
2026-03-02,TAIEX,35095.0900,35277.4800,35345.7200,34605.3600,0,TWSE_TAIEX_INDEX
2026-03-03,0050,78.7500,80.0500,80.4000,78.6500,324317518,TWSE_STOCK_DAY
2026-03-03,1590,1185.0000,1240.0000,1240.0000,1175.0000,1078796,TWSE_STOCK_DAY
2026-03-03,1709,16.8500,17.2000,17.2500,16.8500,310488,TWSE_STOCK_DAY
2026-03-03,1714,9.7300,9.8900,9.8900,9.5800,4806239,TWSE_STOCK_DAY
2026-03-03,2030,16.0000,16.1000,16.3000,15.9500,759258,TWSE_STOCK_DAY
2026-03-03,2059,3280.0000,3410.0000,3445.0000,3275.0000,755114,TWSE_STOCK_DAY
2026-03-03,2103,19.6500,18.9000,20.3000,18.7500,16641430,TWSE_STOCK_DAY
2026-03-03,2301,165.0000,170.0000,171.0000,164.0000,29085972,TWSE_STOCK_DAY
2026-03-03,2354,57.0000,58.8000,59.2000,56.8000,7600100,TWSE_STOCK_DAY
2026-03-03,2395,330.0000,336.5000,338.5000,326.0000,4245858,TWSE_STOCK_DAY
2026-03-03,2397,60.7000,60.9000,62.2000,60.4000,172732,TWSE_STOCK_DAY
2026-03-03,2408,256.5000,287.0000,288.0000,256.5000,90115002,TWSE_STOCK_DAY
2026-03-03,2606,69.5000,67.8000,70.7000,67.7000,15401229,TWSE_STOCK_DAY
2026-03-03,2609,66.0000,61.1000,66.0000,61.0000,176100716,TWSE_STOCK_DAY
2026-03-03,2637,75.9000,73.8000,77.0000,73.6000,7011670,TWSE_STOCK_DAY
2026-03-03,2886,40.4000,40.0000,40.5000,40.0000,19764286,TWSE_STOCK_DAY
2026-03-03,3006,155.0000,170.0000,172.5000,153.0000,24538935,TWSE_STOCK_DAY
2026-03-03,3044,377.5000,387.5000,393.0000,372.0000,3185189,TWSE_STOCK_DAY
2026-03-03,3046,48.5000,48.9500,49.5000,48.3500,184699,TWSE_STOCK_DAY
2026-03-03,3605,63.4000,65.5000,66.3000,63.0000,1895823,TWSE_STOCK_DAY
2026-03-03,3702,67.5000,67.5000,67.9000,66.5000,5547231,TWSE_STOCK_DAY
2026-03-03,6213,134.0000,133.0000,141.0000,130.5000,21340411,TWSE_STOCK_DAY
2026-03-03,6570,39.0500,39.4500,39.4500,38.4000,181000,TPEX_STOCK_DAY
2026-03-03,6603,23.9000,25.3000,25.5500,23.7000,1812000,TPEX_STOCK_DAY
2026-03-03,6672,98.7000,100.0000,103.0000,98.0000,1687463,TWSE_STOCK_DAY
2026-03-03,TAIEX,34323.6500,35106.2200,35264.5900,34323.6500,0,TWSE_TAIEX_INDEX
2026-03-04,0050,75.6000,77.4000,77.4500,75.5000,505217770,TWSE_STOCK_DAY
2026-03-04,1590,1105.0000,1130.0000,1155.0000,1085.0000,1642822,TWSE_STOCK_DAY
2026-03-04,1709,16.4000,16.7000,16.7000,16.4000,878132,TWSE_STOCK_DAY
2026-03-04,1714,9.6200,9.8400,9.8400,9.5200,4244109,TWSE_STOCK_DAY
2026-03-04,2030,15.2500,16.0000,16.0000,15.1000,1108663,TWSE_STOCK_DAY
2026-03-04,2059,3170.0000,3200.0000,3260.0000,3085.0000,586728,TWSE_STOCK_DAY
2026-03-04,2103,19.0000,19.1500,19.4500,18.4000,11301362,TWSE_STOCK_DAY
2026-03-04,2301,155.5000,162.0000,163.5000,155.0000,39068518,TWSE_STOCK_DAY
2026-03-04,2354,54.0000,56.0000,56.2000,53.8000,8872856,TWSE_STOCK_DAY
2026-03-04,2395,311.5000,324.5000,325.0000,311.5000,4359482,TWSE_STOCK_DAY
2026-03-04,2397,56.9000,59.8000,59.8000,56.5000,502464,TWSE_STOCK_DAY
2026-03-04,2408,234.5000,238.0000,246.5000,231.0000,106985500,TWSE_STOCK_DAY
2026-03-04,2606,66.0000,70.3000,70.6000,65.0000,14757716,TWSE_STOCK_DAY
2026-03-04,2609,63.6000,68.9000,69.9000,63.1000,288355411,TWSE_STOCK_DAY
2026-03-04,2637,71.7000,77.0000,77.0000,71.5000,6585979,TWSE_STOCK_DAY
2026-03-04,2886,38.9000,39.8000,40.1500,38.8000,32826311,TWSE_STOCK_DAY
2026-03-04,3006,146.5000,149.5000,154.0000,143.0000,19915052,TWSE_STOCK_DAY
2026-03-04,3044,350.0000,366.0000,371.5000,345.0000,3375914,TWSE_STOCK_DAY
2026-03-04,3046,46.4500,48.5000,48.5000,46.4000,398272,TWSE_STOCK_DAY
2026-03-04,3605,60.0000,62.0000,62.1000,59.8000,1717618,TWSE_STOCK_DAY
2026-03-04,3702,67.5000,66.5000,68.0000,64.8000,11631935,TWSE_STOCK_DAY
2026-03-04,6213,121.5000,130.5000,131.5000,121.0000,14973758,TWSE_STOCK_DAY
2026-03-04,6570,38.0500,38.0500,38.9500,37.1500,106000,TPEX_STOCK_DAY
2026-03-04,6603,23.0500,23.5500,23.9000,23.0000,1438000,TPEX_STOCK_DAY
2026-03-04,6672,92.7000,97.5000,97.5000,92.1000,1665531,TWSE_STOCK_DAY
2026-03-04,TAIEX,32828.8800,34228.7500,34228.7500,32828.8800,0,TWSE_TAIEX_INDEX
2026-03-05,0050,77.4000,78.3000,78.8500,76.7000,207004644,TWSE_STOCK_DAY
2026-03-05,1590,1090.0000,1130.0000,1150.0000,1080.0000,922839,TWSE_STOCK_DAY
2026-03-05,1709,16.6500,16.7000,16.7000,16.5000,287498,TWSE_STOCK_DAY
2026-03-05,1714,9.7500,9.7900,9.8800,9.6400,3620534,TWSE_STOCK_DAY
2026-03-05,2030,15.6500,15.6000,15.6500,15.4500,450461,TWSE_STOCK_DAY
2026-03-05,2059,3320.0000,3340.0000,3390.0000,3270.0000,524172,TWSE_STOCK_DAY
2026-03-05,2103,19.1000,19.3500,19.4000,18.7000,6052411,TWSE_STOCK_DAY
2026-03-05,2301,161.0000,161.5000,162.5000,158.5000,24197040,TWSE_STOCK_DAY
2026-03-05,2354,55.6000,55.1000,55.8000,54.7000,4520142,TWSE_STOCK_DAY
2026-03-05,2395,342.5000,335.5000,342.5000,334.0000,6795655,TWSE_STOCK_DAY
2026-03-05,2397,58.2000,57.8000,58.3000,57.6000,178450,TWSE_STOCK_DAY
2026-03-05,2408,257.5000,257.5000,257.5000,257.5000,21495563,TWSE_STOCK_DAY
2026-03-05,2606,66.2000,66.4000,68.4000,65.1000,10490806,TWSE_STOCK_DAY
2026-03-05,2609,60.0000,64.2000,67.0000,59.3000,140918271,TWSE_STOCK_DAY
2026-03-05,2637,71.7000,73.0000,74.7000,69.8000,4017328,TWSE_STOCK_DAY
2026-03-05,2886,39.3000,39.2000,39.6000,39.0000,17718596,TWSE_STOCK_DAY
2026-03-05,3006,148.0000,158.0000,158.0000,147.5000,21179165,TWSE_STOCK_DAY
2026-03-05,3044,367.5000,380.0000,380.0000,361.0000,2666611,TWSE_STOCK_DAY
2026-03-05,3046,47.8000,47.0500,47.9000,47.0500,169211,TWSE_STOCK_DAY
2026-03-05,3605,63.8000,61.4000,64.9000,60.3000,3119145,TWSE_STOCK_DAY
2026-03-05,3702,70.7000,68.5000,70.9000,68.0000,12058890,TWSE_STOCK_DAY
2026-03-05,6213,128.0000,127.0000,131.0000,125.0000,11723464,TWSE_STOCK_DAY
2026-03-05,6570,39.0000,38.8500,39.0000,38.3000,107000,TPEX_STOCK_DAY
2026-03-05,6603,23.4500,23.7000,24.0000,23.3000,519000,TPEX_STOCK_DAY
2026-03-05,6672,95.3000,95.0000,97.8000,94.0000,756127,TWSE_STOCK_DAY
2026-03-05,TAIEX,33672.9400,33620.7400,34319.6800,33472.9100,0,TWSE_TAIEX_INDEX
2026-03-06,0050,76.8500,76.8000,77.3000,76.3000,151611764,TWSE_STOCK_DAY
2026-03-06,1590,1040.0000,1075.0000,1080.0000,1025.0000,1111123,TWSE_STOCK_DAY
2026-03-06,1709,17.1500,16.5500,17.3000,16.5500,951241,TWSE_STOCK_DAY
2026-03-06,1714,10.2000,9.9200,10.3500,9.7900,14666109,TWSE_STOCK_DAY
2026-03-06,2030,16.1000,15.6500,16.2000,15.4500,550779,TWSE_STOCK_DAY
2026-03-06,2059,3205.0000,3315.0000,3315.0000,3185.0000,645400,TWSE_STOCK_DAY
2026-03-06,2103,21.0000,19.1000,21.0000,19.0500,15792261,TWSE_STOCK_DAY
2026-03-06,2301,159.0000,158.5000,161.0000,157.0000,15607363,TWSE_STOCK_DAY
2026-03-06,2354,55.2000,54.7000,55.3000,54.1000,4356178,TWSE_STOCK_DAY
2026-03-06,2395,375.0000,349.0000,376.5000,344.5000,20083460,TWSE_STOCK_DAY
2026-03-06,2397,57.4000,57.6000,58.0000,57.3000,181833,TWSE_STOCK_DAY
2026-03-06,2408,233.0000,259.0000,262.0000,232.5000,161663082,TWSE_STOCK_DAY
2026-03-06,2606,63.7000,65.5000,66.3000,63.3000,7655808,TWSE_STOCK_DAY
2026-03-06,2609,60.7000,61.9000,63.0000,59.8000,62493695,TWSE_STOCK_DAY
2026-03-06,2637,70.4000,71.0000,72.0000,70.1000,1972083,TWSE_STOCK_DAY
2026-03-06,2886,39.3000,39.2000,39.5000,38.9500,13971381,TWSE_STOCK_DAY
2026-03-06,3006,146.5000,146.5000,156.5000,144.5000,16590661,TWSE_STOCK_DAY
2026-03-06,3044,378.0000,377.0000,380.0000,364.5000,2238260,TWSE_STOCK_DAY
2026-03-06,3046,46.6500,46.9000,47.0000,46.3000,314649,TWSE_STOCK_DAY
2026-03-06,3605,63.6000,63.7000,64.9000,62.5000,2713098,TWSE_STOCK_DAY
2026-03-06,3702,72.0000,70.1000,72.0000,70.0000,9272749,TWSE_STOCK_DAY
2026-03-06,6213,127.5000,127.0000,129.5000,125.5000,7091186,TWSE_STOCK_DAY
2026-03-06,6570,38.7000,38.9500,38.9500,38.2000,50000,TPEX_STOCK_DAY
2026-03-06,6603,23.6000,23.5000,24.2000,23.4500,516000,TPEX_STOCK_DAY
2026-03-06,6672,99.5000,95.1000,99.8000,94.6000,844791,TWSE_STOCK_DAY
2026-03-06,TAIEX,33599.5400,33483.9400,33829.4900,33322.5200,0,TWSE_TAIEX_INDEX
2026-03-09,0050,73.6000,73.1500,73.6000,71.6500,542230074,TWSE_STOCK_DAY
2026-03-09,1590,969.0000,987.0000,998.0000,943.0000,1651415,TWSE_STOCK_DAY
2026-03-09,1709,17.0000,17.2500,17.9500,16.8000,1007536,TWSE_STOCK_DAY
2026-03-09,1714,9.7600,10.0000,10.5000,9.7300,12112014,TWSE_STOCK_DAY
2026-03-09,2030,15.5000,15.5000,15.6500,15.3500,537175,TWSE_STOCK_DAY
2026-03-09,2059,3000.0000,2990.0000,3015.0000,2925.0000,489742,TWSE_STOCK_DAY
2026-03-09,2103,21.2500,21.6000,22.7000,20.0500,39179978,TWSE_STOCK_DAY
2026-03-09,2301,149.0000,147.0000,150.0000,146.0000,21883775,TWSE_STOCK_DAY
2026-03-09,2354,52.2000,52.1000,52.8000,51.5000,7441042,TWSE_STOCK_DAY
2026-03-09,2395,347.0000,346.0000,367.0000,343.0000,8360252,TWSE_STOCK_DAY
2026-03-09,2397,54.5000,55.6000,55.6000,53.7000,267068,TWSE_STOCK_DAY
2026-03-09,2408,210.0000,210.0000,210.0000,210.0000,22142051,TWSE_STOCK_DAY
2026-03-09,2606,60.4000,60.5000,61.3000,59.5000,8969772,TWSE_STOCK_DAY
2026-03-09,2609,61.6000,61.5000,65.0000,59.1000,166538227,TWSE_STOCK_DAY
2026-03-09,2637,66.8000,67.0000,68.0000,66.2000,6205509,TWSE_STOCK_DAY
2026-03-09,2886,39.2000,37.8500,39.3000,37.8500,28174611,TWSE_STOCK_DAY
2026-03-09,3006,132.0000,132.0000,134.0000,132.0000,6532283,TWSE_STOCK_DAY
2026-03-09,3044,357.5000,349.5000,360.0000,348.5000,3153623,TWSE_STOCK_DAY
2026-03-09,3046,44.0000,45.9000,45.9000,43.5500,364708,TWSE_STOCK_DAY
2026-03-09,3605,59.5000,59.5000,60.2000,58.0000,2077984,TWSE_STOCK_DAY
2026-03-09,3702,69.9000,68.5000,69.9000,67.4000,7676823,TWSE_STOCK_DAY
2026-03-09,6213,115.0000,116.5000,118.0000,115.0000,9703366,TWSE_STOCK_DAY
2026-03-09,6570,38.3500,37.6000,38.3500,36.9500,60000,TPEX_STOCK_DAY
2026-03-09,6603,22.6500,21.8000,22.7500,21.5500,1705000,TPEX_STOCK_DAY
2026-03-09,6672,89.6000,92.8000,92.8000,89.6000,1509796,TWSE_STOCK_DAY
2026-03-09,TAIEX,32110.4200,32354.6100,32354.6100,31529.3600,0,TWSE_TAIEX_INDEX
2026-03-10,0050,75.2000,75.9000,76.2500,74.3000,173870150,TWSE_STOCK_DAY
2026-03-10,1590,970.0000,989.0000,998.0000,954.0000,1278328,TWSE_STOCK_DAY
2026-03-10,1709,16.8500,17.0500,17.0500,16.8000,444982,TWSE_STOCK_DAY
2026-03-10,1714,9.6500,9.8300,9.8400,9.6000,6317989,TWSE_STOCK_DAY
2026-03-10,2030,15.4500,15.7000,15.7000,15.3000,294746,TWSE_STOCK_DAY
2026-03-10,2059,3060.0000,3090.0000,3130.0000,3020.0000,387203,TWSE_STOCK_DAY
2026-03-10,2103,20.6000,20.1500,21.1000,19.8500,11066942,TWSE_STOCK_DAY
2026-03-10,2301,155.0000,155.5000,158.5000,153.0000,18333361,TWSE_STOCK_DAY
2026-03-10,2354,52.8000,53.5000,53.9000,52.3000,4714014,TWSE_STOCK_DAY
2026-03-10,2395,345.5000,355.0000,362.5000,338.5000,7015849,TWSE_STOCK_DAY
2026-03-10,2397,55.1000,55.3000,55.6000,54.9000,117529,TWSE_STOCK_DAY
2026-03-10,2408,231.0000,220.0000,231.0000,215.0000,115081371,TWSE_STOCK_DAY
2026-03-10,2606,60.9000,61.8000,62.7000,60.6000,4626399,TWSE_STOCK_DAY
2026-03-10,2609,60.0000,60.0000,60.9000,59.3000,52356040,TWSE_STOCK_DAY
2026-03-10,2637,68.2000,68.2000,69.2000,67.3000,2298554,TWSE_STOCK_DAY
2026-03-10,2886,39.0500,39.5000,39.6500,38.8000,19059883,TWSE_STOCK_DAY
2026-03-10,3006,145.0000,140.0000,145.0000,135.5000,14485506,TWSE_STOCK_DAY
2026-03-10,3044,361.5000,378.5000,378.5000,357.0000,2423920,TWSE_STOCK_DAY
2026-03-10,3046,44.8000,44.6000,45.3000,44.4000,160648,TWSE_STOCK_DAY
2026-03-10,3605,59.1000,61.0000,61.1000,59.0000,1222272,TWSE_STOCK_DAY
2026-03-10,3702,72.1000,72.0000,73.8000,70.7000,10760417,TWSE_STOCK_DAY
2026-03-10,6213,126.5000,121.0000,126.5000,120.0000,12208509,TWSE_STOCK_DAY
2026-03-10,6570,38.3500,38.3000,38.3500,37.6000,79000,TPEX_STOCK_DAY
2026-03-10,6603,23.2000,23.2000,23.5500,22.7000,741000,TPEX_STOCK_DAY
2026-03-10,6672,92.4000,92.0000,93.9000,91.2000,1037105,TWSE_STOCK_DAY
2026-03-10,TAIEX,32771.8700,32692.3700,33256.6900,32455.2000,0,TWSE_TAIEX_INDEX
2026-03-11,0050,78.2000,76.3000,78.5000,76.1000,151798656,TWSE_STOCK_DAY
2026-03-11,1590,1035.0000,983.0000,1040.0000,976.0000,1938322,TWSE_STOCK_DAY
2026-03-11,1709,16.9000,17.0500,17.0500,16.8500,249713,TWSE_STOCK_DAY
2026-03-11,1714,9.8800,9.6500,9.9300,9.6500,4817883,TWSE_STOCK_DAY
2026-03-11,2030,15.7500,15.4500,16.0000,15.4500,533475,TWSE_STOCK_DAY
2026-03-11,2059,3355.0000,3100.0000,3365.0000,3060.0000,695335,TWSE_STOCK_DAY
2026-03-11,2103,20.2500,20.5500,20.5500,20.0000,8433355,TWSE_STOCK_DAY
2026-03-11,2301,159.0000,157.5000,161.0000,157.5000,12130179,TWSE_STOCK_DAY
2026-03-11,2354,54.4000,53.2000,54.5000,53.2000,3700148,TWSE_STOCK_DAY
2026-03-11,2395,346.0000,352.5000,353.5000,342.5000,3584252,TWSE_STOCK_DAY
2026-03-11,2397,55.7000,54.6000,56.2000,54.6000,206445,TWSE_STOCK_DAY
2026-03-11,2408,254.0000,245.0000,254.0000,240.0000,90316151,TWSE_STOCK_DAY
2026-03-11,2606,61.7000,60.8000,62.1000,60.6000,3356914,TWSE_STOCK_DAY
2026-03-11,2609,60.9000,60.5000,61.5000,60.3000,29795534,TWSE_STOCK_DAY
2026-03-11,2637,68.5000,68.4000,69.0000,67.7000,1555010,TWSE_STOCK_DAY
2026-03-11,2886,39.3000,39.0500,39.4000,39.0000,12315609,TWSE_STOCK_DAY
2026-03-11,3006,159.5000,152.0000,159.5000,150.5000,19480847,TWSE_STOCK_DAY
2026-03-11,3044,357.5000,360.5000,369.0000,355.0000,5357919,TWSE_STOCK_DAY
2026-03-11,3046,47.6000,45.3500,47.6000,45.3500,203040,TWSE_STOCK_DAY
2026-03-11,3605,60.4000,59.6000,60.8000,59.5000,837543,TWSE_STOCK_DAY
2026-03-11,3702,72.8000,74.2000,74.2000,70.9000,14185423,TWSE_STOCK_DAY
2026-03-11,6213,133.5000,129.5000,138.0000,129.0000,17199447,TWSE_STOCK_DAY
2026-03-11,6570,38.8500,37.8000,38.8500,37.8000,151000,TPEX_STOCK_DAY
2026-03-11,6603,23.2500,23.2500,23.6000,23.2000,733000,TPEX_STOCK_DAY
2026-03-11,6672,95.7000,93.6000,96.2000,93.5000,706082,TWSE_STOCK_DAY
2026-03-11,TAIEX,34114.1900,33128.4900,34218.6600,33128.4900,0,TWSE_TAIEX_INDEX
2026-03-12,0050,76.6000,77.1000,77.6000,76.3500,131518817,TWSE_STOCK_DAY
2026-03-12,1590,1030.0000,1030.0000,1060.0000,1010.0000,1319114,TWSE_STOCK_DAY
2026-03-12,1709,17.4000,17.1000,17.6000,17.1000,1655957,TWSE_STOCK_DAY
2026-03-12,1714,9.1700,9.6600,9.6600,9.0200,16144118,TWSE_STOCK_DAY
2026-03-12,2030,15.5500,15.7500,15.7500,15.5000,342081,TWSE_STOCK_DAY
2026-03-12,2059,3290.0000,3300.0000,3365.0000,3270.0000,427297,TWSE_STOCK_DAY
2026-03-12,2103,20.8500,20.9000,21.1500,20.3000,6953244,TWSE_STOCK_DAY
2026-03-12,2301,159.5000,157.5000,161.5000,155.0000,18215891,TWSE_STOCK_DAY
2026-03-12,2354,53.9000,53.7000,54.3000,53.2000,3411359,TWSE_STOCK_DAY
2026-03-12,2395,345.0000,344.0000,346.0000,337.0000,2778897,TWSE_STOCK_DAY
2026-03-12,2397,55.1000,54.8000,55.7000,54.8000,126356,TWSE_STOCK_DAY
2026-03-12,2408,239.5000,257.0000,261.5000,239.0000,152212129,TWSE_STOCK_DAY
2026-03-12,2606,60.1000,61.7000,62.4000,60.1000,8166372,TWSE_STOCK_DAY
2026-03-12,2609,62.1000,61.8000,62.9000,61.1000,38247824,TWSE_STOCK_DAY
2026-03-12,2637,69.2000,67.7000,69.6000,67.7000,1712793,TWSE_STOCK_DAY
2026-03-12,2886,38.8000,38.9000,39.0500,38.6000,24020756,TWSE_STOCK_DAY
2026-03-12,3006,163.5000,160.5000,168.5000,159.5000,34570771,TWSE_STOCK_DAY
2026-03-12,3044,359.0000,355.5000,362.0000,352.5000,2329790,TWSE_STOCK_DAY
2026-03-12,3046,47.3000,47.6500,47.6500,46.2000,404162,TWSE_STOCK_DAY
2026-03-12,3605,60.0000,61.3000,62.0000,60.0000,1670704,TWSE_STOCK_DAY
2026-03-12,3702,73.5000,72.6000,73.8000,72.2000,7388142,TWSE_STOCK_DAY
2026-03-12,6213,132.5000,133.0000,137.5000,131.5000,10774605,TWSE_STOCK_DAY
2026-03-12,6570,38.8000,38.6000,38.8000,38.0000,128000,TPEX_STOCK_DAY
2026-03-12,6603,22.5500,23.2500,23.2500,22.2000,965000,TPEX_STOCK_DAY
2026-03-12,6672,95.6000,95.1000,97.8000,94.5000,696366,TWSE_STOCK_DAY
2026-03-12,TAIEX,33581.8600,33816.1500,34019.4800,33458.6400,0,TWSE_TAIEX_INDEX
2026-03-13,0050,75.9500,75.1500,76.5500,75.0000,115111624,TWSE_STOCK_DAY
2026-03-13,1590,1020.0000,1010.0000,1035.0000,1005.0000,584909,TWSE_STOCK_DAY
2026-03-13,1709,17.1000,17.5000,17.6000,17.1000,1052317,TWSE_STOCK_DAY
2026-03-13,1714,9.2300,9.0200,9.3500,9.0000,6024401,TWSE_STOCK_DAY
2026-03-13,2030,15.3500,15.3500,15.5000,15.3000,222224,TWSE_STOCK_DAY
2026-03-13,2059,3365.0000,3220.0000,3470.0000,3180.0000,711594,TWSE_STOCK_DAY
2026-03-13,2103,21.7000,21.1000,21.7500,20.9000,12952620,TWSE_STOCK_DAY
2026-03-13,2301,167.0000,158.0000,171.5000,157.5000,27991686,TWSE_STOCK_DAY
2026-03-13,2354,53.7000,53.0000,54.2000,52.6000,3256626,TWSE_STOCK_DAY
2026-03-13,2395,342.5000,340.0000,344.0000,336.5000,2283902,TWSE_STOCK_DAY
2026-03-13,2397,55.0000,55.0000,55.6000,54.7000,95169,TWSE_STOCK_DAY
2026-03-13,2408,238.0000,237.5000,245.5000,235.0000,95267222,TWSE_STOCK_DAY
2026-03-13,2606,58.6000,59.8000,60.3000,58.4000,8018895,TWSE_STOCK_DAY
2026-03-13,2609,59.2000,62.2000,62.6000,59.1000,45304442,TWSE_STOCK_DAY
2026-03-13,2637,66.9000,68.9000,69.0000,66.5000,3321157,TWSE_STOCK_DAY
2026-03-13,2886,38.7500,38.7500,39.1500,38.6500,22517289,TWSE_STOCK_DAY
2026-03-13,3006,161.0000,161.0000,166.0000,152.0000,33236779,TWSE_STOCK_DAY
2026-03-13,3044,380.0000,353.5000,392.0000,352.5000,7891977,TWSE_STOCK_DAY
2026-03-13,3046,47.4500,47.2000,48.1500,46.9500,195512,TWSE_STOCK_DAY
2026-03-13,3605,59.6000,59.3000,60.7000,59.2000,947785,TWSE_STOCK_DAY
2026-03-13,3702,74.5000,73.0000,74.5000,72.2000,10668535,TWSE_STOCK_DAY
2026-03-13,6213,137.5000,130.5000,139.0000,129.0000,16533005,TWSE_STOCK_DAY
2026-03-13,6570,38.8000,38.0000,38.8000,37.9000,103000,TPEX_STOCK_DAY
2026-03-13,6603,22.5000,22.0500,22.5500,22.0500,446000,TPEX_STOCK_DAY
2026-03-13,6672,97.5000,94.6000,98.6000,93.1000,938917,TWSE_STOCK_DAY
2026-03-13,TAIEX,33400.3200,33215.7800,33639.1800,33013.4600,0,TWSE_TAIEX_INDEX
2026-03-16,0050,75.6000,76.3000,76.7000,75.4500,105392137,TWSE_STOCK_DAY
2026-03-16,1590,1015.0000,1020.0000,1030.0000,1005.0000,551964,TWSE_STOCK_DAY
2026-03-16,1709,18.3000,17.2000,18.6500,17.2000,5025013,TWSE_STOCK_DAY
2026-03-16,1714,9.3800,9.3100,9.6000,9.3000,6317653,TWSE_STOCK_DAY
2026-03-16,2030,15.3000,15.4000,15.5000,15.2500,279175,TWSE_STOCK_DAY
2026-03-16,2059,3320.0000,3385.0000,3385.0000,3280.0000,356463,TWSE_STOCK_DAY
2026-03-16,2103,20.7000,21.7000,21.7500,20.6000,8944442,TWSE_STOCK_DAY
2026-03-16,2301,165.0000,167.0000,168.0000,163.0000,13174816,TWSE_STOCK_DAY
2026-03-16,2354,55.0000,54.0000,55.9000,53.8000,4533901,TWSE_STOCK_DAY
2026-03-16,2395,340.0000,348.0000,352.5000,337.5000,2875934,TWSE_STOCK_DAY
2026-03-16,2397,55.7000,55.1000,55.9000,55.0000,113450,TWSE_STOCK_DAY
2026-03-16,2408,261.5000,247.0000,261.5000,245.5000,93491414,TWSE_STOCK_DAY
2026-03-16,2606,60.0000,58.7000,60.6000,58.5000,5811864,TWSE_STOCK_DAY
2026-03-16,2609,59.3000,59.9000,61.2000,59.2000,30393706,TWSE_STOCK_DAY
2026-03-16,2637,70.9000,67.2000,71.4000,66.9000,3583587,TWSE_STOCK_DAY
2026-03-16,2886,39.0000,39.0000,39.2000,38.7500,12795692,TWSE_STOCK_DAY
2026-03-16,3006,177.0000,167.5000,177.0000,167.0000,18964594,TWSE_STOCK_DAY
2026-03-16,3044,362.0000,380.5000,380.5000,361.5000,6275034,TWSE_STOCK_DAY
2026-03-16,3046,47.8000,47.5000,48.2000,47.5000,156175,TWSE_STOCK_DAY
2026-03-16,3605,60.3000,60.2000,60.9000,59.5000,879596,TWSE_STOCK_DAY
2026-03-16,3702,81.9000,77.4000,81.9000,77.4000,27316078,TWSE_STOCK_DAY
2026-03-16,6213,140.0000,140.0000,145.5000,136.0000,22285691,TWSE_STOCK_DAY
2026-03-16,6570,40.2500,38.8000,40.4500,38.3500,124000,TPEX_STOCK_DAY
2026-03-16,6603,22.4000,22.6000,22.6500,22.0000,535000,TPEX_STOCK_DAY
2026-03-16,6672,100.5000,98.0000,103.5000,97.1000,1553337,TWSE_STOCK_DAY
2026-03-16,TAIEX,33342.5100,33541.2500,33765.8100,33278.0600,0,TWSE_TAIEX_INDEX
2026-03-17,0050,76.6500,76.4500,77.0000,76.3000,63986997,TWSE_STOCK_DAY
2026-03-17,1590,1025.0000,1020.0000,1060.0000,1020.0000,530350,TWSE_STOCK_DAY
2026-03-17,1709,18.0500,18.2500,18.3000,17.9500,1990702,TWSE_STOCK_DAY
2026-03-17,1714,9.8400,9.5300,10.1000,9.4500,12327256,TWSE_STOCK_DAY
2026-03-17,2030,15.4500,15.3500,15.6000,15.3500,388533,TWSE_STOCK_DAY
2026-03-17,2059,3350.0000,3345.0000,3420.0000,3335.0000,367116,TWSE_STOCK_DAY
2026-03-17,2103,20.6500,20.5500,21.1000,20.2500,4774874,TWSE_STOCK_DAY
2026-03-17,2301,168.0000,165.0000,169.5000,164.5000,18588175,TWSE_STOCK_DAY
2026-03-17,2354,55.3000,55.7000,55.7000,54.9000,4130117,TWSE_STOCK_DAY
2026-03-17,2395,348.0000,345.5000,350.0000,342.5000,2483539,TWSE_STOCK_DAY
2026-03-17,2397,56.0000,55.9000,56.9000,55.6000,86684,TWSE_STOCK_DAY
2026-03-17,2408,271.5000,267.0000,284.5000,266.5000,132621447,TWSE_STOCK_DAY
2026-03-17,2606,61.6000,60.8000,62.1000,59.8000,6580956,TWSE_STOCK_DAY
2026-03-17,2609,58.5000,59.9000,59.9000,58.2000,28925699,TWSE_STOCK_DAY
2026-03-17,2637,71.4000,71.2000,72.0000,70.4000,2251964,TWSE_STOCK_DAY
2026-03-17,2886,39.3500,39.4000,39.6000,39.1000,17188879,TWSE_STOCK_DAY
2026-03-17,3006,194.5000,190.0000,194.5000,187.5000,46191350,TWSE_STOCK_DAY
2026-03-17,3044,365.5000,363.0000,372.5000,361.0000,3742629,TWSE_STOCK_DAY
2026-03-17,3046,48.0500,48.2000,48.3500,47.8500,151961,TWSE_STOCK_DAY
2026-03-17,3605,61.1000,60.9000,61.8000,60.5000,1002192,TWSE_STOCK_DAY
2026-03-17,3702,90.0000,82.8000,90.0000,82.3000,38712882,TWSE_STOCK_DAY
2026-03-17,6213,154.0000,144.5000,154.0000,141.0000,26784074,TWSE_STOCK_DAY
2026-03-17,6570,39.4000,40.2500,40.2500,39.2000,104000,TPEX_STOCK_DAY
2026-03-17,6603,23.2500,23.0000,23.4500,22.7000,812000,TPEX_STOCK_DAY
2026-03-17,6672,102.5000,101.0000,104.0000,99.6000,2363142,TWSE_STOCK_DAY
2026-03-17,TAIEX,33836.5700,33380.8400,34008.7000,33380.8400,0,TWSE_TAIEX_INDEX
2026-03-18,0050,77.8000,77.7500,78.0500,77.4500,78000193,TWSE_STOCK_DAY
2026-03-18,1590,1025.0000,1065.0000,1065.0000,1015.0000,976688,TWSE_STOCK_DAY
2026-03-18,1709,18.3000,18.3000,18.3000,18.0500,829995,TWSE_STOCK_DAY
2026-03-18,1714,9.6300,10.0000,10.0000,9.6000,6531719,TWSE_STOCK_DAY
2026-03-18,2030,15.6000,15.6000,16.0000,15.6000,928617,TWSE_STOCK_DAY
2026-03-18,2059,3410.0000,3410.0000,3485.0000,3390.0000,594423,TWSE_STOCK_DAY
2026-03-18,2103,20.9500,20.7500,21.3000,20.7500,4933125,TWSE_STOCK_DAY
2026-03-18,2301,170.0000,171.0000,173.0000,167.5000,23443533,TWSE_STOCK_DAY
2026-03-18,2354,55.0000,55.7000,55.8000,54.5000,3811802,TWSE_STOCK_DAY
2026-03-18,2395,349.0000,352.0000,354.0000,346.0000,2456943,TWSE_STOCK_DAY
2026-03-18,2397,55.8000,56.3000,56.6000,55.6000,129866,TWSE_STOCK_DAY
2026-03-18,2408,276.0000,284.5000,288.5000,271.5000,102342490,TWSE_STOCK_DAY
2026-03-18,2606,61.0000,61.6000,62.0000,60.8000,2945395,TWSE_STOCK_DAY
2026-03-18,2609,58.3000,58.1000,58.8000,57.2000,30708498,TWSE_STOCK_DAY
2026-03-18,2637,71.7000,72.3000,72.3000,71.2000,1242424,TWSE_STOCK_DAY
2026-03-18,2886,39.3000,39.6000,39.6000,39.0500,19423414,TWSE_STOCK_DAY
2026-03-18,3006,213.5000,203.5000,213.5000,197.5000,52713943,TWSE_STOCK_DAY
2026-03-18,3044,373.5000,370.5000,375.0000,368.0000,2337034,TWSE_STOCK_DAY
2026-03-18,3046,48.5500,48.5000,48.6500,48.2500,117719,TWSE_STOCK_DAY
2026-03-18,3605,62.1000,61.7000,62.5000,60.6000,1339323,TWSE_STOCK_DAY
2026-03-18,3702,93.1000,91.8000,96.8000,91.8000,42442256,TWSE_STOCK_DAY
2026-03-18,6213,150.5000,159.0000,159.5000,148.0000,27125809,TWSE_STOCK_DAY
2026-03-18,6570,38.4000,39.5000,39.5000,38.3000,96000,TPEX_STOCK_DAY
2026-03-18,6603,22.7000,23.2500,23.4000,22.4500,1032000,TPEX_STOCK_DAY
2026-03-18,6672,102.0000,106.5000,108.0000,100.5000,2161989,TWSE_STOCK_DAY
2026-03-18,TAIEX,34348.5800,33929.2800,34423.6600,33929.2800,0,TWSE_TAIEX_INDEX
2026-03-19,0050,76.0000,76.6000,76.8000,75.9500,141733755,TWSE_STOCK_DAY
2026-03-19,1590,978.0000,1010.0000,1010.0000,977.0000,600512,TWSE_STOCK_DAY
2026-03-19,1709,18.7500,18.3000,18.9000,18.1000,2296313,TWSE_STOCK_DAY
2026-03-19,1714,9.8900,9.7000,9.9600,9.5300,6358781,TWSE_STOCK_DAY
2026-03-19,2030,15.3000,15.6000,15.6000,15.2500,566275,TWSE_STOCK_DAY
2026-03-19,2059,3575.0000,3400.0000,3655.0000,3365.0000,1173347,TWSE_STOCK_DAY
2026-03-19,2103,21.9500,21.4500,22.2000,20.1500,18061092,TWSE_STOCK_DAY
2026-03-19,2301,160.5000,164.5000,165.0000,160.5000,20898618,TWSE_STOCK_DAY
2026-03-19,2354,53.2000,54.4000,54.4000,53.0000,4870971,TWSE_STOCK_DAY
2026-03-19,2395,342.0000,344.0000,345.0000,339.0000,1805308,TWSE_STOCK_DAY
2026-03-19,2397,54.8000,55.5000,55.5000,54.5000,169881,TWSE_STOCK_DAY
2026-03-19,2408,260.0000,268.5000,272.5000,260.0000,84244597,TWSE_STOCK_DAY
2026-03-19,2606,60.5000,61.5000,62.2000,59.9000,6899525,TWSE_STOCK_DAY
2026-03-19,2609,56.5000,58.5000,59.2000,56.5000,30033145,TWSE_STOCK_DAY
2026-03-19,2637,71.7000,72.0000,73.8000,71.5000,2582906,TWSE_STOCK_DAY
2026-03-19,2886,38.9500,39.0500,39.0500,38.8000,19892870,TWSE_STOCK_DAY
2026-03-19,3006,217.0000,200.5000,223.5000,197.5000,54409823,TWSE_STOCK_DAY
2026-03-19,3044,366.0000,372.0000,381.0000,366.0000,5279793,TWSE_STOCK_DAY
2026-03-19,3046,48.3000,48.4500,48.8000,48.0500,162688,TWSE_STOCK_DAY
2026-03-19,3605,62.1000,61.8000,63.0000,61.2000,1328893,TWSE_STOCK_DAY
2026-03-19,3702,93.0000,92.6000,96.6000,91.1000,32787301,TWSE_STOCK_DAY
2026-03-19,6213,151.5000,148.0000,158.5000,147.0000,25173448,TWSE_STOCK_DAY
2026-03-19,6570,37.8000,38.2500,38.3000,37.6000,117000,TPEX_STOCK_DAY
2026-03-19,6603,22.4000,22.4000,22.9000,22.2500,708000,TPEX_STOCK_DAY
2026-03-19,6672,112.0000,101.5000,112.0000,100.0000,4401997,TWSE_STOCK_DAY
2026-03-19,TAIEX,33689.6800,34279.1200,34279.1200,33663.7800,0,TWSE_TAIEX_INDEX
2026-03-20,0050,75.9000,76.2000,76.4000,75.5000,72638922,TWSE_STOCK_DAY
2026-03-20,1590,981.0000,974.0000,984.0000,966.0000,732992,TWSE_STOCK_DAY
2026-03-20,1709,18.2000,18.7000,18.7000,18.0500,1795726,TWSE_STOCK_DAY
2026-03-20,1714,9.6800,10.0000,10.1500,9.6800,7341235,TWSE_STOCK_DAY
2026-03-20,2030,16.5500,15.4500,16.8000,15.4500,4522318,TWSE_STOCK_DAY
2026-03-20,2059,3405.0000,3575.0000,3575.0000,3405.0000,1099519,TWSE_STOCK_DAY
2026-03-20,2103,20.6500,21.7000,22.1500,20.6000,13549470,TWSE_STOCK_DAY
2026-03-20,2301,160.0000,161.0000,162.5000,158.5000,13701865,TWSE_STOCK_DAY
2026-03-20,2354,53.1000,53.2000,53.6000,52.7000,4748564,TWSE_STOCK_DAY
2026-03-20,2395,344.0000,340.5000,345.5000,338.0000,4204405,TWSE_STOCK_DAY
2026-03-20,2397,54.7000,54.3000,55.4000,54.3000,133169,TWSE_STOCK_DAY
2026-03-20,2408,234.0000,264.5000,264.5000,234.0000,159686881,TWSE_STOCK_DAY
2026-03-20,2606,59.0000,61.2000,61.6000,58.9000,5639953,TWSE_STOCK_DAY
2026-03-20,2609,56.1000,56.5000,56.6000,55.1000,51512121,TWSE_STOCK_DAY
2026-03-20,2637,70.3000,71.7000,72.0000,69.5000,6511205,TWSE_STOCK_DAY
2026-03-20,2886,38.7500,39.1500,39.1500,38.7000,30667665,TWSE_STOCK_DAY
2026-03-20,3006,195.5000,219.0000,219.0000,195.5000,12293122,TWSE_STOCK_DAY
2026-03-20,3044,363.0000,366.0000,371.5000,363.0000,9018685,TWSE_STOCK_DAY
2026-03-20,3046,48.3500,48.4000,48.6500,48.1500,83429,TWSE_STOCK_DAY
2026-03-20,3605,60.8000,61.9000,62.6000,60.8000,1225850,TWSE_STOCK_DAY
2026-03-20,3702,91.4000,94.9000,94.9000,89.3000,26934605,TWSE_STOCK_DAY
2026-03-20,6213,143.5000,153.0000,153.5000,141.0000,18847137,TWSE_STOCK_DAY
2026-03-20,6570,38.7500,38.9000,38.9000,37.8000,90000,TPEX_STOCK_DAY
2026-03-20,6603,22.9500,23.2500,23.9500,22.7500,1087000,TPEX_STOCK_DAY
2026-03-20,6672,123.0000,123.0000,123.0000,118.5000,10291076,TWSE_STOCK_DAY
2026-03-20,TAIEX,33543.8800,33719.8500,33989.1800,33379.2400,0,TWSE_TAIEX_INDEX
2026-03-23,0050,74.2500,73.5000,74.4500,73.3000,233385121,TWSE_STOCK_DAY
2026-03-23,1590,963.0000,948.0000,973.0000,946.0000,312605,TWSE_STOCK_DAY
2026-03-23,1709,18.2000,17.9500,18.3500,17.9000,1036766,TWSE_STOCK_DAY
2026-03-23,1714,9.4800,9.6600,9.7500,9.4700,4955725,TWSE_STOCK_DAY
2026-03-23,2030,16.0000,16.5500,17.1000,16.0000,2651749,TWSE_STOCK_DAY
2026-03-23,2059,3400.0000,3280.0000,3490.0000,3275.0000,770838,TWSE_STOCK_DAY
2026-03-23,2103,19.9500,20.2000,21.1500,19.9000,11145710,TWSE_STOCK_DAY
2026-03-23,2301,154.0000,153.5000,157.0000,151.0000,10396796,TWSE_STOCK_DAY
2026-03-23,2354,51.4000,51.0000,52.4000,50.4000,3890365,TWSE_STOCK_DAY
2026-03-23,2395,330.0000,336.5000,339.5000,330.0000,2600820,TWSE_STOCK_DAY
2026-03-23,2397,53.5000,54.1000,54.3000,53.2000,158677,TWSE_STOCK_DAY
2026-03-23,2408,223.0000,217.5000,230.0000,217.5000,78708847,TWSE_STOCK_DAY
2026-03-23,2606,58.6000,58.1000,59.0000,57.8000,2685939,TWSE_STOCK_DAY
2026-03-23,2609,52.8000,51.6000,54.1000,51.6000,26350654,TWSE_STOCK_DAY
2026-03-23,2637,68.1000,69.1000,69.1000,68.1000,1683220,TWSE_STOCK_DAY
2026-03-23,2886,38.3500,38.2000,38.5500,37.9000,21636794,TWSE_STOCK_DAY
2026-03-23,3006,180.0000,176.5000,185.0000,176.0000,7868980,TWSE_STOCK_DAY
2026-03-23,3044,355.0000,349.0000,360.5000,343.0000,3209974,TWSE_STOCK_DAY
2026-03-23,3046,47.1500,48.2000,48.3500,47.1000,135177,TWSE_STOCK_DAY
2026-03-23,3605,58.5000,59.3000,59.8000,58.5000,1318101,TWSE_STOCK_DAY
2026-03-23,3702,90.7000,89.4000,93.4000,88.6000,18566732,TWSE_STOCK_DAY
2026-03-23,6213,136.0000,136.5000,141.0000,135.0000,7553949,TWSE_STOCK_DAY
2026-03-23,6570,37.8500,37.8500,38.3500,37.8000,42000,TPEX_STOCK_DAY
2026-03-23,6603,22.1000,22.0500,22.7000,21.9500,809000,TPEX_STOCK_DAY
2026-03-23,6672,118.0000,120.0000,128.0000,116.5000,18017385,TWSE_STOCK_DAY
2026-03-23,TAIEX,32722.5000,33334.0000,33334.0000,32461.0900,0,TWSE_TAIEX_INDEX
2026-03-24,0050,74.4000,75.5000,75.6000,73.8000,90466270,TWSE_STOCK_DAY
2026-03-24,1590,953.0000,975.0000,992.0000,952.0000,556369,TWSE_STOCK_DAY
2026-03-24,1709,18.1000,18.2000,18.3000,18.0500,644490,TWSE_STOCK_DAY
2026-03-24,1714,9.3800,9.6100,9.6100,9.3200,2995475,TWSE_STOCK_DAY
2026-03-24,2030,16.3000,16.1000,16.5500,16.0000,1142714,TWSE_STOCK_DAY
2026-03-24,2059,3520.0000,3500.0000,3600.0000,3445.0000,980732,TWSE_STOCK_DAY
2026-03-24,2103,19.6500,20.4000,20.5000,19.5500,8140265,TWSE_STOCK_DAY
2026-03-24,2301,153.0000,156.5000,158.5000,152.5000,8715043,TWSE_STOCK_DAY
2026-03-24,2354,51.4000,52.5000,52.6000,51.1000,2943379,TWSE_STOCK_DAY
2026-03-24,2395,330.0000,335.0000,337.0000,328.0000,1592173,TWSE_STOCK_DAY
2026-03-24,2397,54.4000,54.7000,56.3000,54.4000,238803,TWSE_STOCK_DAY
2026-03-24,2408,216.5000,226.5000,227.0000,204.0000,149698558,TWSE_STOCK_DAY
2026-03-24,2606,59.2000,59.0000,59.6000,58.3000,3049067,TWSE_STOCK_DAY
2026-03-24,2609,52.4000,53.2000,53.4000,52.0000,19679925,TWSE_STOCK_DAY
2026-03-24,2637,69.3000,68.8000,69.7000,68.2000,1532934,TWSE_STOCK_DAY
2026-03-24,2886,38.8500,38.4000,39.0000,38.3500,19438434,TWSE_STOCK_DAY
2026-03-24,3006,162.0000,181.5000,181.5000,162.0000,11730903,TWSE_STOCK_DAY
2026-03-24,3044,341.0000,360.0000,362.0000,339.0000,3815931,TWSE_STOCK_DAY
2026-03-24,3046,47.1500,47.8500,47.8500,46.7000,81878,TWSE_STOCK_DAY
2026-03-24,3605,58.2000,59.5000,59.8000,57.4000,1020479,TWSE_STOCK_DAY
2026-03-24,3702,90.7000,93.0000,94.5000,89.8000,30456297,TWSE_STOCK_DAY
2026-03-24,6213,132.5000,139.5000,139.5000,130.0000,7224185,TWSE_STOCK_DAY
2026-03-24,6570,37.8000,38.2000,38.2000,37.8000,20000,TPEX_STOCK_DAY
2026-03-24,6603,22.0000,22.6000,22.6500,21.8500,840000,TPEX_STOCK_DAY
2026-03-24,6672,129.5000,127.0000,129.5000,123.0000,11119504,TWSE_STOCK_DAY
2026-03-24,TAIEX,32612.2400,33062.8900,33361.4600,32434.5400,0,TWSE_TAIEX_INDEX
2026-03-25,0050,76.2000,76.3500,76.6500,76.0000,94344080,TWSE_STOCK_DAY
2026-03-25,1590,1010.0000,990.0000,1010.0000,989.0000,703055,TWSE_STOCK_DAY
2026-03-25,1709,17.9000,18.1000,18.1500,17.9000,658588,TWSE_STOCK_DAY
2026-03-25,1714,9.6400,9.4200,9.7100,9.4200,4132841,TWSE_STOCK_DAY
2026-03-25,2030,16.3500,16.5000,16.5500,16.1500,746442,TWSE_STOCK_DAY
2026-03-25,2059,3615.0000,3550.0000,3680.0000,3550.0000,788914,TWSE_STOCK_DAY
2026-03-25,2103,19.2000,19.9500,19.9500,18.8500,9056894,TWSE_STOCK_DAY
2026-03-25,2301,157.5000,158.5000,161.5000,156.5000,14502718,TWSE_STOCK_DAY
2026-03-25,2354,52.4000,52.5000,52.6000,51.7000,2497166,TWSE_STOCK_DAY
2026-03-25,2395,333.5000,337.0000,337.5000,332.0000,1495264,TWSE_STOCK_DAY
2026-03-25,2397,55.8000,55.6000,55.9000,54.5000,96485,TWSE_STOCK_DAY
2026-03-25,2408,226.5000,226.5000,229.5000,218.5000,97313083,TWSE_STOCK_DAY
2026-03-25,2606,60.4000,59.9000,60.4000,59.1000,3678958,TWSE_STOCK_DAY
2026-03-25,2609,53.7000,53.4000,53.8000,52.7000,12470091,TWSE_STOCK_DAY
2026-03-25,2637,70.4000,70.2000,70.5000,69.4000,1363711,TWSE_STOCK_DAY
2026-03-25,2886,39.1500,39.5000,39.5000,38.7500,24276477,TWSE_STOCK_DAY
2026-03-25,3006,177.5000,170.0000,178.0000,166.5000,6360424,TWSE_STOCK_DAY
2026-03-25,3044,357.0000,358.0000,363.0000,354.0000,3651978,TWSE_STOCK_DAY
2026-03-25,3046,47.2000,47.1000,47.8000,47.0500,83400,TWSE_STOCK_DAY
2026-03-25,3605,59.1000,59.8000,59.8000,58.6000,363456,TWSE_STOCK_DAY
2026-03-25,3702,95.8000,95.0000,97.8000,94.2000,35772768,TWSE_STOCK_DAY
2026-03-25,6213,145.5000,137.5000,145.5000,137.5000,10989957,TWSE_STOCK_DAY
2026-03-25,6570,39.1000,37.8000,40.0500,37.6000,94000,TPEX_STOCK_DAY
2026-03-25,6603,21.8000,22.4500,22.6000,21.7500,724000,TPEX_STOCK_DAY
2026-03-25,6672,128.0000,130.0000,133.5000,123.0000,19751487,TWSE_STOCK_DAY
2026-03-25,TAIEX,33439.1100,32725.2700,33705.7500,32725.2700,0,TWSE_TAIEX_INDEX
2026-03-26,0050,75.8000,76.3000,76.8500,75.6000,80069071,TWSE_STOCK_DAY
2026-03-26,1590,1005.0000,1070.0000,1070.0000,1005.0000,1018143,TWSE_STOCK_DAY
2026-03-26,1709,18.0500,18.0000,18.2500,18.0000,526954,TWSE_STOCK_DAY
2026-03-26,1714,9.5900,9.6700,9.8600,9.5900,2971745,TWSE_STOCK_DAY
2026-03-26,2030,16.2500,16.4000,16.5500,16.2500,677178,TWSE_STOCK_DAY
2026-03-26,2059,3615.0000,3620.0000,3790.0000,3595.0000,765605,TWSE_STOCK_DAY
2026-03-26,2103,19.8000,19.6000,20.3000,19.5000,5087704,TWSE_STOCK_DAY
2026-03-26,2301,154.0000,158.5000,159.5000,153.5000,15055347,TWSE_STOCK_DAY
2026-03-26,2354,52.7000,52.4000,53.4000,52.4000,2258784,TWSE_STOCK_DAY
2026-03-26,2395,339.0000,336.0000,346.5000,335.5000,3120575,TWSE_STOCK_DAY
2026-03-26,2397,55.5000,56.0000,56.0000,55.0000,151449,TWSE_STOCK_DAY
2026-03-26,2408,225.5000,249.0000,249.0000,225.0000,185144097,TWSE_STOCK_DAY
2026-03-26,2606,58.3000,60.6000,60.6000,58.2000,5052395,TWSE_STOCK_DAY
2026-03-26,2609,52.6000,54.2000,54.3000,52.6000,12657082,TWSE_STOCK_DAY
2026-03-26,2637,69.0000,70.8000,70.8000,69.0000,1335548,TWSE_STOCK_DAY
2026-03-26,2886,39.1000,39.4000,39.4000,38.8500,19802542,TWSE_STOCK_DAY
2026-03-26,3006,168.5000,172.0000,176.0000,164.0000,6364298,TWSE_STOCK_DAY
2026-03-26,3044,356.0000,359.0000,368.0000,356.0000,1981398,TWSE_STOCK_DAY
2026-03-26,3046,47.2000,47.8500,47.8500,47.1000,76435,TWSE_STOCK_DAY
2026-03-26,3605,59.3000,59.6000,61.3000,59.1000,1111905,TWSE_STOCK_DAY
2026-03-26,3702,95.1000,97.6000,98.4000,94.3000,19200024,TWSE_STOCK_DAY
2026-03-26,6213,144.0000,145.5000,151.5000,143.5000,17160291,TWSE_STOCK_DAY
2026-03-26,6570,38.1500,38.9000,39.0500,38.1500,44000,TPEX_STOCK_DAY
2026-03-26,6603,21.7500,22.1500,22.6500,21.7500,833000,TPEX_STOCK_DAY
2026-03-26,6672,130.5000,132.5000,140.0000,130.0000,13693783,TWSE_STOCK_DAY
2026-03-26,TAIEX,33337.6200,33575.6000,33892.5600,33337.6200,0,TWSE_TAIEX_INDEX
2026-03-27,0050,75.0000,74.4500,75.1000,74.1000,115798710,TWSE_STOCK_DAY
2026-03-27,1590,990.0000,980.0000,992.0000,973.0000,390301,TWSE_STOCK_DAY
2026-03-27,1709,18.2000,18.1000,18.5500,18.0000,791856,TWSE_STOCK_DAY
2026-03-27,1714,9.7000,9.5500,9.7100,9.5300,1672783,TWSE_STOCK_DAY
2026-03-27,2030,16.1000,16.2000,16.4000,16.0000,472595,TWSE_STOCK_DAY
2026-03-27,2059,3600.0000,3615.0000,3660.0000,3515.0000,425023,TWSE_STOCK_DAY
2026-03-27,2103,19.4500,19.7000,20.0000,19.3500,4231616,TWSE_STOCK_DAY
2026-03-27,2301,152.0000,153.5000,154.5000,149.0000,13188257,TWSE_STOCK_DAY
2026-03-27,2354,52.2000,52.0000,52.3000,51.3000,2411186,TWSE_STOCK_DAY
2026-03-27,2395,332.5000,333.5000,336.0000,329.0000,1783446,TWSE_STOCK_DAY
2026-03-27,2397,55.0000,55.2000,55.2000,54.4000,126717,TWSE_STOCK_DAY
2026-03-27,2408,219.5000,217.0000,220.0000,207.0000,133271176,TWSE_STOCK_DAY
2026-03-27,2606,57.6000,58.3000,58.7000,57.2000,3463957,TWSE_STOCK_DAY
2026-03-27,2609,52.4000,52.4000,53.7000,52.3000,15106348,TWSE_STOCK_DAY
2026-03-27,2637,69.0000,68.3000,69.5000,67.8000,1455961,TWSE_STOCK_DAY
2026-03-27,2886,39.1000,38.9500,39.2000,38.7000,26602509,TWSE_STOCK_DAY
2026-03-27,3006,172.0000,157.5000,173.5000,153.0000,5943705,TWSE_STOCK_DAY
2026-03-27,3044,359.0000,348.0000,360.5000,348.0000,1323225,TWSE_STOCK_DAY
2026-03-27,3046,47.1000,47.6000,47.6000,46.7000,127958,TWSE_STOCK_DAY
2026-03-27,3605,59.2000,58.6000,59.2000,58.1000,683031,TWSE_STOCK_DAY
2026-03-27,3702,92.1000,94.1000,94.1000,90.6000,13979713,TWSE_STOCK_DAY
2026-03-27,6213,158.0000,141.5000,158.0000,140.5000,25477920,TWSE_STOCK_DAY
2026-03-27,6570,37.9000,38.3000,38.5000,37.9000,5000,TPEX_STOCK_DAY
2026-03-27,6603,21.5500,21.5500,21.7000,21.2000,869000,TPEX_STOCK_DAY
2026-03-27,6672,131.5000,127.5000,134.0000,126.0000,7387165,TWSE_STOCK_DAY
2026-03-27,TAIEX,33112.5900,33267.2500,33267.2500,32669.3900,0,TWSE_TAIEX_INDEX
2026-03-30,0050,73.9000,73.3000,74.0500,72.8000,175515568,TWSE_STOCK_DAY
2026-03-30,1590,987.0000,970.0000,1000.0000,970.0000,413083,TWSE_STOCK_DAY
2026-03-30,1709,18.2500,18.2000,18.5500,18.1500,756485,TWSE_STOCK_DAY
2026-03-30,1714,9.9000,9.6500,10.0500,9.6400,9690382,TWSE_STOCK_DAY
2026-03-30,2030,16.2500,16.7000,17.2500,16.1500,1434899,TWSE_STOCK_DAY
2026-03-30,2059,3460.0000,3545.0000,3580.0000,3385.0000,454470,TWSE_STOCK_DAY
2026-03-30,2103,19.9500,19.6000,20.4500,19.6000,9188153,TWSE_STOCK_DAY
2026-03-30,2301,149.5000,148.0000,151.5000,147.5000,8895888,TWSE_STOCK_DAY
2026-03-30,2354,51.4000,51.2000,51.9000,51.1000,3002144,TWSE_STOCK_DAY
2026-03-30,2395,321.5000,323.0000,328.5000,321.5000,2195039,TWSE_STOCK_DAY
2026-03-30,2397,54.3000,54.3000,54.5000,54.0000,66139,TWSE_STOCK_DAY
2026-03-30,2408,220.5000,215.0000,227.0000,213.5000,125717079,TWSE_STOCK_DAY
2026-03-30,2606,57.3000,56.9000,57.8000,56.6000,2926775,TWSE_STOCK_DAY
2026-03-30,2609,53.0000,52.5000,54.0000,52.2000,17441830,TWSE_STOCK_DAY
2026-03-30,2637,68.6000,68.2000,69.6000,68.2000,1427021,TWSE_STOCK_DAY
2026-03-30,2886,38.6500,38.2000,39.0500,38.2000,38777644,TWSE_STOCK_DAY
2026-03-30,3006,166.5000,169.0000,173.0000,165.5000,4051451,TWSE_STOCK_DAY
2026-03-30,3044,348.0000,348.5000,351.0000,343.0000,2148575,TWSE_STOCK_DAY
2026-03-30,3046,46.5500,46.6500,46.8000,46.3500,94770,TWSE_STOCK_DAY
2026-03-30,3605,56.5000,58.0000,58.3000,56.3000,1394713,TWSE_STOCK_DAY
2026-03-30,3702,90.4000,90.7000,92.3000,89.7000,13751771,TWSE_STOCK_DAY
2026-03-30,6213,151.0000,156.0000,157.5000,146.5000,23556898,TWSE_STOCK_DAY
2026-03-30,6570,37.9000,37.8000,38.1500,37.7000,35000,TPEX_STOCK_DAY
2026-03-30,6603,21.6000,21.1500,22.3500,21.1000,1055000,TPEX_STOCK_DAY
2026-03-30,6672,128.5000,128.0000,129.0000,123.5000,4749940,TWSE_STOCK_DAY
2026-03-30,TAIEX,32518.1600,33009.6800,33009.6800,32326.3700,0,TWSE_TAIEX_INDEX
2026-03-31,0050,72.3500,73.3500,73.4500,72.1500,257738774,TWSE_STOCK_DAY
2026-03-31,1590,993.0000,977.0000,1040.0000,977.0000,1140983,TWSE_STOCK_DAY
2026-03-31,1709,17.8000,18.2500,18.3500,17.8000,914411,TWSE_STOCK_DAY
2026-03-31,1714,9.7200,9.9900,10.2000,9.6600,10414955,TWSE_STOCK_DAY
2026-03-31,2030,15.7500,16.4500,16.4500,15.7000,1162066,TWSE_STOCK_DAY
2026-03-31,2059,3175.0000,3350.0000,3385.0000,3150.0000,1013316,TWSE_STOCK_DAY
2026-03-31,2103,19.2000,20.1500,20.5000,19.1500,8181615,TWSE_STOCK_DAY
2026-03-31,2301,140.5000,147.5000,147.5000,139.5000,25193642,TWSE_STOCK_DAY
2026-03-31,2354,50.5000,50.6000,51.3000,50.2000,5036041,TWSE_STOCK_DAY
2026-03-31,2395,318.5000,319.5000,324.0000,313.5000,4336957,TWSE_STOCK_DAY
2026-03-31,2397,53.3000,53.6000,54.0000,53.2000,152929,TWSE_STOCK_DAY
2026-03-31,2408,198.5000,207.5000,210.0000,198.5000,147689561,TWSE_STOCK_DAY
2026-03-31,2606,58.0000,57.5000,58.4000,56.8000,4334622,TWSE_STOCK_DAY
2026-03-31,2609,52.0000,53.3000,53.4000,51.9000,16650241,TWSE_STOCK_DAY
2026-03-31,2637,67.0000,69.2000,69.2000,66.6000,1869623,TWSE_STOCK_DAY
2026-03-31,2886,38.4500,38.5000,38.9000,38.2500,39385674,TWSE_STOCK_DAY
2026-03-31,3006,150.0000,160.0000,160.0000,150.0000,6035737,TWSE_STOCK_DAY
2026-03-31,3044,338.5000,348.0000,354.5000,337.0000,4751325,TWSE_STOCK_DAY
2026-03-31,3046,46.3000,47.0000,47.0000,46.0000,108394,TWSE_STOCK_DAY
2026-03-31,3605,54.5000,56.0000,57.3000,54.5000,954754,TWSE_STOCK_DAY
2026-03-31,3702,88.0000,89.6000,90.4000,86.5000,22571746,TWSE_STOCK_DAY
2026-03-31,6213,148.5000,152.5000,156.0000,146.5000,34771729,TWSE_STOCK_DAY
2026-03-31,6570,37.5500,37.7000,38.1500,37.5500,44000,TPEX_STOCK_DAY
2026-03-31,6603,20.9000,21.5000,21.7500,20.8500,698000,TPEX_STOCK_DAY
2026-03-31,6672,125.5000,126.0000,129.5000,122.5000,4098400,TWSE_STOCK_DAY
2026-03-31,TAIEX,31722.9900,32419.0000,32453.3800,31705.9900,0,TWSE_TAIEX_INDEX
2026-04-01,0050,75.4500,75.0000,75.6000,74.6000,130698663,TWSE_STOCK_DAY
2026-04-01,1590,1025.0000,1040.0000,1045.0000,1005.0000,758692,TWSE_STOCK_DAY
2026-04-01,1709,18.1000,18.0000,18.3500,17.9000,310334,TWSE_STOCK_DAY
2026-04-01,1714,9.7000,9.7200,9.7500,9.6000,3955894,TWSE_STOCK_DAY
2026-04-01,2030,16.0000,15.9500,16.2000,15.8500,815758,TWSE_STOCK_DAY
2026-04-01,2059,3455.0000,3320.0000,3490.0000,3285.0000,803891,TWSE_STOCK_DAY
2026-04-01,2103,19.4000,19.4500,19.6000,19.0000,3417022,TWSE_STOCK_DAY
2026-04-01,2301,147.5000,147.0000,148.0000,146.0000,10190138,TWSE_STOCK_DAY
2026-04-01,2354,52.5000,51.6000,52.5000,51.6000,4246875,TWSE_STOCK_DAY
2026-04-01,2395,331.0000,328.5000,334.0000,328.0000,1943014,TWSE_STOCK_DAY
2026-04-01,2397,54.2000,53.9000,54.3000,53.9000,68467,TWSE_STOCK_DAY
2026-04-01,2408,211.0000,211.5000,213.0000,205.0000,121908452,TWSE_STOCK_DAY
2026-04-01,2606,59.5000,58.6000,60.0000,58.3000,4963992,TWSE_STOCK_DAY
2026-04-01,2609,52.7000,52.6000,53.0000,52.4000,11246820,TWSE_STOCK_DAY
2026-04-01,2637,69.1000,68.0000,69.4000,67.4000,1521167,TWSE_STOCK_DAY
2026-04-01,2886,38.9500,38.9500,39.2500,38.6500,25047659,TWSE_STOCK_DAY
2026-04-01,3006,156.5000,158.5000,160.0000,155.0000,3462645,TWSE_STOCK_DAY
2026-04-01,3044,355.0000,350.5000,366.5000,349.0000,3487488,TWSE_STOCK_DAY
2026-04-01,3046,46.6000,46.6000,47.3000,46.6000,69646,TWSE_STOCK_DAY
2026-04-01,3605,56.5000,56.0000,56.9000,56.0000,666430,TWSE_STOCK_DAY
2026-04-01,3702,89.9000,92.6000,92.9000,88.4000,15924350,TWSE_STOCK_DAY
2026-04-01,6213,163.0000,156.0000,163.0000,155.0000,26771551,TWSE_STOCK_DAY
2026-04-01,6570,37.9500,37.9500,38.0000,37.2000,97000,TPEX_STOCK_DAY
2026-04-01,6603,21.2000,21.3000,21.6500,21.1000,763000,TPEX_STOCK_DAY
2026-04-01,6672,130.0000,131.0000,131.5000,126.0000,4514603,TWSE_STOCK_DAY
2026-04-01,TAIEX,33174.8200,31892.3300,33182.2200,31892.3300,0,TWSE_TAIEX_INDEX
2026-04-02,0050,73.9500,75.9000,76.0500,73.8000,113976137,TWSE_STOCK_DAY
2026-04-02,1590,996.0000,1025.0000,1040.0000,991.0000,780687,TWSE_STOCK_DAY
2026-04-02,1709,17.8000,18.3000,18.3000,17.8000,433090,TWSE_STOCK_DAY
2026-04-02,1714,9.5300,9.7000,9.7800,9.5100,3104418,TWSE_STOCK_DAY
2026-04-02,2030,16.1500,16.0500,16.2500,15.9000,500975,TWSE_STOCK_DAY
2026-04-02,2059,3345.0000,3500.0000,3560.0000,3340.0000,520393,TWSE_STOCK_DAY
2026-04-02,2103,19.0500,19.1500,19.3000,18.8500,5299329,TWSE_STOCK_DAY
2026-04-02,2301,145.0000,148.5000,148.5000,142.5000,11205949,TWSE_STOCK_DAY
2026-04-02,2354,51.4000,52.8000,52.9000,51.3000,2455708,TWSE_STOCK_DAY
2026-04-02,2395,323.5000,334.0000,334.0000,317.0000,2038229,TWSE_STOCK_DAY
2026-04-02,2397,53.5000,54.3000,54.5000,53.4000,72366,TWSE_STOCK_DAY
2026-04-02,2408,200.5000,217.0000,219.0000,200.0000,119851725,TWSE_STOCK_DAY
2026-04-02,2606,58.6000,60.0000,60.0000,58.5000,2328596,TWSE_STOCK_DAY
2026-04-02,2609,52.1000,52.8000,52.9000,51.8000,11338274,TWSE_STOCK_DAY
2026-04-02,2637,67.9000,69.8000,69.8000,67.8000,1283169,TWSE_STOCK_DAY
2026-04-02,2886,39.2500,39.1000,39.3000,38.7000,21454526,TWSE_STOCK_DAY
2026-04-02,3006,150.5000,159.5000,160.0000,150.0000,2862899,TWSE_STOCK_DAY
2026-04-02,3044,346.5000,358.0000,363.5000,345.5000,2551748,TWSE_STOCK_DAY
2026-04-02,3046,46.3000,46.8000,46.9000,46.0500,77373,TWSE_STOCK_DAY
2026-04-02,3605,60.1000,57.9000,60.9000,56.2000,2386895,TWSE_STOCK_DAY
2026-04-02,3702,88.0000,90.8000,90.9000,87.4000,12365975,TWSE_STOCK_DAY
2026-04-02,6213,170.0000,167.5000,176.0000,167.0000,59038515,TWSE_STOCK_DAY
2026-04-02,6570,37.9000,37.3500,37.9000,37.3500,28000,TPEX_STOCK_DAY
2026-04-02,6603,21.1500,21.2000,21.4000,21.0000,496000,TPEX_STOCK_DAY
2026-04-02,6672,129.5000,132.0000,134.5000,127.5000,6111173,TWSE_STOCK_DAY
2026-04-02,TAIEX,32572.4300,33218.0200,33497.5800,32516.9400,0,TWSE_TAIEX_INDEX
2026-04-07,0050,75.3000,75.1500,75.4500,74.6500,80449813,TWSE_STOCK_DAY
2026-04-07,1590,1030.0000,1050.0000,1050.0000,1020.0000,844253,TWSE_STOCK_DAY
2026-04-07,1709,18.0000,17.9000,18.1000,17.9000,295713,TWSE_STOCK_DAY
2026-04-07,1714,9.5100,9.5800,9.5800,9.4500,2032458,TWSE_STOCK_DAY
2026-04-07,2030,16.1500,16.4000,16.4500,16.0000,606489,TWSE_STOCK_DAY
2026-04-07,2059,3175.0000,3400.0000,3410.0000,3170.0000,525557,TWSE_STOCK_DAY
2026-04-07,2103,19.6000,19.1000,19.8000,19.0000,3208598,TWSE_STOCK_DAY
2026-04-07,2301,142.5000,145.5000,147.0000,141.5000,14927551,TWSE_STOCK_DAY
2026-04-07,2354,50.0000,50.6000,50.9000,50.0000,6730563,TWSE_STOCK_DAY
2026-04-07,2395,322.5000,321.5000,325.5000,318.5000,1325892,TWSE_STOCK_DAY
2026-04-07,2397,54.7000,54.6000,55.3000,54.4000,121129,TWSE_STOCK_DAY
2026-04-07,2408,206.0000,210.5000,212.0000,202.5000,73353667,TWSE_STOCK_DAY
2026-04-07,2606,59.6000,58.8000,59.9000,58.7000,1649115,TWSE_STOCK_DAY
2026-04-07,2609,51.7000,52.2000,52.3000,51.6000,13443202,TWSE_STOCK_DAY
2026-04-07,2637,68.0000,68.7000,68.7000,67.7000,535795,TWSE_STOCK_DAY
2026-04-07,2886,39.4000,39.2500,39.4500,39.0000,17518182,TWSE_STOCK_DAY
2026-04-07,3006,157.0000,165.0000,165.5000,155.0000,18757489,TWSE_STOCK_DAY
2026-04-07,3044,357.0000,352.5000,365.0000,352.5000,2486069,TWSE_STOCK_DAY
2026-04-07,3046,46.4000,46.3000,46.5000,46.0500,53963,TWSE_STOCK_DAY
2026-04-07,3605,62.7000,63.1000,63.1000,60.8000,2816137,TWSE_STOCK_DAY
2026-04-07,3702,89.1000,90.0000,90.8000,88.4000,10526887,TWSE_STOCK_DAY
2026-04-07,6213,187.0000,180.5000,187.0000,177.0000,26964783,TWSE_STOCK_DAY
2026-04-07,6570,38.5000,37.9000,38.5000,37.5000,50000,TPEX_STOCK_DAY
2026-04-07,6603,20.8000,21.2000,21.4000,20.6500,676000,TPEX_STOCK_DAY
2026-04-07,6672,129.0000,131.0000,133.5000,129.0000,3729946,TWSE_STOCK_DAY
2026-04-07,TAIEX,33229.8200,32671.5200,33264.2200,32671.5200,0,TWSE_TAIEX_INDEX
2026-04-08,0050,79.2000,78.1000,79.2500,78.1000,235675856,TWSE_STOCK_DAY
2026-04-08,1590,1075.0000,1055.0000,1110.0000,1050.0000,974666,TWSE_STOCK_DAY
2026-04-08,1709,17.9500,17.9000,18.0500,17.9000,416025,TWSE_STOCK_DAY
2026-04-08,1714,9.5700,9.6300,9.6300,9.4500,2743314,TWSE_STOCK_DAY
2026-04-08,2030,16.3000,16.3000,16.4000,16.1000,654656,TWSE_STOCK_DAY
2026-04-08,2059,3315.0000,3320.0000,3380.0000,3255.0000,490398,TWSE_STOCK_DAY
2026-04-08,2103,19.0500,19.6500,19.6500,18.9000,5256849,TWSE_STOCK_DAY
2026-04-08,2301,156.5000,152.0000,156.5000,150.5000,17193891,TWSE_STOCK_DAY
2026-04-08,2354,50.9000,50.9000,51.6000,50.7000,7188119,TWSE_STOCK_DAY
2026-04-08,2395,348.5000,339.0000,351.5000,335.0000,3507052,TWSE_STOCK_DAY
2026-04-08,2397,56.5000,55.1000,56.7000,55.1000,138160,TWSE_STOCK_DAY
2026-04-08,2408,223.0000,217.0000,223.5000,214.5000,95259021,TWSE_STOCK_DAY
2026-04-08,2606,60.7000,60.4000,60.8000,59.6000,3236761,TWSE_STOCK_DAY
2026-04-08,2609,51.7000,52.2000,52.2000,51.3000,21535779,TWSE_STOCK_DAY
2026-04-08,2637,69.4000,69.9000,69.9000,68.4000,1774686,TWSE_STOCK_DAY
2026-04-08,2886,39.3500,39.9000,39.9000,38.9000,27544571,TWSE_STOCK_DAY
2026-04-08,3006,160.5000,168.0000,169.0000,155.5000,26947583,TWSE_STOCK_DAY
2026-04-08,3044,370.0000,367.0000,377.5000,365.0000,5205748,TWSE_STOCK_DAY
2026-04-08,3046,47.2000,47.1000,47.4500,46.9000,184520,TWSE_STOCK_DAY
2026-04-08,3605,66.6000,63.8000,66.9000,63.4000,5246915,TWSE_STOCK_DAY
2026-04-08,3702,91.9000,92.0000,92.0000,89.5000,13389254,TWSE_STOCK_DAY
2026-04-08,6213,197.0000,194.0000,200.0000,187.5000,60003640,TWSE_STOCK_DAY
2026-04-08,6570,38.5000,38.5000,38.7000,38.1000,116000,TPEX_STOCK_DAY
2026-04-08,6603,21.2500,20.9500,21.4000,20.9500,656000,TPEX_STOCK_DAY
2026-04-08,6672,141.5000,138.0000,141.5000,136.0000,5167530,TWSE_STOCK_DAY
2026-04-08,TAIEX,34761.3800,33379.5000,34761.3800,33379.5000,0,TWSE_TAIEX_INDEX
2026-04-09,0050,79.1500,79.3000,79.4000,78.8000,95094893,TWSE_STOCK_DAY
2026-04-09,1590,1075.0000,1090.0000,1105.0000,1060.0000,736546,TWSE_STOCK_DAY
2026-04-09,1709,18.3000,18.1000,18.3500,17.9500,451213,TWSE_STOCK_DAY
2026-04-09,1714,9.4600,9.5500,9.5800,9.4200,1962904,TWSE_STOCK_DAY
2026-04-09,2030,16.1000,16.3000,16.3000,16.1000,460789,TWSE_STOCK_DAY
2026-04-09,2059,3275.0000,3305.0000,3360.0000,3250.0000,429516,TWSE_STOCK_DAY
2026-04-09,2103,19.5500,19.2000,19.5500,19.1000,3592438,TWSE_STOCK_DAY
2026-04-09,2301,155.0000,156.5000,159.5000,152.0000,25479732,TWSE_STOCK_DAY
2026-04-09,2354,50.6000,50.9000,51.1000,50.1000,5657379,TWSE_STOCK_DAY
2026-04-09,2395,348.0000,350.0000,353.5000,345.0000,2795111,TWSE_STOCK_DAY
2026-04-09,2397,59.8000,56.7000,59.8000,56.2000,433248,TWSE_STOCK_DAY
2026-04-09,2408,205.0000,222.0000,222.0000,204.0000,90700533,TWSE_STOCK_DAY
2026-04-09,2606,60.8000,60.9000,61.6000,60.0000,3095892,TWSE_STOCK_DAY
2026-04-09,2609,51.3000,51.6000,51.9000,51.1000,15054333,TWSE_STOCK_DAY
2026-04-09,2637,70.3000,70.8000,70.8000,69.5000,1979099,TWSE_STOCK_DAY
2026-04-09,2886,39.7500,39.3500,39.7500,39.2500,36354743,TWSE_STOCK_DAY
2026-04-09,3006,155.0000,161.0000,161.5000,153.0000,13002502,TWSE_STOCK_DAY
2026-04-09,3044,378.0000,373.0000,383.0000,370.0000,4085862,TWSE_STOCK_DAY
2026-04-09,3046,48.2000,48.1000,48.9000,47.6500,257418,TWSE_STOCK_DAY
2026-04-09,3605,64.5000,65.4000,65.5000,63.9000,2674224,TWSE_STOCK_DAY
2026-04-09,3702,91.3000,92.4000,93.6000,90.6000,11143657,TWSE_STOCK_DAY
2026-04-09,6213,216.5000,197.5000,216.5000,197.5000,22640896,TWSE_STOCK_DAY
2026-04-09,6570,38.7500,38.2500,38.9000,38.1500,97000,TPEX_STOCK_DAY
2026-04-09,6603,21.1000,21.5500,21.6500,21.0000,798000,TPEX_STOCK_DAY
2026-04-09,6672,154.0000,146.5000,155.5000,146.0000,13362575,TWSE_STOCK_DAY
2026-04-09,TAIEX,34861.1600,34779.9600,34884.4500,34617.3400,0,TWSE_TAIEX_INDEX
2026-04-10,0050,80.7500,80.0000,80.8000,79.9500,120838644,TWSE_STOCK_DAY
2026-04-10,1590,1115.0000,1080.0000,1120.0000,1080.0000,1143757,TWSE_STOCK_DAY
2026-04-10,1709,18.4000,18.4000,18.5000,18.1500,754899,TWSE_STOCK_DAY
2026-04-10,1714,10.2000,9.8300,10.2500,9.8100,20472334,TWSE_STOCK_DAY
2026-04-10,2030,15.9500,16.3000,16.3500,15.9000,443285,TWSE_STOCK_DAY
2026-04-10,2059,3355.0000,3375.0000,3410.0000,3265.0000,465081,TWSE_STOCK_DAY
2026-04-10,2103,19.5500,19.5500,19.5500,18.9000,3335988,TWSE_STOCK_DAY
2026-04-10,2301,161.5000,158.5000,164.5000,156.0000,39144190,TWSE_STOCK_DAY
2026-04-10,2354,50.1000,50.9000,51.2000,50.1000,5210113,TWSE_STOCK_DAY
2026-04-10,2395,346.0000,350.0000,356.0000,343.5000,2574500,TWSE_STOCK_DAY
2026-04-10,2397,59.1000,59.4000,60.0000,59.1000,152371,TWSE_STOCK_DAY
2026-04-10,2408,215.0000,211.0000,220.0000,209.0000,93633890,TWSE_STOCK_DAY
2026-04-10,2606,61.0000,61.3000,61.7000,60.9000,2358451,TWSE_STOCK_DAY
2026-04-10,2609,51.3000,51.1000,51.4000,50.8000,17677753,TWSE_STOCK_DAY
2026-04-10,2637,70.4000,71.0000,71.0000,70.0000,1096265,TWSE_STOCK_DAY
2026-04-10,2886,39.8500,39.7500,39.9000,39.6000,24729687,TWSE_STOCK_DAY
2026-04-10,3006,156.0000,158.5000,164.5000,153.5000,16331683,TWSE_STOCK_DAY
2026-04-10,3044,375.0000,383.0000,388.0000,372.5000,4215672,TWSE_STOCK_DAY
2026-04-10,3046,48.2000,48.4500,48.8000,48.2000,95419,TWSE_STOCK_DAY
2026-04-10,3605,66.0000,65.0000,66.6000,64.9000,3228805,TWSE_STOCK_DAY
2026-04-10,3702,91.5000,93.2000,95.0000,90.8000,12886161,TWSE_STOCK_DAY
2026-04-10,6213,214.0000,225.0000,225.0000,207.0000,37919510,TWSE_STOCK_DAY
2026-04-10,6570,39.5500,40.2500,40.2500,38.7500,145000,TPEX_STOCK_DAY
2026-04-10,6603,22.1500,21.5000,22.4000,21.5000,1143000,TPEX_STOCK_DAY
2026-04-10,6672,150.0000,152.0000,153.0000,146.0000,7435738,TWSE_STOCK_DAY
2026-04-10,TAIEX,35417.8300,34950.8700,35417.8300,34950.8700,0,TWSE_TAIEX_INDEX
2026-04-13,0050,80.6000,80.6000,81.0000,80.4000,91689847,TWSE_STOCK_DAY
2026-04-13,1590,1095.0000,1125.0000,1125.0000,1085.0000,2154865,TWSE_STOCK_DAY
2026-04-13,1709,19.2000,18.6500,19.4500,18.6000,3301581,TWSE_STOCK_DAY
2026-04-13,1714,10.1500,10.6000,10.6500,10.0500,15307602,TWSE_STOCK_DAY
2026-04-13,2030,16.2000,15.9500,16.2000,15.9500,444925,TWSE_STOCK_DAY
2026-04-13,2059,3335.0000,3380.0000,3415.0000,3305.0000,568616,TWSE_STOCK_DAY
2026-04-13,2103,19.5000,19.5500,19.7000,19.1500,2817626,TWSE_STOCK_DAY
2026-04-13,2301,153.5000,159.5000,159.5000,153.0000,30958213,TWSE_STOCK_DAY
2026-04-13,2354,50.6000,50.0000,50.6000,49.7000,5072207,TWSE_STOCK_DAY
2026-04-13,2395,342.5000,345.0000,346.5000,339.5000,2053407,TWSE_STOCK_DAY
2026-04-13,2397,58.0000,59.0000,59.1000,57.7000,121629,TWSE_STOCK_DAY
2026-04-13,2408,225.5000,218.5000,227.5000,214.5000,97513828,TWSE_STOCK_DAY
2026-04-13,2606,60.7000,61.0000,61.3000,59.8000,2406379,TWSE_STOCK_DAY
2026-04-13,2609,50.6000,51.4000,51.4000,50.3000,17448479,TWSE_STOCK_DAY
2026-04-13,2637,70.5000,70.0000,71.1000,68.3000,3157169,TWSE_STOCK_DAY
2026-04-13,2886,39.3000,39.8500,39.8500,39.0500,22752123,TWSE_STOCK_DAY
2026-04-13,3006,159.5000,157.0000,165.0000,155.5000,12813389,TWSE_STOCK_DAY
2026-04-13,3044,373.5000,378.0000,383.0000,370.5000,3184162,TWSE_STOCK_DAY
2026-04-13,3046,48.6500,48.2000,48.7000,48.1500,152270,TWSE_STOCK_DAY
2026-04-13,3605,65.7000,66.0000,66.7000,65.0000,2210945,TWSE_STOCK_DAY
2026-04-13,3702,96.6000,93.9000,97.7000,91.8000,26078982,TWSE_STOCK_DAY
2026-04-13,6213,204.0000,210.0000,213.0000,203.5000,26431190,TWSE_STOCK_DAY
2026-04-13,6570,39.1500,39.6000,39.6500,39.1500,71000,TPEX_STOCK_DAY
2026-04-13,6603,21.6500,22.1000,22.1000,21.3000,761000,TPEX_STOCK_DAY
2026-04-13,6672,148.5000,152.5000,156.0000,148.0000,5156191,TWSE_STOCK_DAY
2026-04-13,TAIEX,35457.2900,35422.9100,35552.4900,35261.7300,0,TWSE_TAIEX_INDEX
2026-04-14,0050,83.1000,81.7500,83.2000,81.7500,129128623,TWSE_STOCK_DAY
2026-04-14,1590,1115.0000,1115.0000,1130.0000,1095.0000,454672,TWSE_STOCK_DAY
2026-04-14,1709,19.3500,19.2000,19.9000,18.9000,1954089,TWSE_STOCK_DAY
2026-04-14,1714,10.1000,10.1500,10.2500,10.0000,7693067,TWSE_STOCK_DAY
2026-04-14,2030,16.3000,16.3000,16.3500,16.2000,814034,TWSE_STOCK_DAY
2026-04-14,2059,3445.0000,3405.0000,3545.0000,3400.0000,1010618,TWSE_STOCK_DAY
2026-04-14,2103,19.9500,19.6500,20.3000,19.4500,5463896,TWSE_STOCK_DAY
2026-04-14,2301,157.5000,156.5000,158.0000,155.5000,16947337,TWSE_STOCK_DAY
2026-04-14,2354,51.2000,51.1000,51.7000,50.9000,4858243,TWSE_STOCK_DAY
2026-04-14,2395,344.0000,346.0000,349.5000,342.5000,2414958,TWSE_STOCK_DAY
2026-04-14,2397,60.3000,58.6000,60.3000,58.2000,232799,TWSE_STOCK_DAY
2026-04-14,2408,220.0000,238.5000,240.0000,220.0000,161560749,TWSE_STOCK_DAY
2026-04-14,2606,60.3000,61.2000,61.5000,60.3000,2506496,TWSE_STOCK_DAY
2026-04-14,2609,50.4000,50.7000,50.9000,50.4000,19008188,TWSE_STOCK_DAY
2026-04-14,2637,70.2000,71.0000,71.0000,69.8000,1702015,TWSE_STOCK_DAY
2026-04-14,2886,39.3500,39.7500,39.7500,39.1500,15844526,TWSE_STOCK_DAY
2026-04-14,3006,160.5000,165.0000,168.0000,160.0000,20911558,TWSE_STOCK_DAY
2026-04-14,3044,381.5000,380.5000,391.0000,378.0000,3904553,TWSE_STOCK_DAY
2026-04-14,3046,48.7000,49.0000,49.2000,48.5500,206220,TWSE_STOCK_DAY
2026-04-14,3605,65.0000,66.8000,67.2000,65.0000,2220236,TWSE_STOCK_DAY
2026-04-14,3702,96.5000,97.6000,101.0000,96.0000,40559023,TWSE_STOCK_DAY
2026-04-14,6213,224.0000,211.0000,224.0000,211.0000,30166702,TWSE_STOCK_DAY
2026-04-14,6570,39.0500,39.3000,39.5000,39.0000,39000,TPEX_STOCK_DAY
2026-04-14,6603,22.1000,21.8500,22.5000,21.6000,918000,TPEX_STOCK_DAY
2026-04-14,6672,151.0000,152.0000,157.5000,150.5000,5294456,TWSE_STOCK_DAY
2026-04-14,TAIEX,36296.1200,35584.0900,36341.4400,35584.0900,0,TWSE_TAIEX_INDEX
2026-04-15,0050,84.1500,84.1000,85.1000,83.8000,127729350,TWSE_STOCK_DAY
2026-04-15,1590,1185.0000,1125.0000,1210.0000,1115.0000,1148433,TWSE_STOCK_DAY
2026-04-15,1709,19.1000,19.3500,19.3500,19.0500,930005,TWSE_STOCK_DAY
2026-04-15,1714,9.9200,10.2000,10.2000,9.8500,6685961,TWSE_STOCK_DAY
2026-04-15,2030,16.5000,16.4500,16.5000,16.3000,1002383,TWSE_STOCK_DAY
2026-04-15,2059,3440.0000,3510.0000,3575.0000,3435.0000,659022,TWSE_STOCK_DAY
2026-04-15,2103,19.3500,19.9000,20.0000,19.2000,5156704,TWSE_STOCK_DAY
2026-04-15,2301,159.0000,159.5000,160.5000,155.5000,24555323,TWSE_STOCK_DAY
2026-04-15,2354,51.9000,51.6000,52.7000,51.4000,10141421,TWSE_STOCK_DAY
2026-04-15,2395,348.0000,350.0000,351.5000,345.5000,2818772,TWSE_STOCK_DAY
2026-04-15,2397,60.2000,60.5000,60.6000,59.2000,200230,TWSE_STOCK_DAY
2026-04-15,2408,211.5000,227.5000,229.5000,211.5000,106926490,TWSE_STOCK_DAY
2026-04-15,2606,63.0000,61.4000,64.0000,61.4000,7237427,TWSE_STOCK_DAY
2026-04-15,2609,51.5000,50.5000,51.6000,50.4000,18704734,TWSE_STOCK_DAY
2026-04-15,2637,72.5000,71.3000,73.3000,71.1000,4790102,TWSE_STOCK_DAY
2026-04-15,2886,39.5000,39.3000,39.6000,39.2000,22320064,TWSE_STOCK_DAY
2026-04-15,3006,156.0000,164.0000,165.5000,155.5000,12478018,TWSE_STOCK_DAY
2026-04-15,3044,402.0000,391.0000,416.5000,385.5000,10265314,TWSE_STOCK_DAY
2026-04-15,3046,48.7000,49.3000,49.3000,48.5000,260460,TWSE_STOCK_DAY
2026-04-15,3605,63.8000,65.9000,66.5000,63.6000,2223679,TWSE_STOCK_DAY
2026-04-15,3702,97.5000,99.8000,100.5000,96.7000,26216643,TWSE_STOCK_DAY
2026-04-15,6213,229.5000,228.0000,235.5000,220.5000,53921114,TWSE_STOCK_DAY
2026-04-15,6570,39.8500,40.0000,40.0000,39.1500,120000,TPEX_STOCK_DAY
2026-04-15,6603,22.9500,23.2000,23.5000,22.5000,2076000,TPEX_STOCK_DAY
2026-04-15,6672,155.5000,152.5000,158.0000,151.0000,8093295,TWSE_STOCK_DAY
2026-04-15,TAIEX,36722.1400,36369.1100,37064.1600,36369.1100,0,TWSE_TAIEX_INDEX
2026-04-16,0050,85.0000,84.7500,85.1000,84.1500,80696269,TWSE_STOCK_DAY
2026-04-16,1590,1225.0000,1220.0000,1245.0000,1180.0000,1959373,TWSE_STOCK_DAY
2026-04-16,1709,19.1000,19.2500,19.2500,18.9500,618987,TWSE_STOCK_DAY
2026-04-16,1714,9.8600,9.9300,9.9300,9.8200,2839536,TWSE_STOCK_DAY
2026-04-16,2030,16.4500,16.6000,16.7000,16.2500,733458,TWSE_STOCK_DAY
2026-04-16,2059,3445.0000,3515.0000,3570.0000,3440.0000,615442,TWSE_STOCK_DAY
2026-04-16,2103,19.3500,19.4500,19.4500,19.0500,2603589,TWSE_STOCK_DAY
2026-04-16,2301,161.0000,161.5000,162.5000,159.5000,18577520,TWSE_STOCK_DAY
2026-04-16,2354,52.6000,52.2000,52.6000,51.8000,6889083,TWSE_STOCK_DAY
2026-04-16,2395,355.0000,353.0000,362.0000,351.5000,3946978,TWSE_STOCK_DAY
2026-04-16,2397,59.3000,60.2000,60.2000,58.9000,174401,TWSE_STOCK_DAY
2026-04-16,2408,213.5000,212.5000,216.5000,208.5000,52962831,TWSE_STOCK_DAY
2026-04-16,2606,64.0000,64.0000,65.1000,63.5000,4934645,TWSE_STOCK_DAY
2026-04-16,2609,51.0000,51.7000,51.7000,50.8000,12895593,TWSE_STOCK_DAY
2026-04-16,2637,74.5000,73.5000,74.6000,72.7000,4492142,TWSE_STOCK_DAY
2026-04-16,2886,39.9500,39.6500,40.0000,39.5500,19884407,TWSE_STOCK_DAY
2026-04-16,3006,157.0000,156.5000,160.5000,154.5000,7000763,TWSE_STOCK_DAY
2026-04-16,3044,410.5000,405.0000,415.0000,400.5000,6042823,TWSE_STOCK_DAY
2026-04-16,3046,49.0000,48.7000,49.8000,48.7000,242360,TWSE_STOCK_DAY
2026-04-16,3605,64.7000,64.5000,65.2000,63.8000,963763,TWSE_STOCK_DAY
2026-04-16,3702,98.2000,98.5000,98.5000,95.6000,17536296,TWSE_STOCK_DAY
2026-04-16,6213,252.0000,237.0000,252.0000,229.0000,46275824,TWSE_STOCK_DAY
2026-04-16,6570,40.2500,40.3000,40.3000,39.8000,109000,TPEX_STOCK_DAY
2026-04-16,6603,23.1500,23.0500,23.5500,22.9000,818000,TPEX_STOCK_DAY
2026-04-16,6672,160.0000,151.5000,160.5000,148.0000,11114136,TWSE_STOCK_DAY
2026-04-16,TAIEX,37132.0200,36759.5300,37135.5500,36751.0900,0,TWSE_TAIEX_INDEX
2026-04-17,0050,84.1500,84.2000,84.5000,84.0000,101258031,TWSE_STOCK_DAY
2026-04-17,1590,1255.0000,1215.0000,1255.0000,1185.0000,1486379,TWSE_STOCK_DAY
2026-04-17,1709,18.9500,19.2000,19.2500,18.9000,796270,TWSE_STOCK_DAY
2026-04-17,1714,9.6300,9.8700,9.9400,9.6000,4796025,TWSE_STOCK_DAY
2026-04-17,2030,16.5000,16.5000,16.6000,16.3000,656250,TWSE_STOCK_DAY
2026-04-17,2059,3640.0000,3490.0000,3640.0000,3440.0000,1005655,TWSE_STOCK_DAY
2026-04-17,2103,19.0500,19.4000,19.4500,19.0000,2727692,TWSE_STOCK_DAY
2026-04-17,2301,162.0000,161.5000,163.5000,160.0000,18876840,TWSE_STOCK_DAY
2026-04-17,2354,51.6000,52.7000,52.8000,51.6000,5367837,TWSE_STOCK_DAY
2026-04-17,2395,366.0000,360.0000,372.0000,359.5000,5334989,TWSE_STOCK_DAY
2026-04-17,2397,60.1000,59.3000,60.2000,59.2000,222804,TWSE_STOCK_DAY
2026-04-17,2408,210.0000,215.0000,217.0000,205.0000,68274911,TWSE_STOCK_DAY
2026-04-17,2606,65.0000,64.5000,65.4000,64.2000,7333420,TWSE_STOCK_DAY
2026-04-17,2609,50.7000,51.0000,51.1000,50.5000,12826380,TWSE_STOCK_DAY
2026-04-17,2637,75.7000,75.0000,76.3000,74.6000,6269978,TWSE_STOCK_DAY
2026-04-17,2886,39.5000,40.0000,40.0000,39.2500,19946459,TWSE_STOCK_DAY
2026-04-17,3006,153.0000,158.0000,161.0000,151.0000,10526431,TWSE_STOCK_DAY
2026-04-17,3044,411.5000,413.5000,417.5000,406.0000,3440754,TWSE_STOCK_DAY
2026-04-17,3046,49.0000,49.4000,49.4000,48.7000,133730,TWSE_STOCK_DAY
2026-04-17,3605,65.6000,65.0000,67.0000,64.2000,2833763,TWSE_STOCK_DAY
2026-04-17,3702,98.8000,98.4000,101.0000,96.6000,22356731,TWSE_STOCK_DAY
2026-04-17,6213,270.5000,253.0000,276.5000,250.5000,66569559,TWSE_STOCK_DAY
2026-04-17,6570,39.8500,40.5000,40.5500,39.5500,54000,TPEX_STOCK_DAY
2026-04-17,6603,25.4500,23.8000,25.4500,23.7000,6490000,TPEX_STOCK_DAY
2026-04-17,6672,176.0000,165.5000,176.0000,165.5000,3800597,TWSE_STOCK_DAY
2026-04-17,TAIEX,36804.3400,37145.6600,37145.6600,36776.2800,0,TWSE_TAIEX_INDEX
2026-04-20,0050,84.5500,84.5500,85.1000,84.4500,100551500,TWSE_STOCK_DAY
2026-04-20,1590,1275.0000,1260.0000,1365.0000,1255.0000,1866937,TWSE_STOCK_DAY
2026-04-20,1709,18.9500,19.0500,19.2000,18.8500,640066,TWSE_STOCK_DAY
2026-04-20,1714,9.7400,9.7600,9.7600,9.6500,2870123,TWSE_STOCK_DAY
2026-04-20,2030,16.5000,16.5500,16.5500,16.1500,1117175,TWSE_STOCK_DAY
2026-04-20,2059,3745.0000,3735.0000,3775.0000,3640.0000,822167,TWSE_STOCK_DAY
2026-04-20,2103,18.5000,19.2000,19.2000,18.4500,6117115,TWSE_STOCK_DAY
2026-04-20,2301,165.0000,164.5000,169.5000,163.5000,30332619,TWSE_STOCK_DAY
2026-04-20,2354,51.6000,52.2000,52.4000,51.5000,3673205,TWSE_STOCK_DAY
2026-04-20,2395,363.5000,375.0000,376.5000,363.0000,3362601,TWSE_STOCK_DAY
2026-04-20,2397,60.3000,60.0000,60.5000,59.5000,226470,TWSE_STOCK_DAY
2026-04-20,2408,207.0000,206.0000,209.0000,202.0000,68203536,TWSE_STOCK_DAY
2026-04-20,2606,62.0000,65.0000,65.0000,61.8000,5606061,TWSE_STOCK_DAY
2026-04-20,2609,50.1000,50.7000,50.8000,50.1000,16120163,TWSE_STOCK_DAY
2026-04-20,2637,72.7000,75.6000,75.6000,72.3000,3418502,TWSE_STOCK_DAY
2026-04-20,2886,39.7500,39.5000,40.0000,39.3500,26420417,TWSE_STOCK_DAY
2026-04-20,3006,150.5000,153.0000,155.0000,147.0000,11312977,TWSE_STOCK_DAY
2026-04-20,3044,413.5000,411.5000,425.5000,403.0000,5338863,TWSE_STOCK_DAY
2026-04-20,3046,48.8000,49.2000,49.2000,48.6500,107356,TWSE_STOCK_DAY
2026-04-20,3605,67.5000,66.5000,68.5000,66.5000,4193586,TWSE_STOCK_DAY
2026-04-20,3702,100.5000,100.0000,103.0000,100.0000,18638899,TWSE_STOCK_DAY
2026-04-20,6213,282.0000,273.0000,292.0000,263.5000,56668915,TWSE_STOCK_DAY
2026-04-20,6570,39.6000,39.9000,40.0000,39.5500,56000,TPEX_STOCK_DAY
2026-04-20,6603,25.2000,26.6000,27.5000,24.8000,7572000,TPEX_STOCK_DAY
2026-04-20,6672,187.0000,185.0000,193.5000,178.0000,14439873,TWSE_STOCK_DAY
2026-04-20,TAIEX,36958.8000,36850.2400,37344.5000,36850.2400,0,TWSE_TAIEX_INDEX
2026-04-21,0050,86.0000,85.5000,86.1000,85.0000,75557759,TWSE_STOCK_DAY
2026-04-21,1590,1265.0000,1250.0000,1280.0000,1240.0000,1417954,TWSE_STOCK_DAY
2026-04-21,1709,19.0500,19.1000,19.1000,18.9500,398501,TWSE_STOCK_DAY
2026-04-21,1714,9.9200,9.8500,10.1500,9.8500,7102918,TWSE_STOCK_DAY
2026-04-21,2030,16.4500,16.6000,16.6000,16.3000,601273,TWSE_STOCK_DAY
2026-04-21,2059,3855.0000,3790.0000,3930.0000,3745.0000,721678,TWSE_STOCK_DAY
2026-04-21,2103,18.7000,18.5000,18.8500,18.5000,2184414,TWSE_STOCK_DAY
2026-04-21,2301,171.5000,165.0000,173.5000,163.5000,45494582,TWSE_STOCK_DAY
2026-04-21,2354,52.8000,51.9000,53.0000,51.7000,10090645,TWSE_STOCK_DAY
2026-04-21,2395,364.5000,368.0000,368.0000,355.5000,2497446,TWSE_STOCK_DAY
2026-04-21,2397,60.0000,60.4000,60.6000,59.0000,358052,TWSE_STOCK_DAY
2026-04-21,2408,220.0000,211.0000,223.5000,210.0000,109825599,TWSE_STOCK_DAY
2026-04-21,2606,63.5000,62.8000,64.5000,62.2000,3860512,TWSE_STOCK_DAY
2026-04-21,2609,50.7000,50.2000,51.0000,50.2000,14118439,TWSE_STOCK_DAY
2026-04-21,2637,74.8000,73.2000,75.2000,72.7000,3039326,TWSE_STOCK_DAY
2026-04-21,2886,39.4500,39.8000,39.9000,39.0500,34019774,TWSE_STOCK_DAY
2026-04-21,3006,161.0000,153.0000,162.5000,153.0000,17533163,TWSE_STOCK_DAY
2026-04-21,3044,444.0000,423.5000,452.0000,423.0000,9148675,TWSE_STOCK_DAY
2026-04-21,3046,49.1500,49.0500,49.1500,48.5000,138923,TWSE_STOCK_DAY
2026-04-21,3605,71.6000,68.0000,72.9000,66.5000,9025632,TWSE_STOCK_DAY
2026-04-21,3702,102.5000,102.0000,103.0000,100.5000,14951375,TWSE_STOCK_DAY
2026-04-21,6213,286.0000,285.5000,297.5000,275.0000,51314233,TWSE_STOCK_DAY
2026-04-21,6570,39.4000,39.8500,39.8500,39.1000,67000,TPEX_STOCK_DAY
2026-04-21,6603,26.2000,25.5000,26.9000,25.0000,6170000,TPEX_STOCK_DAY
2026-04-21,6672,187.5000,187.0000,191.5000,179.0000,9478497,TWSE_STOCK_DAY
2026-04-21,TAIEX,37605.1100,37051.2500,37781.8300,37051.2500,0,TWSE_TAIEX_INDEX
2026-04-22,0050,86.3500,85.7500,86.6000,85.5500,67544248,TWSE_STOCK_DAY
2026-04-22,1590,1325.0000,1215.0000,1355.0000,1215.0000,1974191,TWSE_STOCK_DAY
2026-04-22,1709,18.9000,19.1500,19.1500,18.8500,409544,TWSE_STOCK_DAY
2026-04-22,1714,9.7600,9.9800,9.9900,9.7600,3592221,TWSE_STOCK_DAY
2026-04-22,2030,16.2000,16.4500,16.5000,16.0500,774077,TWSE_STOCK_DAY
2026-04-22,2059,3935.0000,3905.0000,3970.0000,3815.0000,579744,TWSE_STOCK_DAY
2026-04-22,2103,18.7000,18.9500,18.9500,18.5500,1734346,TWSE_STOCK_DAY
2026-04-22,2301,176.0000,172.0000,178.0000,170.0000,37025384,TWSE_STOCK_DAY
2026-04-22,2354,54.2000,52.8000,54.5000,52.1000,13453117,TWSE_STOCK_DAY
2026-04-22,2395,361.0000,363.0000,366.0000,361.0000,2504454,TWSE_STOCK_DAY
2026-04-22,2397,59.0000,60.3000,60.3000,58.6000,305643,TWSE_STOCK_DAY
2026-04-22,2408,219.0000,218.5000,220.5000,214.0000,71110869,TWSE_STOCK_DAY
2026-04-22,2606,63.4000,63.3000,64.2000,62.9000,3926575,TWSE_STOCK_DAY
2026-04-22,2609,50.5000,50.7000,50.8000,50.3000,12875588,TWSE_STOCK_DAY
2026-04-22,2637,75.8000,75.0000,75.8000,74.6000,2723158,TWSE_STOCK_DAY
2026-04-22,2886,39.5000,39.3500,39.7500,39.3500,32171847,TWSE_STOCK_DAY
2026-04-22,3006,167.5000,163.0000,168.0000,158.0000,22895720,TWSE_STOCK_DAY
2026-04-22,3044,459.5000,454.0000,485.0000,444.0000,7443859,TWSE_STOCK_DAY
2026-04-22,3046,49.3500,49.3500,49.6500,49.0000,135380,TWSE_STOCK_DAY
2026-04-22,3605,73.9000,72.0000,76.0000,71.8000,14374142,TWSE_STOCK_DAY
2026-04-22,3702,101.5000,102.5000,103.5000,100.5000,12922137,TWSE_STOCK_DAY
2026-04-22,6213,297.0000,287.0000,312.0000,287.0000,40808360,TWSE_STOCK_DAY
2026-04-22,6570,39.3500,39.4000,39.6500,39.1500,60000,TPEX_STOCK_DAY
2026-04-22,6603,26.7500,26.5500,27.0000,26.0500,3232000,TPEX_STOCK_DAY
2026-04-22,6672,206.0000,188.5000,206.0000,186.0000,9036022,TWSE_STOCK_DAY
2026-04-22,TAIEX,37878.4700,37627.2000,38096.8800,37623.3800,0,TWSE_TAIEX_INDEX
2026-04-23,0050,86.3500,87.6500,88.8000,85.1500,156715780,TWSE_STOCK_DAY
2026-04-23,1590,1380.0000,1390.0000,1455.0000,1330.0000,3099971,TWSE_STOCK_DAY
2026-04-23,1709,18.6000,19.0000,19.0000,18.4500,1041592,TWSE_STOCK_DAY
2026-04-23,1714,9.9500,9.8300,9.9600,9.4500,8802892,TWSE_STOCK_DAY
2026-04-23,2030,15.7500,16.1500,16.3500,15.6000,1302303,TWSE_STOCK_DAY
2026-04-23,2059,3585.0000,4000.0000,4025.0000,3550.0000,1196880,TWSE_STOCK_DAY
2026-04-23,2103,19.1500,18.8000,19.1500,18.2500,5366955,TWSE_STOCK_DAY
2026-04-23,2301,164.5000,181.0000,181.0000,160.5000,48873804,TWSE_STOCK_DAY
2026-04-23,2354,52.3000,54.2000,54.5000,51.5000,10937573,TWSE_STOCK_DAY
2026-04-23,2395,356.5000,361.5000,370.0000,348.0000,2674896,TWSE_STOCK_DAY
2026-04-23,2397,57.3000,59.2000,60.2000,56.6000,441214,TWSE_STOCK_DAY
2026-04-23,2408,208.0000,228.5000,230.0000,204.0000,141103957,TWSE_STOCK_DAY
2026-04-23,2606,61.4000,63.4000,63.5000,60.7000,5164212,TWSE_STOCK_DAY
2026-04-23,2609,50.1000,51.4000,51.9000,49.9500,30282709,TWSE_STOCK_DAY
2026-04-23,2637,73.2000,75.8000,76.1000,72.2000,2803510,TWSE_STOCK_DAY
2026-04-23,2886,39.8000,39.3000,39.8000,39.3000,32262365,TWSE_STOCK_DAY
2026-04-23,3006,155.5000,174.5000,175.5000,151.0000,30105336,TWSE_STOCK_DAY
2026-04-23,3044,462.5000,485.5000,487.0000,449.5000,7720568,TWSE_STOCK_DAY
2026-04-23,3046,48.1000,49.6000,49.6000,46.8000,277826,TWSE_STOCK_DAY
2026-04-23,3605,77.8000,74.7000,77.8000,70.3000,18887553,TWSE_STOCK_DAY
2026-04-23,3702,96.2000,102.0000,102.5000,93.0000,20826197,TWSE_STOCK_DAY
2026-04-23,6213,274.5000,302.0000,304.0000,267.5000,14322076,TWSE_STOCK_DAY
2026-04-23,6570,38.8000,39.3500,40.0000,38.1000,206000,TPEX_STOCK_DAY
2026-04-23,6603,27.4000,27.7000,28.2500,26.4500,6663000,TPEX_STOCK_DAY
2026-04-23,6672,191.5000,226.0000,226.0000,185.5000,22458933,TWSE_STOCK_DAY
2026-04-23,TAIEX,37714.1500,37971.6900,38921.9500,37164.4400,0,TWSE_TAIEX_INDEX
2026-04-24,0050,89.9500,87.6000,89.9500,87.5500,129885911,TWSE_STOCK_DAY
2026-04-24,1590,1360.0000,1315.0000,1380.0000,1280.0000,2901321,TWSE_STOCK_DAY
2026-04-24,1709,18.6500,18.6500,18.8000,18.5000,453995,TWSE_STOCK_DAY
2026-04-24,1714,9.6300,9.9500,9.9500,9.5700,4622308,TWSE_STOCK_DAY
2026-04-24,2030,15.6000,15.7500,15.7500,15.3000,960481,TWSE_STOCK_DAY
2026-04-24,2059,3795.0000,3650.0000,3870.0000,3495.0000,1669831,TWSE_STOCK_DAY
2026-04-24,2103,18.5500,19.0500,19.1000,18.4500,3077309,TWSE_STOCK_DAY
2026-04-24,2301,169.5000,166.0000,170.5000,162.5000,25524324,TWSE_STOCK_DAY
2026-04-24,2354,51.4000,52.7000,52.7000,50.7000,5997515,TWSE_STOCK_DAY
2026-04-24,2395,354.0000,357.0000,358.0000,349.0000,1858933,TWSE_STOCK_DAY
2026-04-24,2397,57.1000,57.4000,57.5000,56.5000,301737,TWSE_STOCK_DAY
2026-04-24,2408,206.0000,209.5000,210.5000,199.0000,99650668,TWSE_STOCK_DAY
2026-04-24,2606,60.9000,61.4000,61.7000,60.4000,4358138,TWSE_STOCK_DAY
2026-04-24,2609,50.1000,50.3000,50.5000,49.9000,16405527,TWSE_STOCK_DAY
2026-04-24,2637,72.0000,73.8000,73.8000,71.0000,2560040,TWSE_STOCK_DAY
2026-04-24,2886,39.5500,39.8000,39.8000,39.4500,28485490,TWSE_STOCK_DAY
2026-04-24,3006,154.5000,157.0000,158.0000,150.5000,10212175,TWSE_STOCK_DAY
2026-04-24,3044,480.5000,473.5000,497.5000,470.0000,7787394,TWSE_STOCK_DAY
2026-04-24,3046,47.6000,48.3000,48.3000,47.4000,165864,TWSE_STOCK_DAY
2026-04-24,3605,76.4000,78.5000,78.5000,73.6000,13395565,TWSE_STOCK_DAY
2026-04-24,3702,97.0000,96.9000,99.1000,95.7000,17569390,TWSE_STOCK_DAY
2026-04-24,6213,276.0000,277.0000,287.0000,259.0000,11969013,TWSE_STOCK_DAY
2026-04-24,6570,39.4000,38.8500,39.6000,38.7500,119000,TPEX_STOCK_DAY
2026-04-24,6603,27.1500,28.9000,30.0500,26.8000,8985000,TPEX_STOCK_DAY
2026-04-24,6672,210.5000,206.0000,210.5000,200.0000,13349945,TWSE_STOCK_DAY
2026-04-24,TAIEX,38932.4000,37862.6500,38989.9400,37862.6500,0,TWSE_TAIEX_INDEX
2026-04-27,0050,93.0000,92.7000,94.2500,92.7000,192038103,TWSE_STOCK_DAY
2026-04-27,1590,1410.0000,1440.0000,1480.0000,1385.0000,1932382,TWSE_STOCK_DAY
2026-04-27,1709,19.1000,18.7500,19.1000,18.4500,766990,TWSE_STOCK_DAY
2026-04-27,1714,9.6700,9.6000,9.6700,9.4500,3359513,TWSE_STOCK_DAY
2026-04-27,2030,15.5000,15.8500,15.8500,15.2500,610290,TWSE_STOCK_DAY
2026-04-27,2059,3960.0000,3880.0000,4045.0000,3745.0000,1602220,TWSE_STOCK_DAY
2026-04-27,2103,20.4000,18.6000,20.4000,18.5000,17691099,TWSE_STOCK_DAY
2026-04-27,2301,172.0000,174.5000,181.0000,171.0000,38618473,TWSE_STOCK_DAY
2026-04-27,2354,51.1000,51.2000,51.4000,50.4000,5287668,TWSE_STOCK_DAY
2026-04-27,2395,363.0000,356.5000,367.0000,356.5000,3812756,TWSE_STOCK_DAY
2026-04-27,2397,56.0000,57.1000,57.1000,55.5000,188709,TWSE_STOCK_DAY
2026-04-27,2408,226.5000,216.5000,226.5000,216.0000,133442494,TWSE_STOCK_DAY
2026-04-27,2606,60.4000,61.0000,61.0000,59.9000,2758679,TWSE_STOCK_DAY
2026-04-27,2609,49.3500,50.0000,50.1000,49.1000,20113302,TWSE_STOCK_DAY
2026-04-27,2637,72.0000,72.0000,72.4000,70.3000,1685527,TWSE_STOCK_DAY
2026-04-27,2886,39.8000,39.3500,40.2000,39.2000,36974875,TWSE_STOCK_DAY
2026-04-27,3006,168.0000,158.5000,169.0000,156.5000,24129678,TWSE_STOCK_DAY
2026-04-27,3044,485.0000,495.0000,513.0000,480.0000,11246514,TWSE_STOCK_DAY
2026-04-27,3046,47.3000,47.7000,47.7000,46.6000,156827,TWSE_STOCK_DAY
2026-04-27,3605,76.5000,77.7000,77.8000,73.8000,8131903,TWSE_STOCK_DAY
2026-04-27,3702,95.5000,97.7000,99.0000,95.3000,6426646,TWSE_STOCK_DAY
2026-04-27,6213,265.0000,283.0000,283.5000,255.0000,11357896,TWSE_STOCK_DAY
2026-04-27,6570,39.0000,39.5000,39.5000,38.1500,75000,TPEX_STOCK_DAY
2026-04-27,6603,26.8000,27.2500,27.8000,26.3000,3354000,TPEX_STOCK_DAY
2026-04-27,6672,207.5000,218.0000,218.5000,200.5000,13164554,TWSE_STOCK_DAY
2026-04-27,TAIEX,39616.6300,39858.1900,40194.9200,39607.7400,0,TWSE_TAIEX_INDEX
2026-04-28,0050,92.0000,92.5500,93.6500,91.9000,126301332,TWSE_STOCK_DAY
2026-04-28,1590,1405.0000,1370.0000,1430.0000,1365.0000,1958675,TWSE_STOCK_DAY
2026-04-28,1709,19.1000,19.4000,19.4000,18.9500,514246,TWSE_STOCK_DAY
2026-04-28,1714,9.5600,9.6800,9.6800,9.5500,2103725,TWSE_STOCK_DAY
2026-04-28,2030,16.0500,15.8000,16.1000,15.6500,610817,TWSE_STOCK_DAY
2026-04-28,2059,3980.0000,3970.0000,4110.0000,3890.0000,886060,TWSE_STOCK_DAY
2026-04-28,2103,19.7000,20.2000,20.7500,19.3500,13356818,TWSE_STOCK_DAY
2026-04-28,2301,172.5000,173.0000,175.0000,169.0000,23859971,TWSE_STOCK_DAY
2026-04-28,2354,50.9000,51.1000,51.5000,50.7000,3188722,TWSE_STOCK_DAY
2026-04-28,2395,367.0000,370.0000,376.0000,364.5000,3617389,TWSE_STOCK_DAY
2026-04-28,2397,57.1000,56.2000,57.4000,56.2000,115561,TWSE_STOCK_DAY
2026-04-28,2408,237.5000,234.5000,242.5000,231.5000,204983861,TWSE_STOCK_DAY
2026-04-28,2606,60.4000,60.8000,60.9000,60.1000,1806497,TWSE_STOCK_DAY
2026-04-28,2609,49.5000,49.3500,50.4000,49.0500,14634767,TWSE_STOCK_DAY
2026-04-28,2637,71.5000,72.3000,72.5000,71.3000,1396700,TWSE_STOCK_DAY
2026-04-28,2886,40.1500,39.6500,40.2000,39.6000,32666223,TWSE_STOCK_DAY
2026-04-28,3006,184.5000,166.0000,184.5000,166.0000,37876439,TWSE_STOCK_DAY
2026-04-28,3044,453.0000,478.0000,478.0000,451.0000,7170943,TWSE_STOCK_DAY
2026-04-28,3046,47.4000,47.3500,47.8000,46.9000,103567,TWSE_STOCK_DAY
2026-04-28,3605,83.6000,76.8000,84.1000,75.5000,25016004,TWSE_STOCK_DAY
2026-04-28,3702,99.5000,97.0000,100.5000,95.0000,16957946,TWSE_STOCK_DAY
2026-04-28,6213,253.5000,263.5000,263.5000,252.5000,7918439,TWSE_STOCK_DAY
2026-04-28,6570,39.1000,38.6500,39.1000,38.6500,72000,TPEX_STOCK_DAY
2026-04-28,6603,25.9500,26.6500,26.7000,25.5500,2702000,TPEX_STOCK_DAY
2026-04-28,6672,207.5000,208.5000,225.0000,205.5000,10574489,TWSE_STOCK_DAY
2026-04-28,TAIEX,39521.7300,39531.9300,40101.2300,39521.7300,0,TWSE_TAIEX_INDEX
2026-04-29,0050,90.7500,90.7000,91.5000,90.0000,103795530,TWSE_STOCK_DAY
2026-04-29,1590,1490.0000,1420.0000,1500.0000,1405.0000,2626994,TWSE_STOCK_DAY
2026-04-29,1709,18.9000,19.1000,19.1000,18.8500,306997,TWSE_STOCK_DAY
2026-04-29,1714,9.6000,9.5800,9.6500,9.5100,2079227,TWSE_STOCK_DAY
2026-04-29,2030,16.4000,16.1000,16.4500,16.1000,1189755,TWSE_STOCK_DAY
2026-04-29,2059,4160.0000,3980.0000,4210.0000,3885.0000,968800,TWSE_STOCK_DAY
2026-04-29,2103,19.6000,19.9500,20.1000,19.3500,3760988,TWSE_STOCK_DAY
2026-04-29,2301,172.0000,171.0000,174.0000,168.0000,21954424,TWSE_STOCK_DAY
2026-04-29,2354,51.0000,51.0000,51.5000,50.8000,2945631,TWSE_STOCK_DAY
2026-04-29,2395,366.0000,370.0000,371.0000,363.0000,2157712,TWSE_STOCK_DAY
2026-04-29,2397,57.2000,57.7000,57.7000,56.8000,74618,TWSE_STOCK_DAY
2026-04-29,2408,235.0000,236.0000,242.0000,232.0000,98792725,TWSE_STOCK_DAY
2026-04-29,2606,60.5000,61.1000,61.5000,60.2000,2249445,TWSE_STOCK_DAY
2026-04-29,2609,49.3500,49.5000,49.9500,49.2000,10895125,TWSE_STOCK_DAY
2026-04-29,2637,71.6000,71.9000,72.2000,71.0000,1181179,TWSE_STOCK_DAY
2026-04-29,2886,40.1000,40.4500,40.4500,39.8000,19705116,TWSE_STOCK_DAY
2026-04-29,3006,175.0000,181.5000,187.5000,175.0000,38806360,TWSE_STOCK_DAY
2026-04-29,3044,454.0000,449.5000,464.0000,447.0000,4013388,TWSE_STOCK_DAY
2026-04-29,3046,48.2500,47.7000,48.3000,47.1000,137212,TWSE_STOCK_DAY
2026-04-29,3605,82.5000,83.5000,84.3000,81.0000,14911520,TWSE_STOCK_DAY
2026-04-29,3702,102.0000,99.7000,102.0000,98.2000,15181576,TWSE_STOCK_DAY
2026-04-29,6213,253.5000,250.0000,258.0000,247.0000,5950393,TWSE_STOCK_DAY
2026-04-29,6570,39.3000,39.0000,39.3000,39.0000,28000,TPEX_STOCK_DAY
2026-04-29,6603,25.4000,25.9500,26.2000,25.3000,1673000,TPEX_STOCK_DAY
2026-04-29,6672,208.0000,209.0000,214.0000,203.5000,6417308,TWSE_STOCK_DAY
2026-04-29,TAIEX,39303.5000,39176.2400,39548.1800,38896.3000,0,TWSE_TAIEX_INDEX
2026-04-30,0050,90.5000,91.2500,91.9000,90.3000,89209769,TWSE_STOCK_DAY
2026-04-30,1590,1455.0000,1565.0000,1580.0000,1455.0000,2744949,TWSE_STOCK_DAY
2026-04-30,1709,18.6500,19.0000,19.0000,18.6500,390771,TWSE_STOCK_DAY
2026-04-30,1714,9.4000,9.6300,9.6700,9.3900,3757127,TWSE_STOCK_DAY
2026-04-30,2030,15.9500,16.4000,16.6000,15.9000,667577,TWSE_STOCK_DAY
2026-04-30,2059,3910.0000,4120.0000,4170.0000,3910.0000,1278072,TWSE_STOCK_DAY
2026-04-30,2103,19.6500,19.6000,19.9500,19.4000,3362384,TWSE_STOCK_DAY
2026-04-30,2301,166.0000,170.0000,179.5000,164.5000,57280644,TWSE_STOCK_DAY
2026-04-30,2354,51.8000,50.8000,52.8000,50.8000,8679752,TWSE_STOCK_DAY
2026-04-30,2395,359.5000,367.0000,369.5000,357.5000,3072034,TWSE_STOCK_DAY
2026-04-30,2397,56.5000,56.8000,57.0000,56.5000,112341,TWSE_STOCK_DAY
2026-04-30,2408,215.5000,239.5000,240.0000,214.5000,125666192,TWSE_STOCK_DAY
2026-04-30,2606,60.6000,60.4000,61.2000,60.1000,2507234,TWSE_STOCK_DAY
2026-04-30,2609,49.1500,49.4000,49.7000,49.1000,11508316,TWSE_STOCK_DAY
2026-04-30,2637,71.7000,71.3000,72.0000,71.1000,1249050,TWSE_STOCK_DAY
2026-04-30,2886,39.1000,39.3500,39.9500,39.1000,32116300,TWSE_STOCK_DAY
2026-04-30,3006,169.5000,179.5000,186.0000,168.5000,26728218,TWSE_STOCK_DAY
2026-04-30,3044,448.5000,450.0000,457.5000,446.0000,3725592,TWSE_STOCK_DAY
2026-04-30,3046,48.5000,48.2500,49.0000,48.2500,181625,TWSE_STOCK_DAY
2026-04-30,3605,87.1000,86.1000,90.7000,86.1000,27731337,TWSE_STOCK_DAY
2026-04-30,3702,101.0000,101.5000,102.5000,100.0000,9514150,TWSE_STOCK_DAY
2026-04-30,6213,270.0000,259.0000,273.5000,256.5000,6759580,TWSE_STOCK_DAY
2026-04-30,6570,39.0000,39.4000,39.4500,38.5000,83000,TPEX_STOCK_DAY
2026-04-30,6603,25.3000,25.4500,26.1000,25.2000,1447000,TPEX_STOCK_DAY
2026-04-30,6672,219.0000,208.0000,227.0000,206.0000,12796191,TWSE_STOCK_DAY
2026-04-30,TAIEX,38926.6300,39571.4600,39848.2200,38926.6300,0,TWSE_TAIEX_INDEX
2026-05-04,0050,94.6000,92.5000,94.6500,92.4000,125270935,TWSE_STOCK_DAY
2026-05-04,1590,1470.0000,1455.0000,1495.0000,1440.0000,1428289,TWSE_STOCK_DAY
2026-05-04,1709,18.6000,18.6500,18.7000,18.5500,378660,TWSE_STOCK_DAY
2026-05-04,1714,9.2600,9.4600,9.4600,9.2500,3646697,TWSE_STOCK_DAY
2026-05-04,2030,15.8000,15.9500,16.1500,15.7000,532692,TWSE_STOCK_DAY
2026-05-04,2059,4055.0000,3980.0000,4130.0000,3895.0000,702607,TWSE_STOCK_DAY
2026-05-04,2103,19.1500,19.7000,19.8000,19.0000,3406465,TWSE_STOCK_DAY
2026-05-04,2301,171.5000,168.5000,175.5000,168.0000,36940897,TWSE_STOCK_DAY
2026-05-04,2354,53.2000,52.0000,54.0000,52.0000,8872488,TWSE_STOCK_DAY
2026-05-04,2395,395.0000,369.0000,395.0000,364.5000,8477702,TWSE_STOCK_DAY
2026-05-04,2397,56.4000,55.5000,56.8000,55.5000,263450,TWSE_STOCK_DAY
2026-05-04,2408,237.0000,223.0000,237.0000,217.0000,144354307,TWSE_STOCK_DAY
2026-05-04,2606,62.4000,61.0000,62.9000,61.0000,3767543,TWSE_STOCK_DAY
2026-05-04,2609,49.9500,49.2000,50.4000,49.2000,18782956,TWSE_STOCK_DAY
2026-05-04,2637,73.1000,72.0000,73.6000,71.7000,2106942,TWSE_STOCK_DAY
2026-05-04,2886,39.0000,39.6000,39.6000,39.0000,22230771,TWSE_STOCK_DAY
2026-05-04,3006,173.0000,176.0000,177.5000,166.5000,25858318,TWSE_STOCK_DAY
2026-05-04,3044,465.5000,460.0000,470.0000,453.5000,3858880,TWSE_STOCK_DAY
2026-05-04,3046,48.7500,48.6500,49.1000,48.5500,195773,TWSE_STOCK_DAY
2026-05-04,3605,85.8000,87.5000,87.7000,84.2000,12666397,TWSE_STOCK_DAY
2026-05-04,3702,104.5000,103.0000,105.0000,101.5000,10018958,TWSE_STOCK_DAY
2026-05-04,6213,290.0000,280.5000,292.0000,275.5000,7641269,TWSE_STOCK_DAY
2026-05-04,6570,39.3500,39.1000,39.4000,38.9000,79000,TPEX_STOCK_DAY
2026-05-04,6603,24.5500,25.4000,25.5000,24.5000,2923000,TPEX_STOCK_DAY
2026-05-04,6672,223.0000,222.5000,238.0000,220.0000,10613593,TWSE_STOCK_DAY
2026-05-04,TAIEX,40705.1400,39228.3900,40755.5200,39228.3900,0,TWSE_TAIEX_INDEX
2026-05-05,0050,94.6000,94.4000,94.7500,94.0000,82851869,TWSE_STOCK_DAY
2026-05-05,1590,1440.0000,1455.0000,1460.0000,1415.0000,1158509,TWSE_STOCK_DAY
2026-05-05,1709,18.5000,18.6000,18.6500,18.4000,575020,TWSE_STOCK_DAY
2026-05-05,1714,9.2600,9.2600,9.3100,9.2400,1874518,TWSE_STOCK_DAY
2026-05-05,2030,15.7000,15.9000,15.9000,15.5000,578284,TWSE_STOCK_DAY
2026-05-05,2059,4140.0000,4045.0000,4155.0000,4000.0000,584743,TWSE_STOCK_DAY
2026-05-05,2103,19.6500,19.2500,19.9000,19.1500,3060226,TWSE_STOCK_DAY
2026-05-05,2301,171.0000,172.0000,172.5000,168.5000,16969753,TWSE_STOCK_DAY
2026-05-05,2354,58.5000,56.5000,58.5000,55.7000,36260363,TWSE_STOCK_DAY
2026-05-05,2395,396.5000,391.0000,403.5000,388.0000,5246646,TWSE_STOCK_DAY
2026-05-05,2397,58.9000,56.8000,58.9000,56.8000,174433,TWSE_STOCK_DAY
2026-05-05,2408,256.5000,243.0000,259.0000,242.5000,207567196,TWSE_STOCK_DAY
2026-05-05,2606,62.8000,62.6000,63.3000,61.8000,2895086,TWSE_STOCK_DAY
2026-05-05,2609,50.1000,49.8500,50.9000,49.3500,15055914,TWSE_STOCK_DAY
2026-05-05,2637,74.0000,73.4000,74.6000,72.2000,2129308,TWSE_STOCK_DAY
2026-05-05,2886,39.1000,39.0000,39.3000,38.7000,11363742,TWSE_STOCK_DAY
2026-05-05,3006,182.0000,174.0000,185.0000,172.5000,25013864,TWSE_STOCK_DAY
2026-05-05,3044,484.5000,465.0000,491.0000,463.5000,4280394,TWSE_STOCK_DAY
2026-05-05,3046,49.2500,48.7500,49.3000,48.5500,189794,TWSE_STOCK_DAY
2026-05-05,3605,91.2000,85.0000,91.8000,82.7000,17409827,TWSE_STOCK_DAY
2026-05-05,3702,102.5000,104.5000,104.5000,102.0000,3770069,TWSE_STOCK_DAY
2026-05-05,6213,284.0000,295.0000,295.0000,283.0000,5359350,TWSE_STOCK_DAY
2026-05-05,6570,42.6000,39.4000,43.0000,39.4000,351000,TPEX_STOCK_DAY
2026-05-05,6603,25.5000,24.7000,25.9500,24.7000,1822000,TPEX_STOCK_DAY
2026-05-05,6672,220.5000,219.5000,225.0000,217.0000,5230448,TWSE_STOCK_DAY
2026-05-05,TAIEX,40769.2900,40708.4000,40885.0500,40522.7800,0,TWSE_TAIEX_INDEX
2026-05-06,0050,95.7500,96.0500,96.9000,94.7000,111759164,TWSE_STOCK_DAY
2026-05-06,1590,1435.0000,1435.0000,1475.0000,1405.0000,1062492,TWSE_STOCK_DAY
2026-05-06,1709,18.5500,18.5000,18.7500,18.5000,427758,TWSE_STOCK_DAY
2026-05-06,1714,9.1800,9.2600,9.3200,9.1200,3545725,TWSE_STOCK_DAY
2026-05-06,2030,16.1000,15.9000,16.2000,15.7500,794046,TWSE_STOCK_DAY
2026-05-06,2059,4400.0000,4280.0000,4530.0000,4090.0000,1317410,TWSE_STOCK_DAY
2026-05-06,2103,19.9500,19.8500,20.6500,19.7500,6143797,TWSE_STOCK_DAY
2026-05-06,2301,185.0000,175.0000,187.0000,173.5000,90200922,TWSE_STOCK_DAY
2026-05-06,2354,64.3000,62.0000,64.3000,60.2000,83280910,TWSE_STOCK_DAY
2026-05-06,2395,409.5000,400.5000,415.0000,399.0000,7142460,TWSE_STOCK_DAY
2026-05-06,2397,59.1000,60.0000,60.4000,58.9000,423586,TWSE_STOCK_DAY
2026-05-06,2408,282.0000,282.0000,282.0000,270.5000,149468917,TWSE_STOCK_DAY
2026-05-06,2606,64.2000,64.6000,65.5000,64.0000,6072604,TWSE_STOCK_DAY
2026-05-06,2609,50.6000,50.4000,50.6000,49.8000,18046009,TWSE_STOCK_DAY
2026-05-06,2637,76.0000,75.9000,77.3000,75.3000,4976108,TWSE_STOCK_DAY
2026-05-06,2886,39.5500,39.4000,39.7000,39.1500,16708226,TWSE_STOCK_DAY
2026-05-06,3006,200.0000,200.0000,200.0000,193.0000,33684152,TWSE_STOCK_DAY
2026-05-06,3044,488.0000,495.0000,506.0000,477.5000,8234680,TWSE_STOCK_DAY
2026-05-06,3046,49.6500,49.9500,50.0000,49.2000,220948,TWSE_STOCK_DAY
2026-05-06,3605,87.7000,91.4000,91.5000,85.5000,13645834,TWSE_STOCK_DAY
2026-05-06,3702,104.0000,103.5000,104.5000,102.0000,4524344,TWSE_STOCK_DAY
2026-05-06,6213,285.0000,291.5000,291.5000,272.5000,6961979,TWSE_STOCK_DAY
2026-05-06,6570,41.4000,42.9000,42.9000,41.0000,241000,TPEX_STOCK_DAY
2026-05-06,6603,25.1000,25.9500,26.0500,25.0000,1829000,TPEX_STOCK_DAY
2026-05-06,6672,214.5000,223.5000,223.5000,205.5000,7917147,TWSE_STOCK_DAY
2026-05-06,TAIEX,41138.8500,40983.0400,41575.8400,40616.2800,0,TWSE_TAIEX_INDEX
2026-05-07,0050,97.7000,97.9500,98.4000,97.4000,117152238,TWSE_STOCK_DAY
2026-05-07,1590,1490.0000,1455.0000,1510.0000,1445.0000,1338412,TWSE_STOCK_DAY
2026-05-07,1709,18.5000,18.5000,18.5500,18.4500,498747,TWSE_STOCK_DAY
2026-05-07,1714,9.1400,9.2100,9.2300,9.0200,4781762,TWSE_STOCK_DAY
2026-05-07,2030,16.4000,16.2000,16.5000,15.8500,1321810,TWSE_STOCK_DAY
2026-05-07,2059,4840.0000,4840.0000,4840.0000,4840.0000,448657,TWSE_STOCK_DAY
2026-05-07,2103,19.2500,19.9500,19.9500,19.0000,5911029,TWSE_STOCK_DAY
2026-05-07,2301,203.5000,188.0000,203.5000,185.5000,53993413,TWSE_STOCK_DAY
2026-05-07,2354,63.3000,64.8000,65.3000,62.5000,63752113,TWSE_STOCK_DAY
2026-05-07,2395,444.0000,445.0000,450.0000,423.5000,9165942,TWSE_STOCK_DAY
2026-05-07,2397,59.9000,59.6000,60.4000,59.2000,412500,TWSE_STOCK_DAY
2026-05-07,2408,287.0000,293.0000,296.0000,278.0000,197355586,TWSE_STOCK_DAY
2026-05-07,2606,65.1000,65.5000,65.6000,64.2000,7348121,TWSE_STOCK_DAY
2026-05-07,2609,50.7000,50.9000,51.0000,50.3000,15114698,TWSE_STOCK_DAY
2026-05-07,2637,76.8000,77.0000,77.6000,76.0000,4478011,TWSE_STOCK_DAY
2026-05-07,2886,39.6500,39.4000,40.0000,39.4000,20903142,TWSE_STOCK_DAY
2026-05-07,3006,196.5000,205.0000,210.0000,192.0000,49732248,TWSE_STOCK_DAY
2026-05-07,3044,500.0000,489.0000,510.0000,488.0000,4740094,TWSE_STOCK_DAY
2026-05-07,3046,49.6500,50.5000,50.5000,49.0000,497210,TWSE_STOCK_DAY
2026-05-07,3605,87.2000,90.3000,91.4000,86.4000,11908631,TWSE_STOCK_DAY
2026-05-07,3702,103.5000,104.0000,104.0000,101.5000,6236133,TWSE_STOCK_DAY
2026-05-07,6213,299.5000,289.0000,303.0000,288.5000,9972628,TWSE_STOCK_DAY
2026-05-07,6570,42.3000,42.4000,42.5000,41.2000,193000,TPEX_STOCK_DAY
2026-05-07,6603,24.8000,25.2000,25.4500,24.7000,1538000,TPEX_STOCK_DAY
2026-05-07,6672,226.0000,221.0000,229.5000,216.0000,7043622,TWSE_STOCK_DAY
2026-05-07,TAIEX,41933.7800,41259.9600,42156.0600,41259.9600,0,TWSE_TAIEX_INDEX
2026-05-08,0050,97.0000,97.3500,97.7000,95.8500,131188123,TWSE_STOCK_DAY
2026-05-08,1590,1505.0000,1515.0000,1515.0000,1470.0000,1622930,TWSE_STOCK_DAY
2026-05-08,1709,18.6500,18.5000,18.8000,18.5000,476966,TWSE_STOCK_DAY
2026-05-08,1714,9.2300,9.1500,9.3600,9.1500,2594650,TWSE_STOCK_DAY
2026-05-08,2030,16.4000,16.5000,16.5000,16.2000,584131,TWSE_STOCK_DAY
2026-05-08,2059,5320.0000,5320.0000,5320.0000,5185.0000,1475214,TWSE_STOCK_DAY
2026-05-08,2103,20.3000,19.9500,21.1500,19.8000,23456135,TWSE_STOCK_DAY
2026-05-08,2301,204.0000,208.0000,214.5000,198.5000,98460939,TWSE_STOCK_DAY
2026-05-08,2354,61.4000,63.0000,63.0000,60.2000,25532398,TWSE_STOCK_DAY
2026-05-08,2395,476.5000,450.0000,488.0000,449.5000,10464742,TWSE_STOCK_DAY
2026-05-08,2397,59.2000,60.4000,60.4000,58.6000,263054,TWSE_STOCK_DAY
2026-05-08,2408,274.0000,282.0000,289.0000,260.0000,130863185,TWSE_STOCK_DAY
2026-05-08,2606,65.0000,65.3000,66.5000,64.9000,6973994,TWSE_STOCK_DAY
2026-05-08,2609,49.9000,50.7000,50.7000,49.8000,17222047,TWSE_STOCK_DAY
2026-05-08,2637,74.6000,77.0000,77.4000,74.2000,2607176,TWSE_STOCK_DAY
2026-05-08,2886,40.2000,40.0000,40.2000,39.6500,21349073,TWSE_STOCK_DAY
2026-05-08,3006,202.0000,196.5000,215.0000,194.5000,43461379,TWSE_STOCK_DAY
2026-05-08,3044,481.0000,500.0000,501.0000,475.5000,4629651,TWSE_STOCK_DAY
2026-05-08,3046,50.6000,50.5000,52.4000,49.6500,804968,TWSE_STOCK_DAY
2026-05-08,3605,83.3000,86.3000,86.6000,82.1000,7012631,TWSE_STOCK_DAY
2026-05-08,3702,113.5000,105.5000,113.5000,105.5000,25183767,TWSE_STOCK_DAY
2026-05-08,6213,287.5000,295.5000,301.0000,277.0000,5525643,TWSE_STOCK_DAY
2026-05-08,6570,43.8000,42.5000,45.0000,42.5000,506000,TPEX_STOCK_DAY
2026-05-08,6603,24.2000,24.7000,25.0500,23.8500,1615000,TPEX_STOCK_DAY
2026-05-08,6672,208.0000,226.5000,226.5000,205.0000,6478240,TWSE_STOCK_DAY
2026-05-08,TAIEX,41603.9400,41886.0300,42038.6000,41132.2500,0,TWSE_TAIEX_INDEX
2026-05-11,0050,96.9000,96.6500,97.1500,96.5000,96606391,TWSE_STOCK_DAY
2026-05-11,1590,1550.0000,1540.0000,1600.0000,1515.0000,1532167,TWSE_STOCK_DAY
2026-05-11,1709,18.5000,18.7000,18.9000,18.4000,781397,TWSE_STOCK_DAY
2026-05-11,1714,9.8100,9.5400,9.8800,9.5400,8691332,TWSE_STOCK_DAY
2026-05-11,2030,18.0000,17.2000,18.0000,17.2000,5239040,TWSE_STOCK_DAY
2026-05-11,2059,5520.0000,5300.0000,5615.0000,5280.0000,1794792,TWSE_STOCK_DAY
2026-05-11,2103,21.1000,20.1000,21.5000,20.1000,12265925,TWSE_STOCK_DAY
2026-05-11,2301,224.0000,210.5000,224.0000,208.0000,44158814,TWSE_STOCK_DAY
2026-05-11,2354,61.6000,61.4000,62.1000,59.5000,21682955,TWSE_STOCK_DAY
2026-05-11,2395,478.5000,483.0000,486.0000,463.0000,5602704,TWSE_STOCK_DAY
2026-05-11,2397,59.2000,58.8000,59.3000,58.7000,175488,TWSE_STOCK_DAY
2026-05-11,2408,301.0000,300.5000,301.0000,296.0000,108987498,TWSE_STOCK_DAY
2026-05-11,2606,65.3000,65.1000,65.7000,64.4000,4072288,TWSE_STOCK_DAY
2026-05-11,2609,50.8000,50.3000,50.9000,50.1000,17725847,TWSE_STOCK_DAY
2026-05-11,2637,74.5000,75.0000,75.6000,73.3000,1589377,TWSE_STOCK_DAY
2026-05-11,2886,40.1000,40.2000,40.5000,40.0000,20510621,TWSE_STOCK_DAY
2026-05-11,3006,222.0000,214.0000,222.0000,211.5000,26736471,TWSE_STOCK_DAY
2026-05-11,3044,489.5000,495.0000,508.0000,477.0000,5209348,TWSE_STOCK_DAY
2026-05-11,3046,52.4000,51.2000,52.5000,50.6000,684627,TWSE_STOCK_DAY
2026-05-11,3605,82.3000,82.5000,83.0000,77.2000,7787167,TWSE_STOCK_DAY
2026-05-11,3702,114.0000,115.0000,117.5000,111.5000,35239439,TWSE_STOCK_DAY
2026-05-11,6213,300.5000,289.5000,302.5000,285.0000,5133303,TWSE_STOCK_DAY
2026-05-11,6570,44.9000,46.5000,46.8000,44.8000,683000,TPEX_STOCK_DAY
2026-05-11,6603,23.9000,24.2000,24.2000,23.8000,1175000,TPEX_STOCK_DAY
2026-05-11,6672,209.0000,208.0000,211.0000,197.0000,5447945,TWSE_STOCK_DAY
2026-05-11,TAIEX,41790.0600,41714.0000,42021.7800,41529.2500,0,TWSE_TAIEX_INDEX
2026-05-12,0050,96.8500,96.8500,97.3500,95.5000,102303450,TWSE_STOCK_DAY
2026-05-12,1590,1535.0000,1560.0000,1560.0000,1520.0000,787360,TWSE_STOCK_DAY
2026-05-12,1709,18.2000,18.5000,18.5000,18.1500,465279,TWSE_STOCK_DAY
2026-05-12,1714,10.2500,9.6300,10.3000,9.6300,21029499,TWSE_STOCK_DAY
2026-05-12,2030,17.9500,18.0000,18.6000,17.4000,9086422,TWSE_STOCK_DAY
2026-05-12,2059,5445.0000,5450.0000,5600.0000,5280.0000,959381,TWSE_STOCK_DAY
2026-05-12,2103,21.3000,21.1000,21.6000,20.7500,6247887,TWSE_STOCK_DAY
2026-05-12,2301,234.5000,245.0000,246.0000,230.0000,91946205,TWSE_STOCK_DAY
2026-05-12,2354,62.5000,62.6000,63.5000,60.8000,26967778,TWSE_STOCK_DAY
2026-05-12,2395,494.5000,487.0000,500.0000,484.0000,6168779,TWSE_STOCK_DAY
2026-05-12,2397,59.8000,59.5000,60.2000,58.9000,347789,TWSE_STOCK_DAY
2026-05-12,2408,321.0000,312.5000,325.0000,301.0000,217595653,TWSE_STOCK_DAY
2026-05-12,2606,63.9000,65.3000,65.6000,63.4000,8247399,TWSE_STOCK_DAY
2026-05-12,2609,50.1000,51.0000,51.0000,50.0000,10783318,TWSE_STOCK_DAY
2026-05-12,2637,73.0000,74.5000,74.5000,72.6000,2311297,TWSE_STOCK_DAY
2026-05-12,2886,39.2000,40.1000,40.1000,39.2000,23345675,TWSE_STOCK_DAY
2026-05-12,3006,220.0000,227.0000,227.5000,210.0000,40934048,TWSE_STOCK_DAY
2026-05-12,3044,481.0000,496.0000,508.0000,481.0000,6607870,TWSE_STOCK_DAY
2026-05-12,3046,52.0000,52.7000,52.7000,51.3000,317266,TWSE_STOCK_DAY
2026-05-12,3605,81.8000,82.6000,84.0000,80.7000,5109091,TWSE_STOCK_DAY
2026-05-12,3702,114.0000,114.0000,116.0000,111.5000,13478986,TWSE_STOCK_DAY
2026-05-12,6213,285.5000,311.0000,322.0000,285.0000,29159572,TWSE_STOCK_DAY
2026-05-12,6570,44.0000,46.5000,46.5000,43.2500,317000,TPEX_STOCK_DAY
2026-05-12,6603,23.9000,24.0000,24.5000,23.7500,1034000,TPEX_STOCK_DAY
2026-05-12,6672,206.0000,209.5000,215.0000,204.5000,3942101,TWSE_STOCK_DAY
2026-05-12,TAIEX,41898.3200,41880.6600,42253.4200,41471.5700,0,TWSE_TAIEX_INDEX
2026-05-13,0050,95.5000,94.8500,95.8000,94.7000,130654061,TWSE_STOCK_DAY
2026-05-13,1590,1480.0000,1480.0000,1485.0000,1435.0000,942844,TWSE_STOCK_DAY
2026-05-13,1709,18.4500,18.6000,18.6500,18.4500,553955,TWSE_STOCK_DAY
2026-05-13,1714,9.8900,10.1500,10.1500,9.8800,6931941,TWSE_STOCK_DAY
2026-05-13,2030,18.0500,18.0500,18.6500,17.6000,5137825,TWSE_STOCK_DAY
2026-05-13,2059,5250.0000,5350.0000,5350.0000,5005.0000,419234,TWSE_STOCK_DAY
2026-05-13,2103,21.6000,21.4000,21.9000,20.9000,5137610,TWSE_STOCK_DAY
2026-05-13,2301,211.5000,222.0000,225.0000,211.5000,45474703,TWSE_STOCK_DAY
2026-05-13,2354,60.7000,61.7000,61.7000,60.1000,15745549,TWSE_STOCK_DAY
2026-05-13,2395,464.5000,477.5000,480.5000,459.5000,5162857,TWSE_STOCK_DAY
2026-05-13,2397,58.8000,59.5000,60.0000,58.2000,301156,TWSE_STOCK_DAY
2026-05-13,2408,321.0000,311.5000,322.5000,303.0000,106103420,TWSE_STOCK_DAY
2026-05-13,2606,64.3000,64.7000,65.7000,64.0000,7247385,TWSE_STOCK_DAY
2026-05-13,2609,49.2500,50.1000,50.1000,49.2000,17974943,TWSE_STOCK_DAY
2026-05-13,2637,73.9000,73.5000,74.7000,72.6000,1784188,TWSE_STOCK_DAY
2026-05-13,2886,39.5500,39.3500,39.8000,39.1000,18309724,TWSE_STOCK_DAY
2026-05-13,3006,216.5000,217.5000,221.0000,211.5000,13974959,TWSE_STOCK_DAY
2026-05-13,3044,529.0000,486.0000,529.0000,481.0000,12239777,TWSE_STOCK_DAY
2026-05-13,3046,51.5000,51.2000,51.9000,51.1000,213573,TWSE_STOCK_DAY
2026-05-13,3605,80.3000,80.3000,81.1000,79.2000,3510432,TWSE_STOCK_DAY
2026-05-13,3702,110.5000,121.0000,121.0000,110.0000,18188975,TWSE_STOCK_DAY
2026-05-13,6213,273.5000,279.5000,284.5000,266.5000,15662646,TWSE_STOCK_DAY
2026-05-13,6570,43.7500,43.9500,44.3000,43.2000,105000,TPEX_STOCK_DAY
2026-05-13,6603,22.9000,23.7500,23.7500,22.8000,1501000,TPEX_STOCK_DAY
2026-05-13,6672,198.0000,201.5000,204.0000,196.5000,3629983,TWSE_STOCK_DAY
2026-05-13,TAIEX,41374.5000,41795.9200,41795.9200,41014.5300,0,TWSE_TAIEX_INDEX
2026-05-14,0050,96.0500,96.9000,97.2000,95.7500,57229209,TWSE_STOCK_DAY
2026-05-14,1590,1465.0000,1470.0000,1520.0000,1440.0000,897053,TWSE_STOCK_DAY
2026-05-14,1709,18.4000,18.5500,18.6000,18.3500,465171,TWSE_STOCK_DAY
2026-05-14,1714,10.0000,10.0000,10.1000,9.8900,4377614,TWSE_STOCK_DAY
2026-05-14,2030,17.9500,18.3000,18.5000,17.9500,3074661,TWSE_STOCK_DAY
2026-05-14,2059,5010.0000,5400.0000,5400.0000,5010.0000,230619,TWSE_STOCK_DAY
2026-05-14,2103,22.0000,21.7000,22.4500,21.5000,6625740,TWSE_STOCK_DAY
2026-05-14,2301,207.0000,209.0000,211.0000,203.0000,42081593,TWSE_STOCK_DAY
2026-05-14,2354,59.0000,61.0000,61.4000,58.8000,16228574,TWSE_STOCK_DAY
2026-05-14,2395,465.0000,461.0000,471.0000,456.5000,4931462,TWSE_STOCK_DAY
2026-05-14,2397,61.0000,59.5000,61.7000,59.5000,904877,TWSE_STOCK_DAY
2026-05-14,2408,341.0000,342.5000,353.0000,335.5000,181771498,TWSE_STOCK_DAY
2026-05-14,2606,64.6000,64.9000,66.3000,64.1000,13884991,TWSE_STOCK_DAY
2026-05-14,2609,48.6000,49.1500,49.2000,48.3000,22899538,TWSE_STOCK_DAY
2026-05-14,2637,74.9000,74.7000,75.8000,74.2000,2237628,TWSE_STOCK_DAY
2026-05-14,2886,39.3000,39.2500,39.6500,39.2500,14378145,TWSE_STOCK_DAY
2026-05-14,3006,238.0000,230.0000,238.0000,229.5000,20445860,TWSE_STOCK_DAY
2026-05-14,3044,512.0000,534.0000,542.0000,506.0000,9519256,TWSE_STOCK_DAY
2026-05-14,3046,51.3000,52.4000,52.7000,51.2000,226323,TWSE_STOCK_DAY
2026-05-14,3605,80.2000,81.9000,82.5000,80.2000,4835140,TWSE_STOCK_DAY
2026-05-14,3702,111.0000,110.5000,115.5000,109.0000,12886951,TWSE_STOCK_DAY
2026-05-14,6213,268.0000,282.0000,285.0000,265.0000,15104841,TWSE_STOCK_DAY
2026-05-14,6570,43.7500,43.8000,44.3000,43.1000,180000,TPEX_STOCK_DAY
2026-05-14,6603,22.3000,23.2500,23.3500,22.2000,1408000,TPEX_STOCK_DAY
2026-05-14,6672,195.0000,199.5000,201.0000,192.5000,5148804,TWSE_STOCK_DAY
2026-05-14,TAIEX,41751.7500,41496.2300,42205.6200,41496.2300,0,TWSE_TAIEX_INDEX
2026-05-15,0050,95.4000,97.6500,98.2500,95.2000,98132989,TWSE_STOCK_DAY
2026-05-15,1590,1465.0000,1475.0000,1475.0000,1430.0000,1939058,TWSE_STOCK_DAY
2026-05-15,1709,18.2000,18.4000,18.4000,18.0000,1121773,TWSE_STOCK_DAY
2026-05-15,1714,9.8400,10.0500,10.1000,9.8100,4838247,TWSE_STOCK_DAY
2026-05-15,2030,17.3000,17.8000,17.8000,17.2000,2721171,TWSE_STOCK_DAY
2026-05-15,2059,4860.0000,5160.0000,5160.0000,4725.0000,275815,TWSE_STOCK_DAY
2026-05-15,2103,20.7500,22.2000,22.2000,20.7500,7747420,TWSE_STOCK_DAY
2026-05-15,2301,204.5000,213.0000,218.5000,203.5000,41395447,TWSE_STOCK_DAY
2026-05-15,2354,59.4000,59.9000,61.7000,58.8000,22400269,TWSE_STOCK_DAY
2026-05-15,2395,459.5000,480.5000,494.5000,458.5000,4933263,TWSE_STOCK_DAY
2026-05-15,2397,59.4000,61.1000,61.3000,59.1000,607548,TWSE_STOCK_DAY
2026-05-15,2408,311.5000,330.5000,334.5000,308.5000,160442326,TWSE_STOCK_DAY
2026-05-15,2606,62.8000,64.9000,65.6000,61.8000,17930087,TWSE_STOCK_DAY
2026-05-15,2609,48.0500,48.9000,48.9000,48.0000,19214667,TWSE_STOCK_DAY
2026-05-15,2637,72.8000,75.0000,75.3000,72.0000,2400593,TWSE_STOCK_DAY
2026-05-15,2886,39.4000,39.6000,40.0000,39.3500,14581775,TWSE_STOCK_DAY
2026-05-15,3006,251.0000,238.0000,261.0000,233.5000,42081863,TWSE_STOCK_DAY
2026-05-15,3044,477.5000,512.0000,515.0000,475.5000,6953301,TWSE_STOCK_DAY
2026-05-15,3046,50.6000,52.0000,52.4000,50.6000,294119,TWSE_STOCK_DAY
2026-05-15,3605,77.1000,81.0000,81.7000,76.5000,5508039,TWSE_STOCK_DAY
2026-05-15,3702,110.0000,114.0000,114.0000,109.0000,8843141,TWSE_STOCK_DAY
2026-05-15,6213,253.0000,270.0000,270.0000,251.0000,12970364,TWSE_STOCK_DAY
2026-05-15,6570,42.7000,43.7500,43.9500,42.7000,119000,TPEX_STOCK_DAY
2026-05-15,6603,21.8000,22.6500,22.6500,21.7000,1223000,TPEX_STOCK_DAY
2026-05-15,6672,181.5000,197.0000,198.0000,177.0000,7355748,TWSE_STOCK_DAY
2026-05-15,TAIEX,41172.3600,41830.4200,42408.6600,41016.7300,0,TWSE_TAIEX_INDEX
2026-05-18,0050,94.9000,94.0000,95.2000,93.3000,118571453,TWSE_STOCK_DAY
2026-05-18,1590,1450.0000,1475.0000,1475.0000,1400.0000,761913,TWSE_STOCK_DAY
2026-05-18,1709,18.0000,18.1000,18.2500,17.8500,1067723,TWSE_STOCK_DAY
2026-05-18,1714,9.7500,9.8500,9.8800,9.6400,4572793,TWSE_STOCK_DAY
2026-05-18,2030,16.8000,17.2500,17.2500,16.5500,1526686,TWSE_STOCK_DAY
2026-05-18,2059,4765.0000,4730.0000,4765.0000,4525.0000,293796,TWSE_STOCK_DAY
2026-05-18,2103,20.4000,20.7000,20.8000,20.1000,4472465,TWSE_STOCK_DAY
2026-05-18,2301,207.5000,202.0000,211.0000,196.0000,26981092,TWSE_STOCK_DAY
2026-05-18,2354,58.6000,59.1000,59.4000,57.6000,6720036,TWSE_STOCK_DAY
2026-05-18,2395,457.5000,451.0000,462.0000,439.0000,4156066,TWSE_STOCK_DAY
2026-05-18,2397,59.8000,59.5000,59.9000,58.6000,236932,TWSE_STOCK_DAY
2026-05-18,2408,305.0000,300.0000,309.0000,287.0000,117077708,TWSE_STOCK_DAY
2026-05-18,2606,63.4000,62.8000,63.4000,61.6000,4500960,TWSE_STOCK_DAY
2026-05-18,2609,48.5500,47.7000,49.3000,47.3500,13803497,TWSE_STOCK_DAY
2026-05-18,2637,72.8000,72.0000,72.9000,71.1000,2100187,TWSE_STOCK_DAY
2026-05-18,2886,39.5500,39.8000,39.8500,39.4000,28226050,TWSE_STOCK_DAY
2026-05-18,3006,252.0000,243.0000,252.5000,228.5000,24726848,TWSE_STOCK_DAY
2026-05-18,3044,469.0000,468.0000,474.0000,462.0000,3716190,TWSE_STOCK_DAY
2026-05-18,3046,51.0000,50.6000,51.0000,50.0000,231648,TWSE_STOCK_DAY
2026-05-18,3605,76.0000,76.8000,76.8000,73.3000,2815743,TWSE_STOCK_DAY
2026-05-18,3702,110.5000,109.5000,116.5000,108.5000,11311534,TWSE_STOCK_DAY
2026-05-18,6213,245.0000,243.0000,247.0000,238.0000,9088747,TWSE_STOCK_DAY
2026-05-18,6570,44.5000,42.7000,44.7000,42.6000,176000,TPEX_STOCK_DAY
2026-05-18,6603,22.1500,21.9500,22.1500,21.6500,668000,TPEX_STOCK_DAY
2026-05-18,6672,180.5000,177.0000,183.0000,174.0000,2402089,TWSE_STOCK_DAY
2026-05-18,TAIEX,40891.8200,41095.8200,41095.8200,40170.1700,0,TWSE_TAIEX_INDEX
2026-05-19,0050,93.1000,94.3500,94.7000,93.1000,135939820,TWSE_STOCK_DAY
2026-05-19,1590,1430.0000,1475.0000,1480.0000,1410.0000,984794,TWSE_STOCK_DAY
2026-05-19,1709,18.2500,17.9500,18.3500,17.9500,469363,TWSE_STOCK_DAY
2026-05-19,1714,9.6700,9.7500,9.9300,9.6400,3149552,TWSE_STOCK_DAY
2026-05-19,2030,16.8000,16.8000,17.1000,16.6500,845198,TWSE_STOCK_DAY
2026-05-19,2059,4450.0000,4765.0000,4765.0000,4450.0000,292365,TWSE_STOCK_DAY
2026-05-19,2103,20.2500,20.6000,20.8000,20.1000,2728500,TWSE_STOCK_DAY
2026-05-19,2301,206.5000,210.0000,213.0000,203.0000,22831415,TWSE_STOCK_DAY
2026-05-19,2354,57.7000,58.6000,59.5000,57.7000,7021885,TWSE_STOCK_DAY
2026-05-19,2395,461.5000,463.0000,477.0000,457.5000,4170741,TWSE_STOCK_DAY
2026-05-19,2397,58.9000,59.8000,60.6000,58.7000,259482,TWSE_STOCK_DAY
2026-05-19,2408,274.5000,291.5000,295.0000,274.5000,118906988,TWSE_STOCK_DAY
2026-05-19,2606,63.5000,62.9000,64.3000,62.7000,3964332,TWSE_STOCK_DAY
2026-05-19,2609,49.5000,49.0000,50.5000,48.2500,19201610,TWSE_STOCK_DAY
2026-05-19,2637,70.8000,72.8000,73.2000,70.4000,3188769,TWSE_STOCK_DAY
2026-05-19,2886,40.6500,39.6500,41.4000,39.6500,58969091,TWSE_STOCK_DAY
2026-05-19,3006,236.0000,261.0000,261.0000,233.0000,36306388,TWSE_STOCK_DAY
2026-05-19,3044,462.5000,469.0000,487.0000,460.5000,4083804,TWSE_STOCK_DAY
2026-05-19,3046,50.4000,51.4000,51.8000,50.1000,209014,TWSE_STOCK_DAY
2026-05-19,3605,76.0000,76.3000,78.8000,75.7000,3156285,TWSE_STOCK_DAY
2026-05-19,3702,108.5000,109.5000,112.5000,108.0000,10050851,TWSE_STOCK_DAY
2026-05-19,6213,240.5000,243.5000,252.5000,238.5000,8631504,TWSE_STOCK_DAY
2026-05-19,6570,43.8000,45.8000,45.8000,43.6500,140000,TPEX_STOCK_DAY
2026-05-19,6603,21.6500,22.1500,22.5000,21.6500,840000,TPEX_STOCK_DAY
2026-05-19,6672,179.0000,179.0000,184.5000,176.5000,2398037,TWSE_STOCK_DAY
2026-05-19,TAIEX,40175.5600,40883.4200,40951.5600,40168.5100,0,TWSE_TAIEX_INDEX
2026-05-20,0050,92.5000,93.0000,93.5000,92.4500,121650308,TWSE_STOCK_DAY
2026-05-20,1590,1405.0000,1445.0000,1445.0000,1395.0000,592255,TWSE_STOCK_DAY
2026-05-20,1709,18.1500,18.3000,18.3000,18.0500,521988,TWSE_STOCK_DAY
2026-05-20,1714,9.5200,9.6700,9.6900,9.4900,2903173,TWSE_STOCK_DAY
2026-05-20,2030,17.2500,16.9500,17.2500,16.6500,655612,TWSE_STOCK_DAY
2026-05-20,2059,4500.0000,4600.0000,4610.0000,4475.0000,348605,TWSE_STOCK_DAY
2026-05-20,2103,20.3500,20.2500,20.4000,19.6500,4846150,TWSE_STOCK_DAY
2026-05-20,2301,204.0000,207.5000,212.5000,203.0000,22371253,TWSE_STOCK_DAY
2026-05-20,2354,57.5000,57.8000,58.0000,56.7000,8052171,TWSE_STOCK_DAY
2026-05-20,2395,465.0000,462.0000,471.0000,457.5000,3232585,TWSE_STOCK_DAY
2026-05-20,2397,60.2000,60.5000,60.7000,59.4000,424852,TWSE_STOCK_DAY
2026-05-20,2408,275.0000,279.5000,285.0000,265.5000,123868197,TWSE_STOCK_DAY
2026-05-20,2606,64.5000,63.8000,65.4000,63.7000,4923371,TWSE_STOCK_DAY
2026-05-20,2609,50.3000,49.9500,50.8000,49.4500,23983815,TWSE_STOCK_DAY
2026-05-20,2637,71.8000,70.8000,72.4000,70.8000,1674462,TWSE_STOCK_DAY
2026-05-20,2886,40.3000,41.0000,41.0000,40.1000,37143602,TWSE_STOCK_DAY
2026-05-20,3006,222.5000,236.5000,241.0000,216.0000,32929977,TWSE_STOCK_DAY
2026-05-20,3044,462.5000,468.5000,470.0000,454.0000,2697683,TWSE_STOCK_DAY
2026-05-20,3046,51.3000,51.1000,51.8000,50.7000,267467,TWSE_STOCK_DAY
2026-05-20,3605,80.3000,76.4000,80.9000,75.3000,5866712,TWSE_STOCK_DAY
2026-05-20,3702,119.0000,114.0000,119.0000,113.0000,16663912,TWSE_STOCK_DAY
2026-05-20,6213,236.5000,241.0000,241.0000,230.0000,9834281,TWSE_STOCK_DAY
2026-05-20,6570,44.9000,44.3000,45.2500,44.0000,141000,TPEX_STOCK_DAY
2026-05-20,6603,21.5500,21.7500,21.8500,21.5500,487000,TPEX_STOCK_DAY
2026-05-20,6672,176.5000,179.0000,181.5000,176.0000,1485391,TWSE_STOCK_DAY
2026-05-20,TAIEX,40020.8200,40204.1600,40439.0400,39967.0800,0,TWSE_TAIEX_INDEX
2026-05-21,0050,95.8500,94.8000,96.0500,94.7000,62215954,TWSE_STOCK_DAY
2026-05-21,1590,1420.0000,1395.0000,1450.0000,1390.0000,786821,TWSE_STOCK_DAY
2026-05-21,1709,18.4000,18.3500,18.5000,18.2500,434675,TWSE_STOCK_DAY
2026-05-21,1714,9.8000,9.5400,9.8100,9.5400,3167892,TWSE_STOCK_DAY
2026-05-21,2030,17.3500,17.3000,17.4500,17.0000,853092,TWSE_STOCK_DAY
2026-05-21,2059,4895.0000,4880.0000,4950.0000,4690.0000,247299,TWSE_STOCK_DAY
2026-05-21,2103,20.4500,20.4500,20.6500,20.2000,2830863,TWSE_STOCK_DAY
2026-05-21,2301,204.5000,211.0000,211.5000,204.0000,26302849,TWSE_STOCK_DAY
2026-05-21,2354,58.9000,57.8000,59.9000,57.8000,12060068,TWSE_STOCK_DAY
2026-05-21,2395,463.5000,475.0000,479.5000,462.0000,3953423,TWSE_STOCK_DAY
2026-05-21,2397,60.7000,61.3000,61.3000,60.6000,495929,TWSE_STOCK_DAY
2026-05-21,2408,293.0000,291.5000,295.0000,280.0000,149826596,TWSE_STOCK_DAY
2026-05-21,2606,65.0000,65.0000,65.0000,63.7000,3188344,TWSE_STOCK_DAY
2026-05-21,2609,51.1000,50.3000,51.1000,49.9500,19862642,TWSE_STOCK_DAY
2026-05-21,2637,71.9000,72.3000,72.4000,71.0000,2251403,TWSE_STOCK_DAY
2026-05-21,2886,40.2000,40.3000,40.5000,40.0500,26313308,TWSE_STOCK_DAY
2026-05-21,3006,222.0000,232.0000,237.0000,219.0000,27899797,TWSE_STOCK_DAY
2026-05-21,3044,488.0000,472.5000,492.0000,471.0000,3779490,TWSE_STOCK_DAY
2026-05-21,3046,52.1000,52.0000,52.2000,51.8000,282829,TWSE_STOCK_DAY
2026-05-21,3605,81.8000,82.0000,83.2000,80.5000,9320126,TWSE_STOCK_DAY
2026-05-21,3702,123.5000,117.0000,127.5000,114.0000,43255218,TWSE_STOCK_DAY
2026-05-21,6213,246.5000,244.0000,253.0000,244.0000,8211242,TWSE_STOCK_DAY
2026-05-21,6570,49.3500,44.8500,49.3500,44.8500,647000,TPEX_STOCK_DAY
2026-05-21,6603,22.3500,22.0000,22.4500,22.0000,764000,TPEX_STOCK_DAY
2026-05-21,6672,178.5000,180.0000,184.5000,178.0000,2366956,TWSE_STOCK_DAY
2026-05-21,TAIEX,41368.2100,40263.1800,41606.9100,40263.1800,0,TWSE_TAIEX_INDEX
2026-05-22,0050,97.3000,96.3000,97.3000,96.0000,64288280,TWSE_STOCK_DAY
2026-05-22,1590,1410.0000,1430.0000,1450.0000,1375.0000,1344880,TWSE_STOCK_DAY
2026-05-22,1709,18.4000,18.4000,18.5000,18.3000,575156,TWSE_STOCK_DAY
2026-05-22,1714,9.6700,9.8000,9.8000,9.6200,2312963,TWSE_STOCK_DAY
2026-05-22,2030,17.1000,17.1000,17.2000,16.8000,1214229,TWSE_STOCK_DAY
2026-05-22,2059,5090.0000,4605.0000,5200.0000,4605.0000,218511,TWSE_STOCK_DAY
2026-05-22,2103,19.8000,20.5000,20.5000,19.7500,5476070,TWSE_STOCK_DAY
2026-05-22,2301,207.0000,205.0000,209.0000,202.5000,20418494,TWSE_STOCK_DAY
2026-05-22,2354,60.2000,59.1000,60.4000,58.7000,10293287,TWSE_STOCK_DAY
2026-05-22,2395,469.0000,467.0000,472.5000,458.5000,5009787,TWSE_STOCK_DAY
2026-05-22,2397,62.1000,61.5000,62.7000,60.6000,692890,TWSE_STOCK_DAY
2026-05-22,2408,310.5000,299.5000,321.0000,296.0000,157819181,TWSE_STOCK_DAY
2026-05-22,2606,65.4000,65.0000,65.6000,64.4000,4979472,TWSE_STOCK_DAY
2026-05-22,2609,53.0000,51.9000,53.9000,51.8000,44488347,TWSE_STOCK_DAY
2026-05-22,2637,71.2000,72.0000,72.2000,70.7000,3253859,TWSE_STOCK_DAY
2026-05-22,2886,39.9000,40.1000,40.3000,39.9000,28876620,TWSE_STOCK_DAY
2026-05-22,3006,237.5000,225.0000,244.0000,224.0000,29748415,TWSE_STOCK_DAY
2026-05-22,3044,490.5000,494.5000,497.5000,485.0000,3674391,TWSE_STOCK_DAY
2026-05-22,3046,53.4000,52.5000,53.4000,52.3000,463847,TWSE_STOCK_DAY
2026-05-22,3605,80.9000,81.8000,82.2000,80.7000,5098883,TWSE_STOCK_DAY
2026-05-22,3702,118.0000,125.0000,126.0000,117.5000,15708033,TWSE_STOCK_DAY
2026-05-22,6213,262.0000,253.0000,270.5000,250.0000,12036161,TWSE_STOCK_DAY
2026-05-22,6570,54.2000,53.0000,54.2000,52.6000,639000,TPEX_STOCK_DAY
2026-05-22,6603,22.4000,22.7500,22.7500,22.1000,865000,TPEX_STOCK_DAY
2026-05-22,6672,193.0000,180.5000,194.5000,180.5000,7301038,TWSE_STOCK_DAY
2026-05-22,TAIEX,42267.9700,41447.9200,42357.6000,41447.9200,0,TWSE_TAIEX_INDEX
2026-05-25,0050,100.8000,99.5500,101.0000,99.5500,129483256,TWSE_STOCK_DAY
2026-05-25,1590,1450.0000,1440.0000,1460.0000,1405.0000,875271,TWSE_STOCK_DAY
2026-05-25,1709,19.1500,18.4000,19.1500,18.2500,1670828,TWSE_STOCK_DAY
2026-05-25,1714,9.6500,9.7100,9.7100,9.5400,2528560,TWSE_STOCK_DAY
2026-05-25,2030,18.5000,17.5000,18.7500,17.3000,5044990,TWSE_STOCK_DAY
2026-05-25,2059,4980.0000,5290.0000,5290.0000,4980.0000,274035,TWSE_STOCK_DAY
2026-05-25,2103,19.5000,19.8000,19.8000,19.2000,5589920,TWSE_STOCK_DAY
2026-05-25,2301,227.5000,212.0000,227.5000,211.5000,33551128,TWSE_STOCK_DAY
2026-05-25,2354,61.1000,61.5000,61.6000,60.1000,13341786,TWSE_STOCK_DAY
2026-05-25,2395,498.5000,499.0000,510.0000,490.5000,5141719,TWSE_STOCK_DAY
2026-05-25,2397,64.9000,64.9000,66.3000,63.3000,1270404,TWSE_STOCK_DAY
2026-05-25,2408,296.0000,295.0000,303.5000,288.0000,155862832,TWSE_STOCK_DAY
2026-05-25,2606,67.9000,65.9000,67.9000,64.4000,7675465,TWSE_STOCK_DAY
2026-05-25,2609,51.8000,53.0000,53.1000,51.0000,29869029,TWSE_STOCK_DAY
2026-05-25,2637,75.1000,72.0000,75.5000,71.2000,5448995,TWSE_STOCK_DAY
2026-05-25,2886,39.5000,39.9000,39.9000,39.5000,34301485,TWSE_STOCK_DAY
2026-05-25,3006,229.0000,237.5000,237.5000,221.0000,29848298,TWSE_STOCK_DAY
2026-05-25,3044,494.0000,498.5000,507.0000,489.0000,4527864,TWSE_STOCK_DAY
2026-05-25,3046,54.0000,54.5000,54.5000,53.2000,591116,TWSE_STOCK_DAY
2026-05-25,3605,80.6000,81.2000,81.5000,80.2000,4386528,TWSE_STOCK_DAY
2026-05-25,3702,123.5000,118.5000,124.5000,117.0000,13828123,TWSE_STOCK_DAY
2026-05-25,6213,267.0000,270.0000,276.0000,265.0000,15399710,TWSE_STOCK_DAY
2026-05-25,6570,59.6000,59.6000,59.6000,59.6000,512000,TPEX_STOCK_DAY
2026-05-25,6603,22.3000,22.8500,22.9500,22.2000,863000,TPEX_STOCK_DAY
2026-05-25,6672,210.0000,200.5000,212.0000,200.0000,11890181,TWSE_STOCK_DAY
2026-05-25,TAIEX,43644.4000,42667.8700,43645.7800,42667.8700,0,TWSE_TAIEX_INDEX
2026-05-26,0050,100.1000,101.6000,101.8000,100.1000,93560313,TWSE_STOCK_DAY
2026-05-26,1590,1465.0000,1450.0000,1490.0000,1430.0000,643290,TWSE_STOCK_DAY
2026-05-26,1709,19.2500,19.1500,19.3000,18.8500,985208,TWSE_STOCK_DAY
2026-05-26,1714,9.5100,9.6500,9.7000,9.5100,2555825,TWSE_STOCK_DAY
2026-05-26,2030,17.9500,18.7000,18.7000,17.7000,2419079,TWSE_STOCK_DAY
2026-05-26,2059,5035.0000,4980.0000,5110.0000,4970.0000,310520,TWSE_STOCK_DAY
2026-05-26,2103,19.2500,19.7000,19.7500,19.2000,3510625,TWSE_STOCK_DAY
2026-05-26,2301,239.5000,234.0000,241.5000,224.0000,63874418,TWSE_STOCK_DAY
2026-05-26,2354,60.5000,61.6000,61.9000,59.5000,9924230,TWSE_STOCK_DAY
2026-05-26,2395,510.0000,498.5000,511.0000,485.5000,4127639,TWSE_STOCK_DAY
2026-05-26,2397,63.9000,66.3000,66.3000,62.8000,597654,TWSE_STOCK_DAY
2026-05-26,2408,303.5000,300.5000,314.0000,295.5000,152949355,TWSE_STOCK_DAY
2026-05-26,2606,70.0000,68.0000,70.2000,67.5000,12487791,TWSE_STOCK_DAY
2026-05-26,2609,52.0000,51.8000,53.0000,51.6000,14910096,TWSE_STOCK_DAY
2026-05-26,2637,74.8000,74.9000,75.6000,74.2000,1978507,TWSE_STOCK_DAY
2026-05-26,2886,39.4000,39.5000,40.0500,39.4000,31557374,TWSE_STOCK_DAY
2026-05-26,3006,231.5000,231.0000,240.0000,226.0000,23104160,TWSE_STOCK_DAY
2026-05-26,3044,510.0000,501.0000,515.0000,497.0000,4580380,TWSE_STOCK_DAY
2026-05-26,3046,53.8000,54.6000,54.6000,53.1000,402729,TWSE_STOCK_DAY
2026-05-26,3605,81.7000,81.3000,82.5000,79.9000,4608742,TWSE_STOCK_DAY
2026-05-26,3702,121.5000,123.5000,126.5000,121.0000,10041144,TWSE_STOCK_DAY
2026-05-26,6213,274.5000,269.5000,278.0000,260.5000,20587613,TWSE_STOCK_DAY
2026-05-26,6570,65.5000,65.5000,65.5000,65.5000,844000,TPEX_STOCK_DAY
2026-05-26,6603,22.9000,23.0000,23.3000,22.1000,1413000,TPEX_STOCK_DAY
2026-05-26,6672,214.0000,211.0000,214.0000,205.5000,8369900,TWSE_STOCK_DAY
2026-05-26,TAIEX,43525.3700,43708.8900,44097.6300,43349.7700,0,TWSE_TAIEX_INDEX
2026-05-27,0050,102.5500,102.4000,103.9000,102.0000,94959812,TWSE_STOCK_DAY
2026-05-27,1590,1435.0000,1495.0000,1500.0000,1430.0000,612964,TWSE_STOCK_DAY
2026-05-27,1709,19.2000,19.2500,19.7000,19.1500,2091120,TWSE_STOCK_DAY
2026-05-27,1714,9.4000,9.6000,9.6200,9.3700,4285104,TWSE_STOCK_DAY
2026-05-27,2030,18.0000,17.9500,18.4500,17.6500,1774657,TWSE_STOCK_DAY
2026-05-27,2059,4920.0000,5065.0000,5195.0000,4875.0000,562767,TWSE_STOCK_DAY
2026-05-27,2103,18.8000,19.4000,19.4000,18.7000,7012270,TWSE_STOCK_DAY
2026-05-27,2301,246.0000,250.0000,262.0000,242.5000,57628178,TWSE_STOCK_DAY
2026-05-27,2354,59.7000,60.9000,61.3000,59.3000,11087533,TWSE_STOCK_DAY
2026-05-27,2395,509.0000,507.0000,530.0000,503.0000,4521072,TWSE_STOCK_DAY
2026-05-27,2397,62.9000,65.0000,65.5000,62.7000,586185,TWSE_STOCK_DAY
2026-05-27,2408,312.0000,333.0000,333.5000,306.0000,206216639,TWSE_STOCK_DAY
2026-05-27,2606,72.5000,70.2000,72.9000,68.3000,13383558,TWSE_STOCK_DAY
2026-05-27,2609,52.6000,51.7000,53.8000,51.2000,32824282,TWSE_STOCK_DAY
2026-05-27,2637,75.9000,74.9000,76.9000,73.5000,5520396,TWSE_STOCK_DAY
2026-05-27,2886,39.4500,39.6000,39.9500,39.4000,29286253,TWSE_STOCK_DAY
2026-05-27,3006,241.0000,252.0000,254.5000,238.0000,30642864,TWSE_STOCK_DAY
2026-05-27,3044,524.0000,520.0000,536.0000,511.0000,5547855,TWSE_STOCK_DAY
2026-05-27,3046,53.9000,54.1000,54.2000,53.3000,323879,TWSE_STOCK_DAY
2026-05-27,3605,78.3000,82.5000,82.5000,77.6000,5057645,TWSE_STOCK_DAY
2026-05-27,3702,120.5000,123.0000,124.0000,120.0000,9296856,TWSE_STOCK_DAY
2026-05-27,6213,276.5000,281.0000,285.5000,271.0000,20941855,TWSE_STOCK_DAY
2026-05-27,6570,59.2000,65.4000,65.4000,59.0000,4221000,TPEX_STOCK_DAY
2026-05-27,6603,22.3500,23.2000,23.4000,22.2000,1595000,TPEX_STOCK_DAY
2026-05-27,6672,211.5000,218.0000,218.0000,210.0000,7443315,TWSE_STOCK_DAY
2026-05-27,TAIEX,44256.8000,43842.2600,44818.2500,43842.2600,0,TWSE_TAIEX_INDEX
2026-05-28,0050,100.5000,104.0000,104.2500,100.1000,152915695,TWSE_STOCK_DAY
2026-05-28,1590,1390.0000,1435.0000,1445.0000,1360.0000,1607554,TWSE_STOCK_DAY
2026-05-28,1709,19.6000,19.3000,19.7500,19.1000,1363298,TWSE_STOCK_DAY
2026-05-28,1714,9.3700,9.4600,9.4800,9.3000,2555091,TWSE_STOCK_DAY
2026-05-28,2030,17.7500,18.0000,18.2000,17.7000,1248218,TWSE_STOCK_DAY
2026-05-28,2059,4700.0000,4930.0000,5120.0000,4615.0000,593987,TWSE_STOCK_DAY
2026-05-28,2103,18.9500,18.8000,19.1000,18.6500,3295837,TWSE_STOCK_DAY
2026-05-28,2301,230.5000,242.0000,242.0000,227.0000,54634312,TWSE_STOCK_DAY
2026-05-28,2354,58.3000,59.7000,60.5000,57.8000,10686194,TWSE_STOCK_DAY
2026-05-28,2395,490.5000,509.0000,523.0000,488.5000,4642973,TWSE_STOCK_DAY
2026-05-28,2397,62.2000,63.2000,64.4000,62.1000,380133,TWSE_STOCK_DAY
2026-05-28,2408,324.0000,310.0000,339.0000,306.0000,226715301,TWSE_STOCK_DAY
2026-05-28,2606,70.9000,72.0000,72.7000,70.9000,7539007,TWSE_STOCK_DAY
2026-05-28,2609,52.3000,52.9000,53.5000,52.0000,16197736,TWSE_STOCK_DAY
2026-05-28,2637,76.7000,76.4000,78.4000,76.0000,6114298,TWSE_STOCK_DAY
2026-05-28,2886,39.8000,39.8000,40.2500,39.5000,36810439,TWSE_STOCK_DAY
2026-05-28,3006,242.5000,243.0000,253.0000,236.0000,29229215,TWSE_STOCK_DAY
2026-05-28,3044,493.5000,533.0000,533.0000,490.0000,5510237,TWSE_STOCK_DAY
2026-05-28,3046,54.4000,54.6000,55.6000,53.9000,760286,TWSE_STOCK_DAY
2026-05-28,3605,78.3000,79.1000,81.8000,78.3000,6021076,TWSE_STOCK_DAY
2026-05-28,3702,121.5000,120.5000,125.0000,120.0000,10701493,TWSE_STOCK_DAY
2026-05-28,6213,261.0000,285.0000,297.0000,258.0000,32386135,TWSE_STOCK_DAY
2026-05-28,6570,59.3000,58.0000,61.4000,57.2000,694000,TPEX_STOCK_DAY
2026-05-28,6603,24.5500,22.4000,24.5500,22.4000,3017000,TPEX_STOCK_DAY
2026-05-28,6672,215.0000,212.0000,219.5000,211.0000,9662565,TWSE_STOCK_DAY
2026-05-28,TAIEX,43636.4400,44240.8000,44954.0900,43236.3600,0,TWSE_TAIEX_INDEX
2026-05-29,0050,105.4000,103.2000,105.4000,102.7000,102355526,TWSE_STOCK_DAY
2026-05-29,1590,1400.0000,1420.0000,1420.0000,1345.0000,1562350,TWSE_STOCK_DAY
2026-05-29,1709,19.4000,19.8000,19.8000,19.2500,739828,TWSE_STOCK_DAY
2026-05-29,1714,9.5000,9.4500,9.5400,9.3900,2480828,TWSE_STOCK_DAY
2026-05-29,2030,17.9500,18.1000,18.1500,17.8000,804106,TWSE_STOCK_DAY
2026-05-29,2059,5065.0000,4920.0000,5145.0000,4825.0000,839930,TWSE_STOCK_DAY
2026-05-29,2103,19.0500,18.9500,19.1500,18.9000,2606780,TWSE_STOCK_DAY
2026-05-29,2301,234.5000,236.0000,242.0000,234.0000,58581295,TWSE_STOCK_DAY
2026-05-29,2354,60.9000,59.0000,61.7000,59.0000,20457567,TWSE_STOCK_DAY
2026-05-29,2395,495.0000,496.0000,515.0000,492.0000,10573832,TWSE_STOCK_DAY
2026-05-29,2397,63.5000,62.9000,63.7000,62.9000,318911,TWSE_STOCK_DAY
2026-05-29,2408,347.0000,347.5000,351.5000,338.5000,140975644,TWSE_STOCK_DAY
2026-05-29,2606,69.0000,72.1000,72.1000,68.6000,5406350,TWSE_STOCK_DAY
2026-05-29,2609,52.7000,53.0000,53.3000,52.4000,29776823,TWSE_STOCK_DAY
2026-05-29,2637,75.3000,78.4000,78.4000,75.3000,3827034,TWSE_STOCK_DAY
2026-05-29,2886,40.0000,40.4500,40.8500,40.0000,121250792,TWSE_STOCK_DAY
2026-05-29,3006,246.5000,251.5000,253.0000,241.0000,20608782,TWSE_STOCK_DAY
2026-05-29,3044,521.0000,507.0000,532.0000,505.0000,4781839,TWSE_STOCK_DAY
2026-05-29,3046,58.2000,55.4000,59.8000,54.8000,3453533,TWSE_STOCK_DAY
2026-05-29,3605,79.2000,80.8000,81.2000,78.8000,2230271,TWSE_STOCK_DAY
2026-05-29,3702,117.5000,123.0000,123.0000,116.5000,11002178,TWSE_STOCK_DAY
2026-05-29,6213,268.5000,270.0000,280.0000,267.5000,20471464,TWSE_STOCK_DAY
2026-05-29,6570,59.7000,59.9000,60.9000,59.7000,417000,TPEX_STOCK_DAY
2026-05-29,6603,25.5500,25.2500,26.5000,25.0000,8254000,TPEX_STOCK_DAY
2026-05-29,6672,222.5000,220.5000,224.0000,219.0000,6842632,TWSE_STOCK_DAY
2026-05-29,TAIEX,44732.9400,43815.4800,44933.9500,43815.4800,0,TWSE_TAIEX_INDEX
2026-06-01,0050,105.5000,105.2500,106.7000,104.5000,135817122,TWSE_STOCK_DAY
2026-06-01,1590,1350.0000,1365.0000,1385.0000,1340.0000,1345051,TWSE_STOCK_DAY
2026-06-01,1709,19.5000,19.2500,19.7000,19.1500,1029105,TWSE_STOCK_DAY
2026-06-01,1714,9.8100,9.6600,9.9600,9.5100,8125580,TWSE_STOCK_DAY
2026-06-01,2030,18.3000,18.2000,18.4500,17.8000,1654683,TWSE_STOCK_DAY
2026-06-01,2059,5215.0000,5285.0000,5345.0000,5110.0000,720624,TWSE_STOCK_DAY
2026-06-01,2103,19.4500,19.0500,19.5500,18.8500,3630300,TWSE_STOCK_DAY
2026-06-01,2301,234.5000,239.0000,241.5000,231.0000,35719806,TWSE_STOCK_DAY
2026-06-01,2354,62.8000,61.6000,64.0000,61.4000,32610376,TWSE_STOCK_DAY
2026-06-01,2395,517.0000,505.0000,525.0000,505.0000,3813940,TWSE_STOCK_DAY
2026-06-01,2397,64.8000,64.4000,65.4000,64.1000,888398,TWSE_STOCK_DAY
2026-06-01,2408,381.5000,362.0000,381.5000,359.5000,129059908,TWSE_STOCK_DAY
2026-06-01,2606,71.9000,68.8000,72.1000,68.5000,6679569,TWSE_STOCK_DAY
2026-06-01,2609,54.9000,53.6000,55.7000,53.6000,51690436,TWSE_STOCK_DAY
2026-06-01,2637,78.8000,75.7000,79.8000,75.2000,5255457,TWSE_STOCK_DAY
2026-06-01,2886,41.4500,40.2000,41.4500,40.1000,49587396,TWSE_STOCK_DAY
2026-06-01,3006,250.0000,251.5000,262.0000,247.5000,25907137,TWSE_STOCK_DAY
2026-06-01,3044,518.0000,530.0000,540.0000,512.0000,5048181,TWSE_STOCK_DAY
2026-06-01,3046,64.0000,58.0000,64.0000,57.3000,4371760,TWSE_STOCK_DAY
2026-06-01,3605,79.2000,79.8000,80.8000,79.2000,2859275,TWSE_STOCK_DAY
2026-06-01,3702,118.5000,117.5000,120.0000,116.5000,9193934,TWSE_STOCK_DAY
2026-06-01,6213,295.0000,283.0000,295.0000,282.0000,31063246,TWSE_STOCK_DAY
2026-06-01,6570,60.5000,59.8000,61.2000,59.8000,442000,TPEX_STOCK_DAY
2026-06-01,6603,24.9000,25.5000,26.1500,24.7500,2996000,TPEX_STOCK_DAY
2026-06-01,6672,220.0000,223.0000,226.0000,218.0000,5736887,TWSE_STOCK_DAY
2026-06-01,TAIEX,45337.9100,44872.8200,45931.1000,44872.8200,0,TWSE_TAIEX_INDEX
2026-06-02,0050,105.7000,106.3000,106.3000,104.2000,117160979,TWSE_STOCK_DAY
2026-06-02,1590,1280.0000,1330.0000,1340.0000,1245.0000,1141184,TWSE_STOCK_DAY
2026-06-02,1709,19.7500,19.8000,20.0000,19.5000,1622169,TWSE_STOCK_DAY
2026-06-02,1714,10.0000,9.8900,10.1000,9.7700,8891763,TWSE_STOCK_DAY
2026-06-02,2030,18.2500,18.4500,18.4500,18.0000,1364600,TWSE_STOCK_DAY
2026-06-02,2059,5075.0000,5130.0000,5205.0000,4985.0000,361645,TWSE_STOCK_DAY
2026-06-02,2103,20.2500,19.5500,20.2500,19.4000,5841615,TWSE_STOCK_DAY
2026-06-02,2301,227.5000,225.0000,230.0000,223.0000,47109910,TWSE_STOCK_DAY
2026-06-02,2354,64.0000,63.5000,64.5000,62.8000,30238205,TWSE_STOCK_DAY
2026-06-02,2395,515.0000,520.0000,530.0000,508.0000,6795914,TWSE_STOCK_DAY
2026-06-02,2397,64.5000,65.6000,66.2000,63.8000,729124,TWSE_STOCK_DAY
2026-06-02,2408,419.5000,401.0000,419.5000,395.0000,171631936,TWSE_STOCK_DAY
2026-06-02,2606,72.0000,72.0000,72.0000,69.7000,5864555,TWSE_STOCK_DAY
2026-06-02,2609,53.6000,55.0000,55.0000,52.9000,71874958,TWSE_STOCK_DAY
2026-06-02,2637,77.0000,78.7000,78.7000,75.6000,5354881,TWSE_STOCK_DAY
2026-06-02,2886,41.7000,41.2000,42.4000,41.0500,69614925,TWSE_STOCK_DAY
2026-06-02,3006,267.5000,254.0000,272.0000,249.5000,40169837,TWSE_STOCK_DAY
2026-06-02,3044,508.0000,516.0000,517.0000,497.0000,5329553,TWSE_STOCK_DAY
2026-06-02,3046,62.1000,63.6000,63.7000,61.0000,2792247,TWSE_STOCK_DAY
2026-06-02,3605,77.5000,79.9000,79.9000,76.1000,3043927,TWSE_STOCK_DAY
2026-06-02,3702,119.0000,118.5000,119.5000,115.5000,15652534,TWSE_STOCK_DAY
2026-06-02,6213,273.0000,293.0000,294.5000,268.0000,26520106,TWSE_STOCK_DAY
2026-06-02,6570,57.9000,60.0000,60.0000,57.5000,348000,TPEX_STOCK_DAY
2026-06-02,6603,23.8000,25.2000,25.2500,23.6000,1925000,TPEX_STOCK_DAY
2026-06-02,6672,215.5000,220.0000,221.0000,211.5000,4395680,TWSE_STOCK_DAY
2026-06-02,TAIEX,45557.3100,45388.9300,45915.9200,44869.3800,0,TWSE_TAIEX_INDEX
2026-06-03,0050,107.6000,107.3000,107.8500,107.1000,79592362,TWSE_STOCK_DAY
2026-06-03,1590,1370.0000,1350.0000,1380.0000,1325.0000,1346872,TWSE_STOCK_DAY
2026-06-03,1709,20.1500,19.9500,20.4500,19.7000,2369498,TWSE_STOCK_DAY
2026-06-03,1714,11.0000,10.1000,11.0000,10.0500,48728192,TWSE_STOCK_DAY
2026-06-03,2030,18.8500,18.4000,19.0000,18.2000,3473990,TWSE_STOCK_DAY
2026-06-03,2059,5350.0000,5200.0000,5375.0000,5045.0000,510315,TWSE_STOCK_DAY
2026-06-03,2103,21.7000,20.3500,21.8000,20.2000,11281876,TWSE_STOCK_DAY
2026-06-03,2301,250.0000,234.0000,250.0000,233.0000,48471365,TWSE_STOCK_DAY
2026-06-03,2354,65.1000,65.0000,66.4000,63.2000,37299914,TWSE_STOCK_DAY
2026-06-03,2395,513.0000,519.0000,520.0000,500.0000,4019813,TWSE_STOCK_DAY
2026-06-03,2397,67.1000,65.5000,69.7000,65.3000,1950109,TWSE_STOCK_DAY
2026-06-03,2408,401.5000,430.0000,430.5000,400.0000,151116427,TWSE_STOCK_DAY
2026-06-03,2606,71.1000,72.5000,73.0000,70.7000,6649176,TWSE_STOCK_DAY
2026-06-03,2609,53.7000,53.9000,55.3000,52.9000,61465906,TWSE_STOCK_DAY
2026-06-03,2637,77.0000,77.6000,78.1000,76.1000,5279035,TWSE_STOCK_DAY
2026-06-03,2886,41.6500,41.6000,42.4500,40.9000,51809254,TWSE_STOCK_DAY
2026-06-03,3006,259.5000,273.0000,273.5000,255.0000,32842494,TWSE_STOCK_DAY
2026-06-03,3044,510.0000,509.0000,516.0000,501.0000,4155121,TWSE_STOCK_DAY
2026-06-03,3046,62.4000,63.0000,63.2000,61.0000,1258635,TWSE_STOCK_DAY
2026-06-03,3605,77.3000,78.5000,78.5000,76.7000,1945273,TWSE_STOCK_DAY
2026-06-03,3702,118.0000,120.0000,120.0000,116.5000,15454822,TWSE_STOCK_DAY
2026-06-03,6213,270.0000,275.0000,278.5000,268.0000,12618497,TWSE_STOCK_DAY
2026-06-03,6570,59.2000,58.6000,59.9000,58.0000,213000,TPEX_STOCK_DAY
2026-06-03,6603,24.4000,23.8500,24.7000,23.6000,1016000,TPEX_STOCK_DAY
2026-06-03,6672,217.0000,216.5000,219.5000,212.5000,3335589,TWSE_STOCK_DAY
2026-06-03,TAIEX,46459.1600,45660.4600,46552.1600,45660.4600,0,TWSE_TAIEX_INDEX
2026-06-04,0050,106.1000,106.7500,107.0000,106.0500,236782252,TWSE_STOCK_DAY
2026-06-04,1590,1310.0000,1325.0000,1335.0000,1290.0000,643509,TWSE_STOCK_DAY
2026-06-04,1709,20.7000,20.2000,21.2500,20.2000,4146964,TWSE_STOCK_DAY
2026-06-04,1714,12.1000,11.9000,12.1000,11.6000,39115552,TWSE_STOCK_DAY
2026-06-04,2030,18.6500,18.8000,19.0000,18.4000,1831881,TWSE_STOCK_DAY
2026-06-04,2059,5350.0000,5350.0000,5475.0000,5150.0000,460040,TWSE_STOCK_DAY
2026-06-04,2103,22.2500,21.7000,22.7000,21.5000,11105474,TWSE_STOCK_DAY
2026-06-04,2301,248.5000,247.0000,258.5000,242.5000,58372043,TWSE_STOCK_DAY
2026-06-04,2354,62.3000,64.6000,64.8000,62.2000,16419811,TWSE_STOCK_DAY
2026-06-04,2395,522.0000,509.0000,539.0000,508.0000,4921053,TWSE_STOCK_DAY
2026-06-04,2397,65.4000,68.0000,68.3000,65.3000,1759181,TWSE_STOCK_DAY
2026-06-04,2408,395.0000,395.5000,409.5000,392.0000,115749814,TWSE_STOCK_DAY
2026-06-04,2606,69.9000,71.0000,71.0000,69.3000,3598291,TWSE_STOCK_DAY
2026-06-04,2609,53.2000,54.1000,54.4000,52.7000,54851079,TWSE_STOCK_DAY
2026-06-04,2637,78.1000,78.2000,79.8000,77.2000,8394659,TWSE_STOCK_DAY
2026-06-04,2886,42.1000,42.0000,42.7000,41.7500,47559742,TWSE_STOCK_DAY
2026-06-04,3006,245.0000,257.0000,265.5000,244.5000,23201368,TWSE_STOCK_DAY
2026-06-04,3044,512.0000,507.0000,514.0000,501.0000,2666573,TWSE_STOCK_DAY
2026-06-04,3046,60.1000,61.8000,61.9000,60.0000,1008483,TWSE_STOCK_DAY
2026-06-04,3605,76.3000,77.3000,78.0000,76.3000,1479562,TWSE_STOCK_DAY
2026-06-04,3702,116.5000,119.0000,119.5000,115.0000,16158984,TWSE_STOCK_DAY
2026-06-04,6213,260.5000,266.5000,267.5000,258.0000,7187932,TWSE_STOCK_DAY
2026-06-04,6570,57.8000,59.2000,59.2000,57.5000,140000,TPEX_STOCK_DAY
2026-06-04,6603,23.9000,24.3500,24.3500,23.8000,672000,TPEX_STOCK_DAY
2026-06-04,6672,222.0000,222.5000,228.0000,220.5000,7183873,TWSE_STOCK_DAY
2026-06-04,TAIEX,45677.4600,46364.0700,46364.0700,45677.4600,0,TWSE_TAIEX_INDEX
2026-06-05,0050,104.1500,105.0000,105.3500,102.8000,337031371,TWSE_STOCK_DAY
2026-06-05,1590,1320.0000,1280.0000,1330.0000,1260.0000,469080,TWSE_STOCK_DAY
2026-06-05,1709,20.2000,20.4500,20.5000,20.0000,1375732,TWSE_STOCK_DAY
2026-06-05,1714,11.5000,12.1000,12.1500,10.9000,64868308,TWSE_STOCK_DAY
2026-06-05,2030,18.5000,18.7500,18.7500,18.1500,1187509,TWSE_STOCK_DAY
2026-06-05,2059,5620.0000,5250.0000,5805.0000,4945.0000,1330055,TWSE_STOCK_DAY
2026-06-05,2103,21.7000,22.2500,22.2500,20.9000,7037783,TWSE_STOCK_DAY
2026-06-05,2301,230.0000,247.0000,249.0000,229.5000,45960476,TWSE_STOCK_DAY
2026-06-05,2354,60.6000,61.6000,62.0000,59.7000,11897761,TWSE_STOCK_DAY
2026-06-05,2395,496.0000,511.0000,515.0000,493.0000,5250790,TWSE_STOCK_DAY
2026-06-05,2397,64.1000,65.3000,65.3000,63.2000,991872,TWSE_STOCK_DAY
2026-06-05,2408,360.0000,370.0000,374.0000,355.5000,121599979,TWSE_STOCK_DAY
2026-06-05,2606,70.8000,69.9000,72.1000,69.6000,8020529,TWSE_STOCK_DAY
2026-06-05,2609,54.5000,53.8000,55.2000,53.3000,78583004,TWSE_STOCK_DAY
2026-06-05,2637,80.6000,78.2000,84.0000,78.2000,15502381,TWSE_STOCK_DAY
2026-06-05,2886,41.9500,41.8500,42.3500,41.5500,31754413,TWSE_STOCK_DAY
2026-06-05,3006,222.5000,236.0000,238.5000,220.5000,18612983,TWSE_STOCK_DAY
2026-06-05,3044,498.0000,509.0000,511.0000,485.5000,3630294,TWSE_STOCK_DAY
2026-06-05,3046,60.3000,61.1000,62.5000,59.3000,932143,TWSE_STOCK_DAY
2026-06-05,3605,75.0000,76.3000,76.3000,73.7000,1915779,TWSE_STOCK_DAY
2026-06-05,3702,114.5000,116.5000,116.5000,113.0000,16516439,TWSE_STOCK_DAY
2026-06-05,6213,254.5000,257.5000,257.5000,240.0000,7795202,TWSE_STOCK_DAY
2026-06-05,6570,58.4000,58.3000,58.6000,57.3000,153000,TPEX_STOCK_DAY
2026-06-05,6603,23.5000,24.0000,24.1500,23.3500,987000,TPEX_STOCK_DAY
2026-06-05,6672,219.0000,222.0000,222.0000,211.0000,3451160,TWSE_STOCK_DAY
2026-06-05,TAIEX,45070.9400,45619.8200,45619.8200,44209.5300,0,TWSE_TAIEX_INDEX
2026-06-08,0050,100.9500,98.0500,101.3000,98.0500,524952235,TWSE_STOCK_DAY
2026-06-08,1590,1280.0000,1240.0000,1290.0000,1225.0000,538630,TWSE_STOCK_DAY
2026-06-08,1709,20.0000,19.4000,20.2000,19.3000,1409054,TWSE_STOCK_DAY
2026-06-08,1714,12.6500,12.6500,12.6500,12.6500,19134628,TWSE_STOCK_DAY
2026-06-08,2030,18.8000,17.8000,18.9000,17.5000,2760515,TWSE_STOCK_DAY
2026-06-08,2059,6180.0000,6000.0000,6180.0000,6000.0000,566358,TWSE_STOCK_DAY
2026-06-08,2103,21.1500,21.0500,21.3500,20.5500,6299350,TWSE_STOCK_DAY
2026-06-08,2301,218.5000,207.0000,220.0000,207.0000,23221419,TWSE_STOCK_DAY
2026-06-08,2354,56.4000,55.0000,56.8000,54.9000,13376502,TWSE_STOCK_DAY
2026-06-08,2395,471.0000,456.0000,474.5000,456.0000,3763357,TWSE_STOCK_DAY
2026-06-08,2397,60.6000,58.2000,60.8000,58.0000,848200,TWSE_STOCK_DAY
2026-06-08,2408,339.5000,324.0000,348.0000,324.0000,104497957,TWSE_STOCK_DAY
2026-06-08,2606,68.2000,68.0000,69.2000,67.1000,4836395,TWSE_STOCK_DAY
2026-06-08,2609,51.7000,52.0000,52.6000,51.1000,66798155,TWSE_STOCK_DAY
2026-06-08,2637,78.5000,78.5000,81.8000,77.3000,10386017,TWSE_STOCK_DAY
2026-06-08,2886,41.2000,41.1500,41.5500,40.8000,29343041,TWSE_STOCK_DAY
2026-06-08,3006,207.0000,200.5000,209.0000,200.5000,11130026,TWSE_STOCK_DAY
2026-06-08,3044,478.0000,464.0000,481.0000,454.0000,4506697,TWSE_STOCK_DAY
2026-06-08,3046,56.8000,55.1000,57.2000,55.1000,662509,TWSE_STOCK_DAY
2026-06-08,3605,72.2000,67.5000,72.7000,67.5000,2680248,TWSE_STOCK_DAY
2026-06-08,3702,108.0000,108.0000,109.5000,105.5000,27570429,TWSE_STOCK_DAY
2026-06-08,6213,243.5000,229.5000,244.5000,229.5000,7487353,TWSE_STOCK_DAY
2026-06-08,6570,56.6000,52.9000,57.5000,52.9000,163000,TPEX_STOCK_DAY
2026-06-08,6603,22.4000,21.2000,22.6000,21.2000,1214000,TPEX_STOCK_DAY
2026-06-08,6672,217.0000,197.5000,218.0000,197.5000,3449911,TWSE_STOCK_DAY
2026-06-08,TAIEX,43502.7800,44507.4900,44507.4900,42376.8600,0,TWSE_TAIEX_INDEX
2026-06-09,0050,103.5000,102.1000,103.6000,101.3500,246039378,TWSE_STOCK_DAY
2026-06-09,1590,1305.0000,1325.0000,1335.0000,1275.0000,541719,TWSE_STOCK_DAY
2026-06-09,1709,20.2500,20.1500,20.5000,20.1000,1132333,TWSE_STOCK_DAY
2026-06-09,1714,13.9000,13.9000,13.9000,13.9000,14826814,TWSE_STOCK_DAY
2026-06-09,2030,19.2000,18.8000,19.4500,18.6000,3675794,TWSE_STOCK_DAY
2026-06-09,2059,6795.0000,6500.0000,6795.0000,6285.0000,2110796,TWSE_STOCK_DAY
2026-06-09,2103,21.0500,21.3000,21.6500,20.9000,3930446,TWSE_STOCK_DAY
2026-06-09,2301,224.0000,220.5000,225.0000,215.5000,31123783,TWSE_STOCK_DAY
2026-06-09,2354,58.8000,57.0000,59.2000,56.5000,9143338,TWSE_STOCK_DAY
2026-06-09,2395,489.5000,473.5000,492.0000,473.5000,4107302,TWSE_STOCK_DAY
2026-06-09,2397,61.7000,60.9000,62.5000,60.5000,612902,TWSE_STOCK_DAY
2026-06-09,2408,363.0000,350.5000,366.0000,342.0000,99865292,TWSE_STOCK_DAY
2026-06-09,2606,69.1000,68.3000,69.5000,68.0000,4124337,TWSE_STOCK_DAY
2026-06-09,2609,51.6000,52.1000,52.6000,51.1000,61977162,TWSE_STOCK_DAY
2026-06-09,2637,80.9000,78.8000,81.5000,78.6000,10323999,TWSE_STOCK_DAY
2026-06-09,2886,43.5500,41.0000,43.5500,41.0000,59201818,TWSE_STOCK_DAY
2026-06-09,3006,214.5000,212.5000,214.5000,205.5000,12030532,TWSE_STOCK_DAY
2026-06-09,3044,500.0000,475.0000,504.0000,475.0000,4612051,TWSE_STOCK_DAY
2026-06-09,3046,58.2000,57.8000,58.8000,57.3000,355714,TWSE_STOCK_DAY
2026-06-09,3605,72.7000,73.0000,73.8000,71.5000,1684442,TWSE_STOCK_DAY
2026-06-09,3702,110.5000,109.5000,112.5000,107.5000,14917517,TWSE_STOCK_DAY
2026-06-09,6213,257.0000,249.0000,259.0000,242.0000,9522888,TWSE_STOCK_DAY
2026-06-09,6570,57.9000,58.0000,58.0000,56.6000,187000,TPEX_STOCK_DAY
2026-06-09,6603,22.3500,22.8000,22.8000,22.2000,717000,TPEX_STOCK_DAY
2026-06-09,6672,230.0000,219.0000,231.0000,216.5000,6116000,TWSE_STOCK_DAY
2026-06-09,TAIEX,44704.4400,43687.6200,44821.7100,43687.6200,0,TWSE_TAIEX_INDEX
2026-06-10,0050,100.2500,102.6000,102.9500,100.2000,192916596,TWSE_STOCK_DAY
2026-06-10,1590,1285.0000,1345.0000,1345.0000,1270.0000,562065,TWSE_STOCK_DAY
2026-06-10,1709,21.1500,20.6000,21.7000,20.5000,5010546,TWSE_STOCK_DAY
2026-06-10,1714,13.1000,14.2500,14.7000,12.9000,110513494,TWSE_STOCK_DAY
2026-06-10,2030,18.6500,18.9000,19.2500,18.5000,2521328,TWSE_STOCK_DAY
2026-06-10,2059,6370.0000,6610.0000,6875.0000,6345.0000,934382,TWSE_STOCK_DAY
2026-06-10,2103,21.0500,21.0000,21.4500,20.9500,3283003,TWSE_STOCK_DAY
2026-06-10,2301,213.0000,227.0000,230.5000,212.0000,37263352,TWSE_STOCK_DAY
2026-06-10,2354,56.3000,57.7000,58.4000,56.1000,9575280,TWSE_STOCK_DAY
2026-06-10,2395,465.5000,485.0000,493.0000,462.0000,3732799,TWSE_STOCK_DAY
2026-06-10,2397,62.2000,60.6000,65.0000,60.6000,1134890,TWSE_STOCK_DAY
2026-06-10,2408,333.0000,351.5000,366.5000,330.0000,99760905,TWSE_STOCK_DAY
2026-06-10,2606,68.6000,69.1000,69.7000,68.1000,5159170,TWSE_STOCK_DAY
2026-06-10,2609,50.6000,51.9000,52.1000,50.5000,56863530,TWSE_STOCK_DAY
2026-06-10,2637,76.0000,77.2000,78.2000,75.6000,11440134,TWSE_STOCK_DAY
2026-06-10,2886,43.4000,43.4500,43.7000,42.7000,38695248,TWSE_STOCK_DAY
2026-06-10,3006,202.0000,208.5000,217.5000,201.5000,9648784,TWSE_STOCK_DAY
2026-06-10,3044,479.0000,490.0000,502.0000,477.0000,6576180,TWSE_STOCK_DAY
2026-06-10,3046,55.8000,57.3000,58.4000,55.7000,593022,TWSE_STOCK_DAY
2026-06-10,3605,68.4000,71.5000,73.0000,68.4000,2195011,TWSE_STOCK_DAY
2026-06-10,3702,109.0000,110.0000,113.5000,109.0000,12426606,TWSE_STOCK_DAY
2026-06-10,6213,254.0000,250.0000,272.0000,249.5000,15359092,TWSE_STOCK_DAY
2026-06-10,6570,58.0000,59.8000,60.0000,58.0000,442000,TPEX_STOCK_DAY
2026-06-10,6603,21.9000,21.9000,22.7500,21.9000,805000,TPEX_STOCK_DAY
2026-06-10,6672,218.5000,226.5000,232.5000,218.0000,6082056,TWSE_STOCK_DAY
2026-06-10,TAIEX,43225.5400,44581.4500,44676.4900,43225.5400,0,TWSE_TAIEX_INDEX
2026-06-11,0050,99.8500,100.0000,100.5500,97.6000,299040372,TWSE_STOCK_DAY
2026-06-11,1590,1265.0000,1320.0000,1320.0000,1235.0000,741171,TWSE_STOCK_DAY
2026-06-11,1709,20.8500,21.1500,21.1500,20.5500,1837445,TWSE_STOCK_DAY
2026-06-11,1714,14.4000,13.9500,14.4000,13.3000,98457282,TWSE_STOCK_DAY
2026-06-11,2030,18.1500,18.2000,18.2500,17.8500,1593671,TWSE_STOCK_DAY
2026-06-11,2059,6400.0000,6090.0000,6540.0000,6090.0000,634094,TWSE_STOCK_DAY
2026-06-11,2103,22.1500,21.2000,22.1500,21.0000,7502660,TWSE_STOCK_DAY
2026-06-11,2301,208.5000,210.5000,214.0000,201.0000,24496116,TWSE_STOCK_DAY
2026-06-11,2354,56.2000,55.9000,56.7000,55.4000,8444984,TWSE_STOCK_DAY
2026-06-11,2395,464.0000,456.0000,467.0000,449.0000,4185113,TWSE_STOCK_DAY
2026-06-11,2397,62.2000,63.0000,63.0000,61.3000,489115,TWSE_STOCK_DAY
2026-06-11,2408,340.0000,336.0000,353.5000,325.0000,101519192,TWSE_STOCK_DAY
2026-06-11,2606,67.7000,68.6000,68.9000,66.4000,5943701,TWSE_STOCK_DAY
2026-06-11,2609,51.1000,51.0000,51.3000,50.0000,52461697,TWSE_STOCK_DAY
2026-06-11,2637,78.3000,76.0000,78.3000,75.9000,7257113,TWSE_STOCK_DAY
2026-06-11,2886,43.4000,43.5500,43.6000,42.6500,30307283,TWSE_STOCK_DAY
2026-06-11,3006,204.5000,202.0000,214.5000,198.5000,10575983,TWSE_STOCK_DAY
2026-06-11,3044,484.0000,471.0000,497.5000,468.5000,3295044,TWSE_STOCK_DAY
2026-06-11,3046,55.6000,55.0000,56.9000,54.4000,458272,TWSE_STOCK_DAY
2026-06-11,3605,72.9000,68.7000,73.0000,67.6000,3146609,TWSE_STOCK_DAY
2026-06-11,3702,108.5000,111.0000,111.5000,105.5000,18045469,TWSE_STOCK_DAY
2026-06-11,6213,248.0000,252.5000,260.0000,236.5000,10874563,TWSE_STOCK_DAY
2026-06-11,6570,56.7000,58.0000,58.3000,54.8000,468000,TPEX_STOCK_DAY
2026-06-11,6603,22.1500,21.9500,22.2000,21.3000,652000,TPEX_STOCK_DAY
2026-06-11,6672,213.5000,218.0000,221.0000,207.0000,3825513,TWSE_STOCK_DAY
2026-06-11,TAIEX,43149.4600,43172.2100,43463.0300,42006.3900,0,TWSE_TAIEX_INDEX
2026-06-12,0050,101.9500,103.2500,103.7500,101.5500,76563613,TWSE_STOCK_DAY
2026-06-12,1590,1290.0000,1310.0000,1325.0000,1285.0000,633962,TWSE_STOCK_DAY
2026-06-12,1709,21.3500,21.2000,21.7000,21.2000,1715895,TWSE_STOCK_DAY
2026-06-12,1714,15.2000,14.9500,15.7000,14.1500,132650748,TWSE_STOCK_DAY
2026-06-12,2030,18.4500,18.3000,18.6000,18.3000,1321368,TWSE_STOCK_DAY
2026-06-12,2059,6910.0000,6995.0000,7040.0000,6725.0000,1093367,TWSE_STOCK_DAY
2026-06-12,2103,22.1000,22.4500,22.7000,21.7500,8070019,TWSE_STOCK_DAY
2026-06-12,2301,217.0000,219.5000,221.0000,214.5000,17186180,TWSE_STOCK_DAY
2026-06-12,2354,57.0000,57.6000,58.0000,57.0000,5196500,TWSE_STOCK_DAY
2026-06-12,2395,473.0000,475.0000,481.0000,469.5000,1178582,TWSE_STOCK_DAY
2026-06-12,2397,62.2000,62.8000,63.7000,62.1000,356198,TWSE_STOCK_DAY
2026-06-12,2408,374.0000,368.5000,374.0000,365.0000,94572799,TWSE_STOCK_DAY
2026-06-12,2606,68.3000,67.9000,69.5000,67.8000,3980754,TWSE_STOCK_DAY
2026-06-12,2609,52.4000,51.8000,53.3000,51.4000,30718280,TWSE_STOCK_DAY
2026-06-12,2637,78.5000,78.5000,79.7000,77.4000,6639638,TWSE_STOCK_DAY
2026-06-12,2886,43.4000,43.4500,43.9500,43.1000,36267595,TWSE_STOCK_DAY
2026-06-12,3006,217.0000,217.0000,221.5000,215.0000,9024259,TWSE_STOCK_DAY
2026-06-12,3044,497.0000,502.0000,509.0000,494.5000,2333144,TWSE_STOCK_DAY
2026-06-12,3046,56.6000,57.1000,57.4000,56.6000,310930,TWSE_STOCK_DAY
2026-06-12,3605,73.3000,73.6000,74.3000,72.2000,2220191,TWSE_STOCK_DAY
2026-06-12,3702,105.0000,111.5000,111.5000,104.0000,20657601,TWSE_STOCK_DAY
2026-06-12,6213,252.5000,260.0000,263.5000,249.5000,9064998,TWSE_STOCK_DAY
2026-06-12,6570,57.3000,58.8000,59.0000,56.9000,328000,TPEX_STOCK_DAY
2026-06-12,6603,22.2000,22.8000,22.8000,22.1000,582000,TPEX_STOCK_DAY
2026-06-12,6672,221.0000,219.0000,228.0000,218.5000,3491154,TWSE_STOCK_DAY
2026-06-12,TAIEX,44169.0400,43587.6300,44798.8800,43587.6300,0,TWSE_TAIEX_INDEX
2026-06-15,0050,105.2500,105.1000,105.5000,104.3000,100402843,TWSE_STOCK_DAY
2026-06-15,1590,1310.0000,1350.0000,1370.0000,1305.0000,575741,TWSE_STOCK_DAY
2026-06-15,1709,21.1500,21.5000,21.5500,21.0000,1553034,TWSE_STOCK_DAY
2026-06-15,1714,16.7000,16.0000,16.7000,16.0000,50826789,TWSE_STOCK_DAY
2026-06-15,2030,18.6500,18.7500,19.1000,18.6000,1402309,TWSE_STOCK_DAY
2026-06-15,2059,6960.0000,7095.0000,7195.0000,6935.0000,799656,TWSE_STOCK_DAY
2026-06-15,2103,22.3000,22.4000,22.6000,21.6000,6345977,TWSE_STOCK_DAY
2026-06-15,2301,207.5000,225.0000,226.0000,207.0000,46021209,TWSE_STOCK_DAY
2026-06-15,2354,57.7000,58.7000,59.0000,57.7000,5234094,TWSE_STOCK_DAY
2026-06-15,2395,485.0000,486.0000,494.0000,480.5000,1974869,TWSE_STOCK_DAY
2026-06-15,2397,62.8000,63.2000,63.8000,62.6000,333151,TWSE_STOCK_DAY
2026-06-15,2408,395.5000,391.0000,399.5000,382.0000,132122225,TWSE_STOCK_DAY
2026-06-15,2606,67.2000,69.1000,69.1000,66.8000,9042610,TWSE_STOCK_DAY
2026-06-15,2609,51.2000,53.7000,53.7000,51.2000,39646266,TWSE_STOCK_DAY
2026-06-15,2637,79.2000,79.0000,79.8000,77.2000,4322269,TWSE_STOCK_DAY
2026-06-15,2886,44.0000,44.9500,44.9500,43.4000,30155084,TWSE_STOCK_DAY
2026-06-15,3006,222.5000,223.0000,227.5000,219.0000,8721614,TWSE_STOCK_DAY
2026-06-15,3044,520.0000,510.0000,520.0000,499.0000,3480416,TWSE_STOCK_DAY
2026-06-15,3046,57.6000,57.0000,58.0000,57.0000,240232,TWSE_STOCK_DAY
2026-06-15,3605,74.2000,74.3000,75.9000,73.5000,1277790,TWSE_STOCK_DAY
2026-06-15,3702,107.5000,107.0000,108.5000,103.5000,12127021,TWSE_STOCK_DAY
2026-06-15,6213,263.5000,259.5000,269.0000,259.0000,7633970,TWSE_STOCK_DAY
2026-06-15,6570,55.9000,56.9000,57.0000,55.5000,406000,TPEX_STOCK_DAY
2026-06-15,6603,22.3000,22.7000,22.8000,22.2500,721000,TPEX_STOCK_DAY
2026-06-15,6672,235.5000,229.0000,242.0000,225.0000,6884755,TWSE_STOCK_DAY
2026-06-15,TAIEX,45396.9900,44447.8700,45483.6300,44447.8700,0,TWSE_TAIEX_INDEX
2026-06-16,0050,105.9000,106.0500,106.0500,104.8500,70824506,TWSE_STOCK_DAY
2026-06-16,1590,1295.0000,1310.0000,1310.0000,1240.0000,758781,TWSE_STOCK_DAY
2026-06-16,1709,20.8000,21.1500,21.5000,20.7000,1423644,TWSE_STOCK_DAY
2026-06-16,1714,17.9500,17.4000,18.2000,16.8000,32707061,TWSE_STOCK_DAY
2026-06-16,2030,18.5500,18.9500,19.0000,18.4000,1643183,TWSE_STOCK_DAY
2026-06-16,2059,6650.0000,7040.0000,7050.0000,6605.0000,842432,TWSE_STOCK_DAY
2026-06-16,2103,22.0500,22.4500,22.4500,21.7500,4861671,TWSE_STOCK_DAY
2026-06-16,2301,208.0000,210.0000,211.5000,207.5000,17759204,TWSE_STOCK_DAY
2026-06-16,2354,57.0000,58.4000,58.4000,56.9000,5324442,TWSE_STOCK_DAY
2026-06-16,2395,480.0000,493.0000,493.0000,475.0000,1707551,TWSE_STOCK_DAY
2026-06-16,2397,60.9000,63.5000,63.8000,60.9000,507544,TWSE_STOCK_DAY
2026-06-16,2408,425.0000,402.5000,432.5000,396.0000,170526873,TWSE_STOCK_DAY
2026-06-16,2606,61.1000,63.1000,64.7000,60.6000,22777598,TWSE_STOCK_DAY
2026-06-16,2609,51.0000,51.2000,51.7000,50.2000,32633400,TWSE_STOCK_DAY
2026-06-16,2637,78.4000,79.2000,80.7000,77.5000,6026130,TWSE_STOCK_DAY
2026-06-16,2886,44.5000,43.8500,44.8500,43.5000,21732920,TWSE_STOCK_DAY
2026-06-16,3006,224.5000,227.0000,233.5000,221.0000,11455613,TWSE_STOCK_DAY
2026-06-16,3044,546.0000,532.0000,558.0000,529.0000,7309686,TWSE_STOCK_DAY
2026-06-16,3046,57.0000,57.8000,58.0000,56.6000,299792,TWSE_STOCK_DAY
2026-06-16,3605,72.3000,74.7000,74.9000,72.3000,1166822,TWSE_STOCK_DAY
2026-06-16,3702,109.0000,109.0000,109.5000,106.5000,10028040,TWSE_STOCK_DAY
2026-06-16,6213,258.0000,267.0000,270.5000,255.0000,7694528,TWSE_STOCK_DAY
2026-06-16,6570,54.0000,56.1000,56.4000,53.2000,568000,TPEX_STOCK_DAY
2026-06-16,6603,22.3000,22.7000,22.8500,22.2500,546000,TPEX_STOCK_DAY
2026-06-16,6672,222.0000,237.0000,237.5000,220.5000,5826183,TWSE_STOCK_DAY
2026-06-16,TAIEX,45809.1900,45500.0800,45809.1900,45266.3400,0,TWSE_TAIEX_INDEX
2026-06-17,0050,106.0000,105.0000,106.0000,104.5000,100331952,TWSE_STOCK_DAY
2026-06-17,1590,1320.0000,1295.0000,1320.0000,1280.0000,425551,TWSE_STOCK_DAY
2026-06-17,1709,20.9500,20.8000,20.9500,20.6500,972606,TWSE_STOCK_DAY
2026-06-17,1714,19.2500,18.0000,19.2500,18.0000,26798201,TWSE_STOCK_DAY
2026-06-17,2030,18.4500,18.3500,18.8500,18.2000,1121566,TWSE_STOCK_DAY
2026-06-17,2059,6620.0000,6520.0000,6770.0000,6480.0000,385738,TWSE_STOCK_DAY
2026-06-17,2103,21.2000,22.1000,22.3000,21.0500,6696911,TWSE_STOCK_DAY
2026-06-17,2301,210.0000,208.0000,210.5000,205.0000,14892794,TWSE_STOCK_DAY
2026-06-17,2354,57.5000,56.5000,57.5000,56.5000,3792624,TWSE_STOCK_DAY
2026-06-17,2395,488.5000,472.0000,488.5000,470.5000,2442444,TWSE_STOCK_DAY
2026-06-17,2397,61.5000,61.1000,61.6000,60.6000,212879,TWSE_STOCK_DAY
2026-06-17,2408,437.0000,415.0000,437.0000,412.0000,101278057,TWSE_STOCK_DAY
2026-06-17,2606,62.2000,61.1000,62.3000,60.2000,10816255,TWSE_STOCK_DAY
2026-06-17,2609,51.6000,51.1000,52.1000,50.3000,34556058,TWSE_STOCK_DAY
2026-06-17,2637,77.4000,78.4000,78.4000,75.8000,4925604,TWSE_STOCK_DAY
2026-06-17,2886,45.1000,44.2000,45.4500,44.2000,33119965,TWSE_STOCK_DAY
2026-06-17,3006,225.0000,221.5000,232.5000,218.0000,10614621,TWSE_STOCK_DAY
2026-06-17,3044,571.0000,546.0000,574.0000,538.0000,6030813,TWSE_STOCK_DAY
2026-06-17,3046,57.0000,57.0000,57.4000,56.3000,223816,TWSE_STOCK_DAY
2026-06-17,3605,77.1000,72.2000,78.3000,71.8000,3021640,TWSE_STOCK_DAY
2026-06-17,3702,107.0000,107.0000,107.5000,104.5000,10172545,TWSE_STOCK_DAY
2026-06-17,6213,267.5000,255.0000,272.5000,253.0000,10448303,TWSE_STOCK_DAY
2026-06-17,6570,53.9000,52.5000,54.3000,52.0000,490000,TPEX_STOCK_DAY
2026-06-17,6603,22.0000,22.2000,22.3500,21.8500,683000,TPEX_STOCK_DAY
2026-06-17,6672,226.5000,221.0000,229.0000,221.0000,2599479,TWSE_STOCK_DAY
2026-06-17,TAIEX,45877.3900,45685.2700,45877.3900,45159.5100,0,TWSE_TAIEX_INDEX
2026-06-18,0050,107.3000,107.0000,107.4500,106.6500,78557448,TWSE_STOCK_DAY
2026-06-18,1590,1380.0000,1345.0000,1405.0000,1340.0000,1226002,TWSE_STOCK_DAY
2026-06-18,1709,21.2500,21.2000,21.5500,20.9500,1572279,TWSE_STOCK_DAY
2026-06-18,1714,20.3500,20.0500,20.7000,20.0500,31934556,TWSE_STOCK_DAY
2026-06-18,2030,18.5500,18.5500,18.7000,18.3500,1262096,TWSE_STOCK_DAY
2026-06-18,2059,6865.0000,6640.0000,6895.0000,6620.0000,449793,TWSE_STOCK_DAY
2026-06-18,2103,21.4000,21.2000,22.0500,21.2000,4944708,TWSE_STOCK_DAY
2026-06-18,2301,210.5000,210.0000,215.5000,209.5000,21209294,TWSE_STOCK_DAY
2026-06-18,2354,57.9000,57.8000,58.2000,57.5000,8137908,TWSE_STOCK_DAY
2026-06-18,2395,494.0000,494.5000,504.0000,490.0000,4327273,TWSE_STOCK_DAY
2026-06-18,2397,60.8000,62.3000,62.5000,60.6000,421569,TWSE_STOCK_DAY
2026-06-18,2408,459.5000,443.5000,459.5000,427.5000,180896115,TWSE_STOCK_DAY
2026-06-18,2606,61.5000,62.3000,62.5000,60.5000,14448524,TWSE_STOCK_DAY
2026-06-18,2609,51.3000,51.6000,52.5000,51.3000,34519700,TWSE_STOCK_DAY
2026-06-18,2637,77.4000,76.8000,77.4000,75.4000,5408866,TWSE_STOCK_DAY
2026-06-18,2886,45.5000,45.1000,46.0000,44.8500,72606918,TWSE_STOCK_DAY
2026-06-18,3006,237.5000,228.0000,237.5000,227.5000,14324334,TWSE_STOCK_DAY
2026-06-18,3044,573.0000,580.0000,583.0000,562.0000,6881994,TWSE_STOCK_DAY
2026-06-18,3046,56.8000,58.2000,58.2000,56.5000,641432,TWSE_STOCK_DAY
2026-06-18,3605,80.5000,77.3000,82.6000,77.3000,7168015,TWSE_STOCK_DAY
2026-06-18,3702,112.0000,107.5000,113.0000,106.5000,20036329,TWSE_STOCK_DAY
2026-06-18,6213,280.0000,274.0000,290.0000,272.5000,22287192,TWSE_STOCK_DAY
2026-06-18,6570,54.6000,53.9000,55.4000,53.4000,228000,TPEX_STOCK_DAY
2026-06-18,6603,24.2000,22.6000,24.2000,22.4000,4546000,TPEX_STOCK_DAY
2026-06-18,6672,245.5000,231.5000,249.0000,231.5000,7230125,TWSE_STOCK_DAY
2026-06-18,TAIEX,46465.2000,45972.2600,46565.7000,45972.2600,0,TWSE_TAIEX_INDEX
2026-06-22,0050,111.1500,109.4500,111.2000,109.4500,116042256,TWSE_STOCK_DAY
2026-06-22,1590,1395.0000,1400.0000,1415.0000,1370.0000,847669,TWSE_STOCK_DAY
2026-06-22,1709,21.5000,22.1500,22.1500,21.2500,1581613,TWSE_STOCK_DAY
2026-06-22,1714,18.3500,19.8000,19.8000,18.3500,26230232,TWSE_STOCK_DAY
2026-06-22,2030,19.6000,18.7000,19.8500,18.6500,5105305,TWSE_STOCK_DAY
2026-06-22,2059,7550.0000,7050.0000,7550.0000,7045.0000,967008,TWSE_STOCK_DAY
2026-06-22,2103,21.4000,21.4000,21.8000,21.2000,3468206,TWSE_STOCK_DAY
2026-06-22,2301,231.5000,216.0000,231.5000,215.0000,45443527,TWSE_STOCK_DAY
2026-06-22,2354,58.0000,58.4000,58.7000,57.5000,10039698,TWSE_STOCK_DAY
2026-06-22,2395,499.5000,501.0000,511.0000,494.5000,3050140,TWSE_STOCK_DAY
2026-06-22,2397,61.6000,61.8000,61.8000,60.7000,564961,TWSE_STOCK_DAY
2026-06-22,2408,505.0000,484.0000,505.0000,480.0000,96419516,TWSE_STOCK_DAY
2026-06-22,2606,62.0000,61.8000,62.2000,61.1000,7590752,TWSE_STOCK_DAY
2026-06-22,2609,52.3000,52.0000,52.7000,51.4000,38001527,TWSE_STOCK_DAY
2026-06-22,2637,77.1000,77.9000,77.9000,76.3000,2003159,TWSE_STOCK_DAY
2026-06-22,2886,44.7500,45.5000,45.5000,44.4500,53658490,TWSE_STOCK_DAY
2026-06-22,3006,254.0000,242.5000,258.0000,241.0000,16999688,TWSE_STOCK_DAY
2026-06-22,3044,566.0000,590.0000,598.0000,565.0000,3357117,TWSE_STOCK_DAY
2026-06-22,3046,57.1000,57.3000,57.5000,56.5000,608832,TWSE_STOCK_DAY
2026-06-22,3605,80.2000,82.4000,83.5000,80.0000,4148335,TWSE_STOCK_DAY
2026-06-22,3702,112.5000,113.5000,114.0000,110.5000,8555913,TWSE_STOCK_DAY
2026-06-22,6213,308.0000,293.0000,308.0000,292.0000,36208426,TWSE_STOCK_DAY
2026-06-22,6570,54.9000,54.9000,55.3000,54.5000,260000,TPEX_STOCK_DAY
2026-06-22,6603,25.3500,25.7500,26.2000,25.2000,5965000,TPEX_STOCK_DAY
2026-06-22,6672,255.5000,260.0000,263.5000,244.5000,8440456,TWSE_STOCK_DAY
2026-06-22,TAIEX,47741.5100,46679.5700,47871.1900,46679.5700,0,TWSE_TAIEX_INDEX
2026-06-23,0050,110.1000,112.0000,112.3000,110.0500,130786727,TWSE_STOCK_DAY
2026-06-23,1590,1375.0000,1400.0000,1405.0000,1360.0000,1204438,TWSE_STOCK_DAY
2026-06-23,1709,21.1500,21.5000,21.5000,20.9000,841153,TWSE_STOCK_DAY
2026-06-23,1714,17.8500,18.0000,18.0000,17.0500,21595925,TWSE_STOCK_DAY
2026-06-23,2030,20.1500,19.8500,20.2000,19.5500,4150317,TWSE_STOCK_DAY
2026-06-23,2059,7475.0000,7600.0000,7695.0000,7220.0000,519704,TWSE_STOCK_DAY
2026-06-23,2103,21.1500,21.6500,21.6500,21.0500,3301457,TWSE_STOCK_DAY
2026-06-23,2301,223.5000,234.5000,241.0000,223.5000,58205332,TWSE_STOCK_DAY
2026-06-23,2354,56.6000,58.0000,58.4000,56.5000,10688202,TWSE_STOCK_DAY
2026-06-23,2395,487.5000,505.0000,505.0000,483.0000,2317136,TWSE_STOCK_DAY
2026-06-23,2397,59.5000,61.4000,61.6000,59.4000,725697,TWSE_STOCK_DAY
2026-06-23,2408,454.5000,488.0000,500.0000,454.5000,164235709,TWSE_STOCK_DAY
2026-06-23,2606,61.7000,62.2000,62.4000,61.0000,3894014,TWSE_STOCK_DAY
2026-06-23,2609,51.3000,52.7000,52.8000,51.2000,19953550,TWSE_STOCK_DAY
2026-06-23,2637,76.8000,77.3000,77.4000,76.2000,2241864,TWSE_STOCK_DAY
2026-06-23,2886,45.2000,44.5000,45.7000,44.3000,47309566,TWSE_STOCK_DAY
2026-06-23,3006,245.0000,263.5000,269.0000,244.0000,29723004,TWSE_STOCK_DAY
2026-06-23,3044,531.0000,569.0000,570.0000,528.0000,4344653,TWSE_STOCK_DAY
2026-06-23,3046,55.9000,57.6000,57.6000,55.5000,569030,TWSE_STOCK_DAY
2026-06-23,3605,79.0000,81.0000,82.4000,78.0000,2823901,TWSE_STOCK_DAY
2026-06-23,3702,108.0000,112.5000,113.0000,108.0000,6484321,TWSE_STOCK_DAY
2026-06-23,6213,281.0000,304.0000,312.0000,281.0000,28641888,TWSE_STOCK_DAY
2026-06-23,6570,52.8000,56.0000,56.0000,52.6000,200000,TPEX_STOCK_DAY
2026-06-23,6603,24.3000,25.2000,25.5500,23.7500,2407000,TPEX_STOCK_DAY
2026-06-23,6672,249.0000,256.5000,258.0000,246.0000,4363769,TWSE_STOCK_DAY
2026-06-23,TAIEX,47100.6500,47795.0900,48218.8700,47100.6500,0,TWSE_TAIEX_INDEX
2026-06-24,0050,107.1500,108.0000,108.1000,106.1500,235939737,TWSE_STOCK_DAY
2026-06-24,1590,1385.0000,1375.0000,1405.0000,1355.0000,1144206,TWSE_STOCK_DAY
2026-06-24,1709,21.3000,20.8500,21.4500,20.8500,669586,TWSE_STOCK_DAY
2026-06-24,1714,19.0500,18.2000,19.2000,18.2000,13450753,TWSE_STOCK_DAY
2026-06-24,2030,19.3000,19.8500,19.8500,19.2000,2295159,TWSE_STOCK_DAY
2026-06-24,2059,7505.0000,7620.0000,7620.0000,7275.0000,532094,TWSE_STOCK_DAY
2026-06-24,2103,21.9500,20.8500,22.1000,20.3500,6880029,TWSE_STOCK_DAY
2026-06-24,2301,216.5000,225.5000,225.5000,213.0000,34410323,TWSE_STOCK_DAY
2026-06-24,2354,58.0000,56.6000,59.0000,56.4000,9027485,TWSE_STOCK_DAY
2026-06-24,2395,473.5000,477.5000,483.5000,466.0000,2781664,TWSE_STOCK_DAY
2026-06-24,2397,59.6000,59.1000,60.2000,59.0000,366923,TWSE_STOCK_DAY
2026-06-24,2408,443.5000,440.0000,457.0000,435.0000,125390124,TWSE_STOCK_DAY
2026-06-24,2606,61.4000,61.4000,61.8000,60.9000,3523694,TWSE_STOCK_DAY
2026-06-24,2609,51.6000,51.4000,52.1000,51.2000,15479059,TWSE_STOCK_DAY
2026-06-24,2637,75.7000,76.7000,76.8000,75.1000,2701575,TWSE_STOCK_DAY
2026-06-24,2886,44.5500,45.0000,45.1500,44.4000,55119085,TWSE_STOCK_DAY
2026-06-24,3006,246.5000,241.0000,254.0000,240.0000,15746056,TWSE_STOCK_DAY
2026-06-24,3044,526.0000,523.0000,536.0000,516.0000,2755065,TWSE_STOCK_DAY
2026-06-24,3046,56.0000,54.9000,56.5000,54.9000,496579,TWSE_STOCK_DAY
2026-06-24,3605,76.6000,78.0000,78.5000,75.9000,2013198,TWSE_STOCK_DAY
2026-06-24,3702,106.5000,107.0000,108.0000,105.5000,3749385,TWSE_STOCK_DAY
2026-06-24,6213,309.0000,309.0000,309.0000,303.0000,25462125,TWSE_STOCK_DAY
2026-06-24,6570,52.6000,52.2000,53.4000,52.1000,178000,TPEX_STOCK_DAY
2026-06-24,6603,24.2000,24.0000,24.6000,23.9000,1104000,TPEX_STOCK_DAY
2026-06-24,6672,263.5000,246.0000,264.5000,245.5000,6881968,TWSE_STOCK_DAY
2026-06-24,TAIEX,46043.6000,46909.9800,46909.9800,45819.7100,0,TWSE_TAIEX_INDEX
2026-06-25,0050,107.2000,108.0000,108.0500,106.3500,96345582,TWSE_STOCK_DAY
2026-06-25,1590,1390.0000,1390.0000,1430.0000,1390.0000,801735,TWSE_STOCK_DAY
2026-06-25,1709,21.4000,21.2000,21.7000,21.2000,1389364,TWSE_STOCK_DAY
2026-06-25,1714,18.5000,19.4500,19.5500,18.5000,12291384,TWSE_STOCK_DAY
2026-06-25,2030,18.9500,19.3500,19.5000,18.9000,1299153,TWSE_STOCK_DAY
2026-06-25,2059,7315.0000,7560.0000,7795.0000,7225.0000,781636,TWSE_STOCK_DAY
2026-06-25,2103,21.4500,22.0500,22.1000,21.4000,4479656,TWSE_STOCK_DAY
2026-06-25,2301,215.0000,226.0000,233.5000,215.0000,35805541,TWSE_STOCK_DAY
2026-06-25,2354,57.4000,58.5000,58.5000,57.3000,4753113,TWSE_STOCK_DAY
2026-06-25,2395,480.0000,482.0000,485.0000,472.0000,1411701,TWSE_STOCK_DAY
2026-06-25,2397,59.5000,60.0000,60.4000,59.1000,296195,TWSE_STOCK_DAY
2026-06-25,2408,477.0000,479.0000,483.0000,461.5000,110549365,TWSE_STOCK_DAY
2026-06-25,2606,61.7000,61.5000,62.2000,61.4000,3298568,TWSE_STOCK_DAY
2026-06-25,2609,51.4000,51.6000,52.0000,51.2000,11437515,TWSE_STOCK_DAY
2026-06-25,2637,76.1000,76.0000,76.3000,75.4000,2628435,TWSE_STOCK_DAY
2026-06-25,2886,46.6500,44.6500,46.9500,44.6000,62170274,TWSE_STOCK_DAY
2026-06-25,3006,240.0000,258.5000,264.0000,240.0000,15652821,TWSE_STOCK_DAY
2026-06-25,3044,532.0000,530.0000,539.0000,521.0000,3088650,TWSE_STOCK_DAY
2026-06-25,3046,52.2000,53.2000,53.4000,51.6000,760205,TWSE_STOCK_DAY
2026-06-25,3605,77.5000,77.5000,77.6000,74.5000,1997514,TWSE_STOCK_DAY
2026-06-25,3702,107.0000,107.0000,109.5000,106.0000,10429116,TWSE_STOCK_DAY
2026-06-25,6213,339.5000,329.0000,339.5000,329.0000,26733662,TWSE_STOCK_DAY
2026-06-25,6570,51.5000,52.8000,53.0000,51.5000,168000,TPEX_STOCK_DAY
2026-06-25,6603,23.4000,24.5000,24.5000,23.4000,1148000,TPEX_STOCK_DAY
2026-06-25,6672,289.5000,265.5000,289.5000,258.5000,9435634,TWSE_STOCK_DAY
2026-06-25,TAIEX,46255.2600,46339.6800,46785.4500,46048.7000,0,TWSE_TAIEX_INDEX
2026-06-26,0050,103.1000,105.4000,105.8500,102.8000,291814760,TWSE_STOCK_DAY
2026-06-26,1590,1360.0000,1390.0000,1405.0000,1335.0000,835503,TWSE_STOCK_DAY
2026-06-26,1709,21.0500,21.2000,21.5000,21.0000,1229515,TWSE_STOCK_DAY
2026-06-26,1714,18.5500,18.6000,18.7500,18.0000,7421668,TWSE_STOCK_DAY
2026-06-26,2030,18.7500,18.8500,19.1000,18.7000,995619,TWSE_STOCK_DAY
2026-06-26,2059,6990.0000,7205.0000,7480.0000,6895.0000,536216,TWSE_STOCK_DAY
2026-06-26,2103,20.2500,21.7500,21.7500,20.1000,6076399,TWSE_STOCK_DAY
2026-06-26,2301,201.5000,213.5000,213.5000,201.0000,31123257,TWSE_STOCK_DAY
2026-06-26,2354,54.9000,57.1000,57.1000,54.9000,11620618,TWSE_STOCK_DAY
2026-06-26,2395,455.5000,469.5000,469.5000,453.0000,2470330,TWSE_STOCK_DAY
2026-06-26,2397,57.2000,59.7000,59.7000,57.1000,634778,TWSE_STOCK_DAY
2026-06-26,2408,449.0000,480.0000,498.0000,443.0000,143165163,TWSE_STOCK_DAY
2026-06-26,2606,59.6000,61.6000,61.8000,59.1000,5618757,TWSE_STOCK_DAY
2026-06-26,2609,50.1000,51.4000,51.4000,50.1000,24041295,TWSE_STOCK_DAY
2026-06-26,2637,71.7000,75.6000,75.9000,71.6000,4074745,TWSE_STOCK_DAY
2026-06-26,2886,46.1500,45.5500,46.4000,45.5500,34026939,TWSE_STOCK_DAY
2026-06-26,3006,227.0000,242.0000,248.0000,225.5000,11221511,TWSE_STOCK_DAY
2026-06-26,3044,508.0000,526.0000,535.0000,506.0000,3234117,TWSE_STOCK_DAY
2026-06-26,3046,50.2000,51.8000,51.8000,50.0000,444954,TWSE_STOCK_DAY
2026-06-26,3605,74.0000,77.1000,78.1000,73.9000,1971504,TWSE_STOCK_DAY
2026-06-26,3702,106.5000,106.0000,109.0000,105.0000,9602233,TWSE_STOCK_DAY
2026-06-26,6213,346.5000,353.0000,373.0000,345.0000,35982616,TWSE_STOCK_DAY
2026-06-26,6570,49.0000,52.0000,52.0000,49.0000,273000,TPEX_STOCK_DAY
2026-06-26,6603,22.9000,23.4500,23.8500,22.7000,1101000,TPEX_STOCK_DAY
2026-06-26,6672,292.0000,289.0000,311.5000,284.0000,16711228,TWSE_STOCK_DAY
2026-06-26,TAIEX,44571.7600,46188.6000,46188.6000,44454.2200,0,TWSE_TAIEX_INDEX
2026-06-29,0050,104.4500,103.3500,105.3500,103.3000,106661221,TWSE_STOCK_DAY
2026-06-29,1590,1355.0000,1360.0000,1420.0000,1345.0000,1074562,TWSE_STOCK_DAY
2026-06-29,1709,21.3000,21.1000,21.4000,21.1000,704484,TWSE_STOCK_DAY
2026-06-29,1714,18.9000,18.2000,19.4000,18.2000,7186003,TWSE_STOCK_DAY
2026-06-29,2030,18.4000,18.6000,18.9000,18.3500,1118997,TWSE_STOCK_DAY
2026-06-29,2059,7110.0000,7080.0000,7275.0000,6920.0000,248723,TWSE_STOCK_DAY
2026-06-29,2103,20.6500,20.2500,20.7500,20.1000,2451973,TWSE_STOCK_DAY
2026-06-29,2301,211.5000,203.0000,213.5000,203.0000,21805825,TWSE_STOCK_DAY
2026-06-29,2354,54.8000,55.4000,55.9000,54.6000,4739149,TWSE_STOCK_DAY
2026-06-29,2395,472.5000,463.0000,486.0000,457.5000,4574854,TWSE_STOCK_DAY
2026-06-29,2397,57.6000,58.2000,58.5000,57.5000,339558,TWSE_STOCK_DAY
2026-06-29,2408,453.0000,456.0000,465.0000,440.5000,77020287,TWSE_STOCK_DAY
2026-06-29,2606,60.1000,60.1000,60.4000,59.5000,2049309,TWSE_STOCK_DAY
2026-06-29,2609,51.4000,50.8000,51.7000,50.4000,17994950,TWSE_STOCK_DAY
2026-06-29,2637,72.6000,72.4000,73.1000,70.9000,2266513,TWSE_STOCK_DAY
2026-06-29,2886,46.2000,47.3500,47.4000,46.1500,25963801,TWSE_STOCK_DAY
2026-06-29,3006,223.5000,228.0000,231.5000,219.0000,6992258,TWSE_STOCK_DAY
2026-06-29,3044,499.5000,509.0000,516.0000,498.0000,4423932,TWSE_STOCK_DAY
2026-06-29,3046,49.9000,50.6000,50.7000,49.6000,207254,TWSE_STOCK_DAY
2026-06-29,3605,78.0000,73.9000,80.6000,73.7000,4664251,TWSE_STOCK_DAY
2026-06-29,3702,104.5000,108.0000,108.0000,103.5000,7796543,TWSE_STOCK_DAY
2026-06-29,6213,344.0000,359.5000,359.5000,335.0000,17126748,TWSE_STOCK_DAY
2026-06-29,6570,49.2500,50.0000,50.4000,49.1500,134000,TPEX_STOCK_DAY
2026-06-29,6603,22.6500,22.9000,23.1000,22.6000,654000,TPEX_STOCK_DAY
2026-06-29,6672,281.5000,290.0000,294.0000,276.0000,6114801,TWSE_STOCK_DAY
2026-06-29,TAIEX,44999.9000,44594.8100,45521.6300,44594.8100,0,TWSE_TAIEX_INDEX
2026-06-30,0050,107.8000,106.8500,108.2500,106.7500,107704452,TWSE_STOCK_DAY
2026-06-30,1590,1335.0000,1335.0000,1385.0000,1335.0000,696510,TWSE_STOCK_DAY
2026-06-30,1709,21.9500,21.5500,22.0000,21.3500,2100472,TWSE_STOCK_DAY
2026-06-30,1714,19.6500,19.6000,19.8000,19.3500,9237747,TWSE_STOCK_DAY
2026-06-30,2030,18.1500,18.6000,18.8500,18.0500,1217868,TWSE_STOCK_DAY
2026-06-30,2059,7360.0000,7325.0000,7425.0000,6950.0000,437370,TWSE_STOCK_DAY
2026-06-30,2103,20.7000,20.6500,20.9000,20.4000,1803886,TWSE_STOCK_DAY
2026-06-30,2301,222.0000,214.5000,224.5000,214.0000,24716021,TWSE_STOCK_DAY
2026-06-30,2354,55.3000,55.5000,55.6000,55.0000,3958894,TWSE_STOCK_DAY
2026-06-30,2395,492.0000,481.0000,495.5000,477.0000,2690380,TWSE_STOCK_DAY
2026-06-30,2397,56.8000,56.0000,57.1000,55.8000,300592,TWSE_STOCK_DAY
2026-06-30,2408,452.5000,465.5000,465.5000,436.0000,109257612,TWSE_STOCK_DAY
2026-06-30,2606,60.3000,60.4000,60.5000,59.8000,2122021,TWSE_STOCK_DAY
2026-06-30,2609,52.0000,51.9000,52.2000,51.5000,13913659,TWSE_STOCK_DAY
2026-06-30,2637,72.6000,72.9000,73.3000,72.2000,1918775,TWSE_STOCK_DAY
2026-06-30,2886,46.1000,46.2000,47.2000,45.4500,71710055,TWSE_STOCK_DAY
2026-06-30,3006,226.0000,227.0000,227.5000,217.5000,8155426,TWSE_STOCK_DAY
2026-06-30,3044,518.0000,512.0000,526.0000,505.0000,4507173,TWSE_STOCK_DAY
2026-06-30,3046,50.9000,50.2000,51.0000,49.9000,190921,TWSE_STOCK_DAY
2026-06-30,3605,77.9000,78.4000,79.5000,77.5000,2419966,TWSE_STOCK_DAY
2026-06-30,3702,107.0000,105.5000,108.5000,105.0000,16931032,TWSE_STOCK_DAY
2026-06-30,6213,370.5000,357.5000,376.0000,353.0000,19133029,TWSE_STOCK_DAY
2026-06-30,6570,50.3000,49.9500,50.6000,49.6500,94000,TPEX_STOCK_DAY
2026-06-30,6603,22.9000,23.1000,23.1000,22.7500,524000,TPEX_STOCK_DAY
2026-06-30,6672,300.0000,289.5000,304.0000,285.5000,5109751,TWSE_STOCK_DAY
2026-06-30,TAIEX,46125.9100,45165.8000,46637.8600,45165.8000,0,TWSE_TAIEX_INDEX
2026-07-01,0050,109.3500,109.8000,109.9500,108.6000,76131395,TWSE_STOCK_DAY
2026-07-01,1590,1375.0000,1350.0000,1395.0000,1350.0000,497457,TWSE_STOCK_DAY
2026-07-01,1709,23.2000,22.2500,23.9000,22.1000,7415448,TWSE_STOCK_DAY
2026-07-01,1714,19.3000,20.0000,20.4000,19.3000,10190175,TWSE_STOCK_DAY
2026-07-01,2030,18.3000,18.1500,18.4000,17.8500,1258112,TWSE_STOCK_DAY
2026-07-01,2059,7655.0000,7395.0000,7875.0000,7300.0000,555290,TWSE_STOCK_DAY
2026-07-01,2103,20.6000,20.9000,21.0500,20.5500,2112008,TWSE_STOCK_DAY
2026-07-01,2301,219.5000,226.0000,229.0000,218.0000,17253308,TWSE_STOCK_DAY
2026-07-01,2354,55.0000,55.9000,56.0000,55.0000,4861019,TWSE_STOCK_DAY
2026-07-01,2395,503.0000,504.0000,507.0000,493.0000,2608894,TWSE_STOCK_DAY
2026-07-01,2397,57.0000,57.4000,57.9000,56.8000,223546,TWSE_STOCK_DAY
2026-07-01,2408,421.0000,455.0000,455.0000,412.0000,101276439,TWSE_STOCK_DAY
2026-07-01,2606,59.5000,60.6000,60.8000,59.3000,3282706,TWSE_STOCK_DAY
2026-07-01,2609,50.7000,52.1000,52.1000,50.6000,16922998,TWSE_STOCK_DAY
2026-07-01,2637,71.4000,73.6000,73.6000,71.0000,2559954,TWSE_STOCK_DAY
2026-07-01,2886,46.1500,46.1500,47.2000,44.7500,108253175,TWSE_STOCK_DAY
2026-07-01,3006,213.0000,226.5000,228.0000,206.0000,10575515,TWSE_STOCK_DAY
2026-07-01,3044,506.0000,534.0000,535.0000,506.0000,5660428,TWSE_STOCK_DAY
2026-07-01,3046,50.9000,50.9000,51.9000,50.9000,191710,TWSE_STOCK_DAY
2026-07-01,3605,85.6000,79.5000,85.6000,78.7000,14473296,TWSE_STOCK_DAY
2026-07-01,3702,110.0000,107.5000,113.0000,105.5000,51228863,TWSE_STOCK_DAY
2026-07-01,6213,360.0000,379.0000,384.0000,348.5000,19931056,TWSE_STOCK_DAY
2026-07-01,6570,50.6000,51.1000,51.5000,50.2000,178000,TPEX_STOCK_DAY
2026-07-01,6603,25.1500,23.0000,25.1500,23.0000,3044000,TPEX_STOCK_DAY
2026-07-01,6672,290.5000,302.5000,330.0000,290.5000,12667207,TWSE_STOCK_DAY
2026-07-01,TAIEX,47018.9900,46234.7000,47293.1000,46234.7000,0,TWSE_TAIEX_INDEX
2026-07-02,0050,108.8000,107.2000,108.9500,106.9000,73421155,TWSE_STOCK_DAY
2026-07-02,1590,1390.0000,1355.0000,1415.0000,1345.0000,715688,TWSE_STOCK_DAY
2026-07-02,1709,23.4000,22.6500,23.4000,22.6000,2892983,TWSE_STOCK_DAY
2026-07-02,1714,20.7000,19.1000,20.7000,19.1000,10325115,TWSE_STOCK_DAY
2026-07-02,2030,18.4500,18.1500,18.4500,18.1000,441827,TWSE_STOCK_DAY
2026-07-02,2059,7880.0000,7375.0000,7880.0000,7375.0000,331055,TWSE_STOCK_DAY
2026-07-02,2103,21.4000,20.4000,21.4000,20.3500,3099843,TWSE_STOCK_DAY
2026-07-02,2301,221.5000,215.0000,222.0000,214.0000,14743371,TWSE_STOCK_DAY
2026-07-02,2354,54.9000,54.0000,55.4000,53.9000,6487729,TWSE_STOCK_DAY
2026-07-02,2395,510.0000,493.5000,511.0000,493.5000,1952536,TWSE_STOCK_DAY
2026-07-02,2397,58.7000,56.5000,58.8000,56.5000,310961,TWSE_STOCK_DAY
2026-07-02,2408,407.0000,386.5000,412.0000,386.5000,64561076,TWSE_STOCK_DAY
2026-07-02,2606,60.0000,59.6000,60.1000,59.2000,2287658,TWSE_STOCK_DAY
2026-07-02,2609,51.0000,51.2000,51.3000,50.5000,10558613,TWSE_STOCK_DAY
2026-07-02,2637,71.7000,71.2000,72.2000,70.8000,1553717,TWSE_STOCK_DAY
2026-07-02,2886,46.0000,45.7000,46.4500,45.4500,61898486,TWSE_STOCK_DAY
2026-07-02,3006,218.0000,205.0000,218.5000,202.0000,6452945,TWSE_STOCK_DAY
2026-07-02,3044,506.0000,501.0000,518.0000,498.5000,6026263,TWSE_STOCK_DAY
2026-07-02,3046,51.6000,50.1000,51.8000,50.1000,150742,TWSE_STOCK_DAY
2026-07-02,3605,90.1000,84.6000,92.0000,83.2000,31356003,TWSE_STOCK_DAY
2026-07-02,3702,108.0000,108.0000,109.0000,106.0000,17598345,TWSE_STOCK_DAY
2026-07-02,6213,358.5000,357.0000,379.5000,353.0000,21159871,TWSE_STOCK_DAY
2026-07-02,6570,54.0000,50.3000,54.5000,50.2000,308000,TPEX_STOCK_DAY
2026-07-02,6603,25.1500,25.1500,25.8500,24.5500,4047000,TPEX_STOCK_DAY
2026-07-02,6672,297.5000,287.5000,300.0000,287.0000,5145546,TWSE_STOCK_DAY
2026-07-02,TAIEX,46744.1600,46833.8900,46910.3100,45981.8900,0,TWSE_TAIEX_INDEX
2026-07-03,0050,108.3500,106.1500,108.8000,106.1000,82436126,TWSE_STOCK_DAY
2026-07-03,1590,1440.0000,1480.0000,1480.0000,1375.0000,886093,TWSE_STOCK_DAY
2026-07-03,1709,23.7000,23.5000,24.4500,23.4000,4690710,TWSE_STOCK_DAY
2026-07-03,1714,22.7500,21.0000,22.7500,21.0000,16799991,TWSE_STOCK_DAY
2026-07-03,2030,19.2500,18.5000,19.2500,18.5000,1583940,TWSE_STOCK_DAY
2026-07-03,2059,8000.0000,7875.0000,8150.0000,7820.0000,393292,TWSE_STOCK_DAY
2026-07-03,2103,23.5000,21.3500,23.5000,21.3500,20839602,TWSE_STOCK_DAY
2026-07-03,2301,219.0000,217.5000,220.5000,213.0000,16966533,TWSE_STOCK_DAY
2026-07-03,2354,55.6000,54.6000,55.8000,54.4000,3148033,TWSE_STOCK_DAY
2026-07-03,2395,521.0000,498.5000,522.0000,498.5000,2059910,TWSE_STOCK_DAY
2026-07-03,2397,61.1000,59.8000,61.9000,59.8000,804471,TWSE_STOCK_DAY
2026-07-03,2408,409.5000,399.0000,419.5000,393.5000,61733558,TWSE_STOCK_DAY
2026-07-03,2606,61.8000,60.1000,62.2000,60.1000,4717022,TWSE_STOCK_DAY
2026-07-03,2609,52.4000,51.2000,53.6000,51.2000,43386845,TWSE_STOCK_DAY
2026-07-03,2637,74.3000,71.7000,74.4000,71.7000,2188340,TWSE_STOCK_DAY
2026-07-03,2886,45.5000,45.4000,46.8000,45.4000,21805961,TWSE_STOCK_DAY
2026-07-03,3006,211.5000,221.5000,223.0000,211.0000,12658927,TWSE_STOCK_DAY
2026-07-03,3044,520.0000,507.0000,520.0000,501.0000,1633507,TWSE_STOCK_DAY
2026-07-03,3046,52.7000,51.4000,52.7000,51.3000,253612,TWSE_STOCK_DAY
2026-07-03,3605,88.2000,90.1000,90.6000,87.8000,7953564,TWSE_STOCK_DAY
2026-07-03,3702,110.0000,107.0000,110.0000,107.0000,7349098,TWSE_STOCK_DAY
2026-07-03,6213,394.0000,348.0000,394.0000,334.0000,30576891,TWSE_STOCK_DAY
2026-07-03,6570,53.8000,53.2000,54.7000,52.8000,228000,TPEX_STOCK_DAY
2026-07-03,6603,25.5000,25.0000,26.0000,25.0000,2681000,TPEX_STOCK_DAY
2026-07-03,6672,315.0000,297.0000,316.5000,293.0000,5750657,TWSE_STOCK_DAY
2026-07-03,TAIEX,46780.6200,46545.1400,46948.8300,45880.6900,0,TWSE_TAIEX_INDEX
2026-07-06,0050,108.2500,109.0500,109.6000,107.7000,75784190,TWSE_STOCK_DAY
2026-07-06,1590,1385.0000,1435.0000,1470.0000,1385.0000,837752,TWSE_STOCK_DAY
2026-07-06,1709,24.8500,24.4500,25.4500,24.1000,5991950,TWSE_STOCK_DAY
2026-07-06,1714,20.9000,25.0000,25.0000,20.5500,141509466,TWSE_STOCK_DAY
2026-07-06,2030,19.2000,19.3500,19.7000,19.0500,1202977,TWSE_STOCK_DAY
2026-07-06,2059,7785.0000,8000.0000,8000.0000,7495.0000,468046,TWSE_STOCK_DAY
2026-07-06,2103,24.2000,25.5000,25.8500,24.0500,29304824,TWSE_STOCK_DAY
2026-07-06,2301,224.0000,224.0000,233.5000,222.0000,25152249,TWSE_STOCK_DAY
2026-07-06,2354,58.4000,58.6000,60.3000,58.2000,16885111,TWSE_STOCK_DAY
2026-07-06,2395,515.0000,523.0000,528.0000,506.0000,1522169,TWSE_STOCK_DAY
2026-07-06,2397,61.0000,61.7000,62.8000,60.8000,560660,TWSE_STOCK_DAY
2026-07-06,2408,420.5000,428.0000,443.0000,420.5000,62093163,TWSE_STOCK_DAY
2026-07-06,2606,62.2000,62.6000,63.2000,62.2000,4387371,TWSE_STOCK_DAY
2026-07-06,2609,53.0000,53.0000,53.6000,52.6000,19345058,TWSE_STOCK_DAY
2026-07-06,2637,78.4000,76.9000,78.9000,76.1000,3836505,TWSE_STOCK_DAY
2026-07-06,2886,46.3000,45.3500,46.6000,45.3500,21312896,TWSE_STOCK_DAY
2026-07-06,3006,219.0000,216.5000,227.0000,216.5000,12356900,TWSE_STOCK_DAY
2026-07-06,3044,506.0000,523.0000,525.0000,502.0000,2738783,TWSE_STOCK_DAY
2026-07-06,3046,53.1000,52.8000,53.4000,52.3000,265496,TWSE_STOCK_DAY
2026-07-06,3605,87.7000,90.3000,91.5000,85.8000,11776420,TWSE_STOCK_DAY
2026-07-06,3702,110.0000,110.0000,112.5000,109.5000,8267854,TWSE_STOCK_DAY
2026-07-06,6213,396.0000,409.5000,411.0000,379.0000,33701683,TWSE_STOCK_DAY
2026-07-06,6570,54.5000,54.1000,56.6000,53.9000,197000,TPEX_STOCK_DAY
2026-07-06,6603,26.8000,25.6500,27.1500,25.6000,4541000,TPEX_STOCK_DAY
2026-07-06,6672,308.0000,317.5000,317.5000,304.5000,4407424,TWSE_STOCK_DAY
2026-07-06,TAIEX,46556.3900,46897.1800,47395.3000,46431.3800,0,TWSE_TAIEX_INDEX
2026-07-07,0050,106.2000,108.5500,109.0500,105.8500,124629074,TWSE_STOCK_DAY
2026-07-07,1590,1380.0000,1385.0000,1410.0000,1370.0000,704730,TWSE_STOCK_DAY
2026-07-07,1709,24.5000,24.3000,25.1500,24.0500,5214689,TWSE_STOCK_DAY
2026-07-07,1714,18.8500,20.6000,21.3000,18.8500,78200115,TWSE_STOCK_DAY
2026-07-07,2030,19.1000,19.2000,19.2000,18.8000,1057337,TWSE_STOCK_DAY
2026-07-07,2059,8260.0000,8560.0000,8560.0000,8200.0000,1077207,TWSE_STOCK_DAY
2026-07-07,2103,24.6500,24.3000,24.9500,24.2000,9764817,TWSE_STOCK_DAY
2026-07-07,2301,213.0000,224.0000,228.0000,212.0000,21217645,TWSE_STOCK_DAY
2026-07-07,2354,56.9000,58.3000,59.1000,56.5000,6452968,TWSE_STOCK_DAY
2026-07-07,2395,496.5000,519.0000,522.0000,493.0000,1854906,TWSE_STOCK_DAY
2026-07-07,2397,60.1000,61.9000,61.9000,59.7000,473842,TWSE_STOCK_DAY
2026-07-07,2408,403.0000,423.0000,437.0000,402.0000,81670310,TWSE_STOCK_DAY
2026-07-07,2606,62.2000,62.8000,62.8000,61.7000,2519995,TWSE_STOCK_DAY
2026-07-07,2609,51.1000,52.1000,52.2000,51.1000,22349000,TWSE_STOCK_DAY
2026-07-07,2637,79.0000,77.8000,79.7000,77.8000,4476071,TWSE_STOCK_DAY
2026-07-07,2886,46.8000,46.2500,47.2000,46.2500,36302702,TWSE_STOCK_DAY
2026-07-07,3006,219.0000,220.5000,232.0000,216.5000,15996495,TWSE_STOCK_DAY
2026-07-07,3044,475.5000,509.0000,509.0000,475.0000,3714404,TWSE_STOCK_DAY
2026-07-07,3046,58.4000,58.3000,58.4000,57.2000,5304630,TWSE_STOCK_DAY
2026-07-07,3605,84.9000,90.0000,95.7000,84.3000,22362302,TWSE_STOCK_DAY
2026-07-07,3702,109.0000,111.5000,112.5000,109.0000,9681413,TWSE_STOCK_DAY
2026-07-07,6213,379.0000,392.0000,424.5000,373.0000,44609506,TWSE_STOCK_DAY
2026-07-07,6570,52.8000,55.1000,55.1000,52.8000,192000,TPEX_STOCK_DAY
2026-07-07,6603,25.8000,26.6000,27.0000,25.6500,2220000,TPEX_STOCK_DAY
2026-07-07,6672,300.0000,315.0000,324.5000,296.0000,7412931,TWSE_STOCK_DAY
2026-07-07,TAIEX,45479.1100,46537.3400,46967.0400,45432.0200,0,TWSE_TAIEX_INDEX
2026-07-08,0050,106.0500,106.4000,106.6000,105.0500,96508356,TWSE_STOCK_DAY
2026-07-08,1590,1345.0000,1400.0000,1410.0000,1340.0000,498313,TWSE_STOCK_DAY
2026-07-08,1709,23.9500,24.5500,24.7500,23.4000,2832241,TWSE_STOCK_DAY
2026-07-08,1714,17.7500,18.5500,19.0500,17.5000,47186816,TWSE_STOCK_DAY
2026-07-08,2030,17.7500,18.8000,19.0000,17.5500,4107101,TWSE_STOCK_DAY
2026-07-08,2059,8095.0000,8415.0000,8440.0000,7850.0000,608167,TWSE_STOCK_DAY
2026-07-08,2103,23.8000,24.7000,24.8500,23.4500,6841219,TWSE_STOCK_DAY
2026-07-08,2301,214.0000,214.0000,217.0000,209.0000,12844269,TWSE_STOCK_DAY
2026-07-08,2354,57.9000,57.2000,57.9000,55.8000,5389820,TWSE_STOCK_DAY
2026-07-08,2395,546.0000,546.0000,546.0000,533.0000,8005111,TWSE_STOCK_DAY
2026-07-08,2397,59.5000,60.8000,60.8000,59.1000,323647,TWSE_STOCK_DAY
2026-07-08,2408,396.0000,414.0000,422.0000,391.0000,62959726,TWSE_STOCK_DAY
2026-07-08,2606,63.0000,62.5000,63.2000,61.7000,3561359,TWSE_STOCK_DAY
2026-07-08,2609,52.3000,51.2000,52.3000,51.2000,14771426,TWSE_STOCK_DAY
2026-07-08,2637,80.0000,79.1000,81.4000,79.1000,4023583,TWSE_STOCK_DAY
2026-07-08,2886,46.8000,46.8000,47.2500,46.5000,21778784,TWSE_STOCK_DAY
2026-07-08,3006,215.5000,219.0000,225.0000,208.5000,11497485,TWSE_STOCK_DAY
2026-07-08,3044,472.0000,476.0000,480.5000,465.0000,3426183,TWSE_STOCK_DAY
2026-07-08,3046,55.0000,55.0000,56.9000,54.4000,2536297,TWSE_STOCK_DAY
2026-07-08,3605,90.8000,89.5000,92.0000,88.5000,15873047,TWSE_STOCK_DAY
2026-07-08,3702,105.5000,109.0000,110.0000,104.5000,6789094,TWSE_STOCK_DAY
2026-07-08,6213,393.5000,390.0000,405.5000,370.0000,35982088,TWSE_STOCK_DAY
2026-07-08,6570,53.0000,53.0000,53.5000,52.1000,133000,TPEX_STOCK_DAY
2026-07-08,6603,25.7000,26.4000,26.5000,25.2000,1266000,TPEX_STOCK_DAY
2026-07-08,6672,306.0000,304.0000,306.0000,290.0000,4768619,TWSE_STOCK_DAY
2026-07-08,TAIEX,45734.4100,45524.6900,45837.1200,45036.6400,0,TWSE_TAIEX_INDEX
2026-07-09,0050,105.8000,106.3500,107.0000,105.4500,56650627,TWSE_STOCK_DAY
2026-07-09,1590,1280.0000,1335.0000,1365.0000,1280.0000,542087,TWSE_STOCK_DAY
2026-07-09,1709,24.4000,23.9500,25.0000,23.5000,3856734,TWSE_STOCK_DAY
2026-07-09,1714,17.2500,17.9000,17.9500,17.1500,22712064,TWSE_STOCK_DAY
2026-07-09,2030,17.8000,17.7500,17.9500,17.6000,647362,TWSE_STOCK_DAY
2026-07-09,2059,8250.0000,8255.0000,8545.0000,8005.0000,684195,TWSE_STOCK_DAY
2026-07-09,2103,23.0500,23.7000,23.7000,22.5000,7574618,TWSE_STOCK_DAY
2026-07-09,2301,213.5000,216.5000,220.0000,212.5000,10363018,TWSE_STOCK_DAY
2026-07-09,2354,57.0000,57.2000,58.0000,56.5000,3706464,TWSE_STOCK_DAY
2026-07-09,2395,540.0000,547.0000,562.0000,537.0000,6782199,TWSE_STOCK_DAY
2026-07-09,2397,58.5000,60.2000,60.2000,58.5000,253153,TWSE_STOCK_DAY
2026-07-09,2408,435.5000,414.0000,435.5000,412.5000,85459123,TWSE_STOCK_DAY
2026-07-09,2606,63.1000,62.8000,63.7000,62.2000,2721051,TWSE_STOCK_DAY
2026-07-09,2609,51.6000,52.5000,52.5000,51.5000,11769457,TWSE_STOCK_DAY
2026-07-09,2637,83.0000,80.0000,83.0000,79.4000,7993726,TWSE_STOCK_DAY
2026-07-09,2886,46.7000,46.8500,47.1500,46.4000,13674110,TWSE_STOCK_DAY
2026-07-09,3006,237.0000,219.0000,237.0000,219.0000,21296640,TWSE_STOCK_DAY
2026-07-09,3044,448.5000,459.0000,464.5000,447.5000,4822272,TWSE_STOCK_DAY
2026-07-09,3046,55.6000,56.4000,57.0000,55.0000,754047,TWSE_STOCK_DAY
2026-07-09,3605,91.2000,95.7000,96.5000,90.2000,27808028,TWSE_STOCK_DAY
2026-07-09,3702,106.5000,106.5000,109.5000,106.5000,6821826,TWSE_STOCK_DAY
2026-07-09,6213,385.0000,395.0000,404.5000,381.5000,29762609,TWSE_STOCK_DAY
2026-07-09,6570,52.8000,53.1000,53.5000,52.5000,100000,TPEX_STOCK_DAY
2026-07-09,6603,25.7000,25.8000,25.8500,25.2000,787000,TPEX_STOCK_DAY
2026-07-09,6672,298.0000,307.0000,309.5000,298.0000,2642578,TWSE_STOCK_DAY
2026-07-09,TAIEX,45354.6100,45805.6200,46064.0600,45352.4100,0,TWSE_TAIEX_INDEX
2026-07-13,0050,106.0000,107.0000,107.5500,105.7000,71523037,TWSE_STOCK_DAY
2026-07-13,1590,1320.0000,1320.0000,1340.0000,1295.0000,523251,TWSE_STOCK_DAY
2026-07-13,1709,26.8000,26.3000,26.8000,25.7000,18769827,TWSE_STOCK_DAY
2026-07-13,1714,16.6500,17.5000,18.2500,16.4500,38965011,TWSE_STOCK_DAY
2026-07-13,2030,17.4000,17.8000,17.9000,17.3000,924925,TWSE_STOCK_DAY
2026-07-13,2059,8080.0000,8210.0000,8340.0000,7850.0000,592920,TWSE_STOCK_DAY
2026-07-13,2103,23.3000,22.9500,23.4000,22.9000,2983938,TWSE_STOCK_DAY
2026-07-13,2301,222.0000,219.0000,232.0000,218.5000,33486483,TWSE_STOCK_DAY
2026-07-13,2354,56.6000,57.2000,57.9000,56.5000,3489999,TWSE_STOCK_DAY
2026-07-13,2395,536.0000,557.0000,593.0000,535.0000,4473042,TWSE_STOCK_DAY
2026-07-13,2397,59.2000,59.2000,60.3000,58.7000,381588,TWSE_STOCK_DAY
2026-07-13,2408,423.0000,466.5000,466.5000,420.5000,130554777,TWSE_STOCK_DAY
2026-07-13,2606,63.9000,63.6000,64.9000,63.2000,4727723,TWSE_STOCK_DAY
2026-07-13,2609,50.1000,51.4000,51.4000,50.1000,34126647,TWSE_STOCK_DAY
2026-07-13,2637,84.7000,83.4000,88.0000,82.5000,6524259,TWSE_STOCK_DAY
2026-07-13,2886,47.0000,46.7000,47.3000,46.5500,26920661,TWSE_STOCK_DAY
2026-07-13,3006,228.0000,238.0000,243.5000,222.5000,20108316,TWSE_STOCK_DAY
2026-07-13,3044,439.0000,455.0000,459.0000,433.5000,3231388,TWSE_STOCK_DAY
2026-07-13,3046,54.3000,56.3000,56.4000,54.2000,569960,TWSE_STOCK_DAY
2026-07-13,3605,89.7000,91.2000,91.8000,88.5000,9829156,TWSE_STOCK_DAY
2026-07-13,3702,117.0000,113.0000,117.0000,113.0000,11343796,TWSE_STOCK_DAY
2026-07-13,6213,359.5000,390.0000,407.5000,357.0000,28776375,TWSE_STOCK_DAY
2026-07-13,6570,49.7000,51.6000,52.5000,49.7000,201000,TPEX_STOCK_DAY
2026-07-13,6603,25.2000,25.7500,26.0000,25.2000,819000,TPEX_STOCK_DAY
2026-07-13,6672,275.0000,300.5000,303.5000,273.0000,3858200,TWSE_STOCK_DAY
2026-07-13,TAIEX,45380.5200,45500.3200,46330.9100,45272.9000,0,TWSE_TAIEX_INDEX
2026-07-14,0050,104.4000,105.5000,105.5000,102.2500,259927533,TWSE_STOCK_DAY
2026-07-14,1590,1290.0000,1330.0000,1330.0000,1245.0000,602120,TWSE_STOCK_DAY
2026-07-14,1709,28.0500,28.3000,28.3000,26.8000,16896206,TWSE_STOCK_DAY
2026-07-14,1714,17.0500,16.4500,17.6000,16.1500,46880061,TWSE_STOCK_DAY
2026-07-14,2030,17.4000,17.3000,17.6500,17.1000,998222,TWSE_STOCK_DAY
2026-07-14,2059,7995.0000,7915.0000,8000.0000,7580.0000,391606,TWSE_STOCK_DAY
2026-07-14,2103,25.0000,23.9000,25.3000,23.5500,15820391,TWSE_STOCK_DAY
2026-07-14,2301,212.5000,221.5000,222.5000,203.5000,24669910,TWSE_STOCK_DAY
2026-07-14,2354,55.7000,57.1000,57.1000,54.5000,4752495,TWSE_STOCK_DAY
2026-07-14,2395,529.0000,552.0000,553.0000,508.0000,2602857,TWSE_STOCK_DAY
2026-07-14,2397,57.4000,59.4000,59.4000,55.9000,681582,TWSE_STOCK_DAY
2026-07-14,2408,448.0000,432.0000,449.0000,415.5000,123272779,TWSE_STOCK_DAY
2026-07-14,2606,62.5000,64.5000,64.5000,61.9000,2821675,TWSE_STOCK_DAY
2026-07-14,2609,48.0000,49.0000,49.4000,47.2500,34992080,TWSE_STOCK_DAY
2026-07-14,2637,83.8000,86.6000,86.6000,81.5000,4025402,TWSE_STOCK_DAY
2026-07-14,2886,47.0000,47.2000,47.2000,46.3500,25592110,TWSE_STOCK_DAY
2026-07-14,3006,217.5000,227.0000,231.0000,205.5000,13473555,TWSE_STOCK_DAY
2026-07-14,3044,421.5000,439.0000,439.0000,402.0000,3886229,TWSE_STOCK_DAY
2026-07-14,3046,53.3000,54.3000,54.6000,52.2000,528968,TWSE_STOCK_DAY
2026-07-14,3605,86.4000,89.4000,89.9000,83.7000,7212934,TWSE_STOCK_DAY
2026-07-14,3702,119.5000,116.5000,119.5000,112.5000,27670977,TWSE_STOCK_DAY
2026-07-14,6213,348.5000,358.0000,365.0000,325.0000,20547661,TWSE_STOCK_DAY
2026-07-14,6570,48.0000,49.7000,49.7000,46.2000,150000,TPEX_STOCK_DAY
2026-07-14,6603,24.6000,25.3000,25.4500,23.5000,1236000,TPEX_STOCK_DAY
2026-07-14,6672,261.5000,276.0000,280.0000,250.5000,3517356,TWSE_STOCK_DAY
2026-07-14,TAIEX,44737.9500,45364.4000,45364.4000,43654.0400,0,TWSE_TAIEX_INDEX
2026-07-15,0050,106.3000,105.3000,106.4500,104.6500,110911495,TWSE_STOCK_DAY
2026-07-15,1590,1365.0000,1295.0000,1380.0000,1270.0000,1023452,TWSE_STOCK_DAY
2026-07-15,1709,27.3500,28.0500,28.1000,25.8500,11058591,TWSE_STOCK_DAY
2026-07-15,1714,16.7000,17.3500,17.3500,16.3000,22596151,TWSE_STOCK_DAY
2026-07-15,2030,17.7500,17.4000,17.8000,17.4000,518607,TWSE_STOCK_DAY
2026-07-15,2059,8500.0000,8050.0000,8660.0000,8005.0000,687030,TWSE_STOCK_DAY
2026-07-15,2103,25.6000,24.0000,25.7000,23.8000,11954004,TWSE_STOCK_DAY
2026-07-15,2301,216.0000,215.5000,221.0000,212.0000,13899015,TWSE_STOCK_DAY
2026-07-15,2354,56.4000,56.1000,56.8000,56.0000,2456252,TWSE_STOCK_DAY
2026-07-15,2395,533.0000,530.0000,539.0000,526.0000,1927304,TWSE_STOCK_DAY
2026-07-15,2397,58.5000,57.5000,59.0000,57.5000,214022,TWSE_STOCK_DAY
2026-07-15,2408,481.0000,460.0000,489.5000,453.5000,158461435,TWSE_STOCK_DAY
2026-07-15,2606,64.2000,62.6000,64.4000,62.5000,3782742,TWSE_STOCK_DAY
2026-07-15,2609,50.2000,48.1000,50.2000,48.1000,20165444,TWSE_STOCK_DAY
2026-07-15,2637,83.9000,84.8000,84.8000,82.9000,2000477,TWSE_STOCK_DAY
2026-07-15,2886,46.0000,46.8500,47.3000,45.8000,26433301,TWSE_STOCK_DAY
2026-07-15,3006,239.0000,225.0000,239.0000,224.5000,12710343,TWSE_STOCK_DAY
2026-07-15,3044,426.0000,428.0000,428.5000,421.0000,2321460,TWSE_STOCK_DAY
2026-07-15,3046,54.7000,53.6000,54.7000,53.5000,246823,TWSE_STOCK_DAY
2026-07-15,3605,85.8000,87.8000,88.4000,85.0000,4263371,TWSE_STOCK_DAY
2026-07-15,3702,116.5000,123.0000,123.0000,115.0000,22451855,TWSE_STOCK_DAY
2026-07-15,6213,335.0000,353.0000,357.0000,332.5000,19317851,TWSE_STOCK_DAY
2026-07-15,6570,49.9000,48.0500,50.6000,46.0500,205000,TPEX_STOCK_DAY
2026-07-15,6603,25.4500,25.2000,25.8000,24.3000,1082000,TPEX_STOCK_DAY
2026-07-15,6672,268.0000,264.0000,268.0000,259.5000,2442974,TWSE_STOCK_DAY
2026-07-15,TAIEX,45631.5900,44850.6900,45881.9100,44850.6900,0,TWSE_TAIEX_INDEX
2026-07-16,0050,106.4000,105.3500,106.7500,104.5500,73088988,TWSE_STOCK_DAY
2026-07-16,1590,1350.0000,1350.0000,1375.0000,1280.0000,786174,TWSE_STOCK_DAY
2026-07-16,1709,27.2000,27.5000,27.8500,26.7000,4905069,TWSE_STOCK_DAY
2026-07-16,1714,16.2000,16.6500,16.7500,16.1000,14351865,TWSE_STOCK_DAY
2026-07-16,2030,17.9000,17.7500,17.9500,17.7000,395473,TWSE_STOCK_DAY
2026-07-16,2059,8655.0000,8410.0000,8900.0000,8295.0000,726234,TWSE_STOCK_DAY
2026-07-16,2103,24.5500,27.6000,27.6000,24.3000,20009859,TWSE_STOCK_DAY
2026-07-16,2301,218.0000,218.0000,222.0000,211.0000,18009278,TWSE_STOCK_DAY
2026-07-16,2354,56.4000,56.1000,56.8000,55.6000,2786519,TWSE_STOCK_DAY
2026-07-16,2395,530.0000,530.0000,531.0000,520.0000,2286309,TWSE_STOCK_DAY
2026-07-16,2397,58.3000,59.3000,59.3000,57.7000,204373,TWSE_STOCK_DAY
2026-07-16,2408,439.0000,463.0000,463.0000,435.5000,85483804,TWSE_STOCK_DAY
2026-07-16,2606,63.6000,64.1000,64.1000,63.2000,2185577,TWSE_STOCK_DAY
2026-07-16,2609,50.2000,49.9000,50.6000,49.8000,10433684,TWSE_STOCK_DAY
2026-07-16,2637,82.5000,84.2000,84.2000,82.1000,1727406,TWSE_STOCK_DAY
2026-07-16,2886,46.6000,46.0000,47.6000,45.9000,37500454,TWSE_STOCK_DAY
2026-07-16,3006,220.0000,233.5000,236.0000,219.0000,14256957,TWSE_STOCK_DAY
2026-07-16,3044,422.0000,427.0000,431.5000,417.5000,4231150,TWSE_STOCK_DAY
2026-07-16,3046,54.2000,53.8000,54.9000,53.7000,246527,TWSE_STOCK_DAY
2026-07-16,3605,84.9000,85.4000,87.3000,84.1000,4101964,TWSE_STOCK_DAY
2026-07-16,3702,113.5000,115.0000,115.5000,112.0000,12335180,TWSE_STOCK_DAY
2026-07-16,6213,325.0000,336.0000,337.0000,321.0000,11244533,TWSE_STOCK_DAY
2026-07-16,6570,49.7000,51.6000,51.6000,48.6000,126000,TPEX_STOCK_DAY
2026-07-16,6603,25.3000,25.4500,25.8500,25.0500,647000,TPEX_STOCK_DAY
2026-07-16,6672,267.5000,263.5000,273.0000,262.5000,1697839,TWSE_STOCK_DAY
2026-07-16,TAIEX,45624.9800,45511.9800,45855.0200,44970.6400,0,TWSE_TAIEX_INDEX
2026-07-17,0050,100.1500,102.9000,103.0500,100.0000,520545951,TWSE_STOCK_DAY
2026-07-17,1590,1265.0000,1330.0000,1335.0000,1245.0000,893126,TWSE_STOCK_DAY
2026-07-17,1709,26.0500,26.7000,27.9000,25.9500,5891152,TWSE_STOCK_DAY
2026-07-17,1714,15.3000,15.8500,15.9500,15.1500,23016457,TWSE_STOCK_DAY
2026-07-17,2030,17.2500,17.6000,17.8000,17.2500,859923,TWSE_STOCK_DAY
2026-07-17,2059,7890.0000,8575.0000,8575.0000,7835.0000,859138,TWSE_STOCK_DAY
2026-07-17,2103,23.5000,24.1000,24.5000,23.3500,8033829,TWSE_STOCK_DAY
2026-07-17,2301,196.5000,209.0000,210.0000,196.5000,28679929,TWSE_STOCK_DAY
2026-07-17,2354,54.0000,55.5000,56.0000,53.8000,7115922,TWSE_STOCK_DAY
2026-07-17,2395,513.0000,518.0000,519.0000,502.0000,2570650,TWSE_STOCK_DAY
2026-07-17,2397,54.8000,57.1000,57.2000,54.7000,723159,TWSE_STOCK_DAY
2026-07-17,2408,395.5000,400.5000,413.5000,395.5000,82626113,TWSE_STOCK_DAY
2026-07-17,2606,60.8000,62.8000,62.9000,60.8000,3654468,TWSE_STOCK_DAY
2026-07-17,2609,49.2000,49.5000,50.3000,49.2000,16323681,TWSE_STOCK_DAY
2026-07-17,2637,79.4000,81.6000,81.9000,79.2000,2795263,TWSE_STOCK_DAY
2026-07-17,2886,47.6000,46.6000,47.6000,46.3000,52531019,TWSE_STOCK_DAY
2026-07-17,3006,198.0000,209.0000,211.0000,198.0000,11459777,TWSE_STOCK_DAY
2026-07-17,3044,397.5000,408.0000,412.0000,394.0000,4152785,TWSE_STOCK_DAY
2026-07-17,3046,52.4000,53.0000,54.1000,52.1000,357480,TWSE_STOCK_DAY
2026-07-17,3605,79.3000,83.0000,84.7000,78.7000,4997023,TWSE_STOCK_DAY
2026-07-17,3702,109.5000,111.5000,113.0000,108.0000,11654119,TWSE_STOCK_DAY
2026-07-17,6213,319.0000,312.5000,336.0000,311.0000,28504801,TWSE_STOCK_DAY
2026-07-17,6570,46.6500,48.2000,48.2500,46.2000,143000,TPEX_STOCK_DAY
2026-07-17,6603,23.6500,24.7000,25.0000,23.3000,1307000,TPEX_STOCK_DAY
2026-07-17,6672,241.0000,255.0000,257.0000,241.0000,3321978,TWSE_STOCK_DAY
2026-07-17,TAIEX,42671.2700,45234.0800,45234.0800,42671.2700,0,TWSE_TAIEX_INDEX
2026-07-20,0050,99.2000,100.2000,100.6000,98.3000,373784717,TWSE_STOCK_DAY
2026-07-20,1590,1335.0000,1290.0000,1380.0000,1250.0000,1342429,TWSE_STOCK_DAY
2026-07-20,1709,26.2000,25.8000,27.0000,25.5500,4381044,TWSE_STOCK_DAY
2026-07-20,1714,15.0000,15.5500,15.6000,14.5000,20737149,TWSE_STOCK_DAY
2026-07-20,2030,17.1500,17.5000,17.5000,16.9000,571089,TWSE_STOCK_DAY
2026-07-20,2059,7750.0000,7970.0000,8090.0000,7610.0000,797667,TWSE_STOCK_DAY
2026-07-20,2103,23.0500,23.4500,23.9000,22.9000,6323933,TWSE_STOCK_DAY
2026-07-20,2301,193.5000,196.0000,200.0000,187.5000,16919854,TWSE_STOCK_DAY
2026-07-20,2354,54.0000,55.0000,55.0000,52.9000,5868971,TWSE_STOCK_DAY
2026-07-20,2395,516.0000,519.0000,521.0000,493.5000,3844639,TWSE_STOCK_DAY
2026-07-20,2397,54.7000,56.2000,56.2000,53.5000,437027,TWSE_STOCK_DAY
2026-07-20,2408,381.0000,396.0000,406.0000,380.5000,73602466,TWSE_STOCK_DAY
2026-07-20,2606,61.6000,61.5000,62.6000,60.5000,3756160,TWSE_STOCK_DAY
2026-07-20,2609,49.0000,49.9000,50.7000,48.9500,17602639,TWSE_STOCK_DAY
2026-07-20,2637,79.1000,77.6000,79.7000,77.6000,1921422,TWSE_STOCK_DAY
2026-07-20,2886,48.2000,47.8000,48.3500,47.3500,45571317,TWSE_STOCK_DAY
2026-07-20,3006,188.5000,196.5000,199.0000,182.5000,8543683,TWSE_STOCK_DAY
2026-07-20,3044,388.0000,399.5000,400.5000,374.0000,2865239,TWSE_STOCK_DAY
2026-07-20,3046,51.9000,52.5000,53.2000,50.9000,295149,TWSE_STOCK_DAY
2026-07-20,3605,76.8000,79.3000,79.3000,72.5000,4664859,TWSE_STOCK_DAY
2026-07-20,3702,106.5000,110.0000,110.0000,105.0000,11591719,TWSE_STOCK_DAY
2026-07-20,6213,322.5000,332.0000,343.0000,312.0000,36321779,TWSE_STOCK_DAY
2026-07-20,6570,47.0500,46.0000,47.2000,45.3500,133000,TPEX_STOCK_DAY
2026-07-20,6603,24.1000,23.6500,24.4000,23.3000,714000,TPEX_STOCK_DAY
2026-07-20,6672,221.5000,235.0000,235.0000,217.0000,3652578,TWSE_STOCK_DAY
2026-07-20,TAIEX,42449.7000,42793.1500,43084.5100,41967.7500,0,TWSE_TAIEX_INDEX
2026-07-21,0050,102.5000,100.0000,102.5000,99.8500,95733411,TWSE_STOCK_DAY
2026-07-21,1590,1360.0000,1305.0000,1370.0000,1305.0000,998071,TWSE_STOCK_DAY
2026-07-21,1709,28.1000,26.4000,28.6000,26.3000,8793226,TWSE_STOCK_DAY
2026-07-21,1714,15.2000,15.5500,15.5500,14.8000,15506768,TWSE_STOCK_DAY
2026-07-21,2030,17.3000,17.3500,17.3500,17.2000,430553,TWSE_STOCK_DAY
2026-07-21,2059,7975.0000,7700.0000,7975.0000,7380.0000,1055807,TWSE_STOCK_DAY
2026-07-21,2103,23.6500,23.1000,23.9000,23.1000,3557069,TWSE_STOCK_DAY
2026-07-21,2301,207.0000,194.0000,207.5000,192.0000,15987001,TWSE_STOCK_DAY
2026-07-21,2354,55.2000,54.5000,55.8000,54.5000,3996790,TWSE_STOCK_DAY
2026-07-21,2395,567.0000,525.0000,567.0000,519.0000,4357157,TWSE_STOCK_DAY
2026-07-21,2397,57.8000,55.0000,58.3000,55.0000,568644,TWSE_STOCK_DAY
2026-07-21,2408,405.0000,392.5000,415.0000,389.0000,70570915,TWSE_STOCK_DAY
2026-07-21,2606,63.0000,61.6000,63.6000,61.6000,5065409,TWSE_STOCK_DAY
2026-07-21,2609,50.9000,49.8000,51.3000,49.7000,27795467,TWSE_STOCK_DAY
2026-07-21,2637,81.1000,79.1000,81.9000,79.0000,1748555,TWSE_STOCK_DAY
2026-07-21,2886,48.6000,48.2000,48.9000,48.0500,31762843,TWSE_STOCK_DAY
2026-07-21,3006,199.5000,192.0000,199.5000,191.0000,6364922,TWSE_STOCK_DAY
2026-07-21,3044,404.5000,396.0000,404.5000,390.0000,2173977,TWSE_STOCK_DAY
2026-07-21,3046,54.7000,51.9000,54.9000,51.9000,339660,TWSE_STOCK_DAY
2026-07-21,3605,84.4000,78.0000,84.4000,76.2000,6731941,TWSE_STOCK_DAY
2026-07-21,3702,111.5000,107.5000,111.5000,107.0000,8032007,TWSE_STOCK_DAY
2026-07-21,6213,354.5000,334.0000,354.5000,334.0000,10434114,TWSE_STOCK_DAY
2026-07-21,6570,49.5000,47.2500,50.0000,47.2500,139000,TPEX_STOCK_DAY
2026-07-21,6603,24.6500,24.6000,25.1000,24.1500,745000,TPEX_STOCK_DAY
2026-07-21,6672,229.5000,227.5000,236.0000,225.0000,4290880,TWSE_STOCK_DAY
2026-07-21,TAIEX,44232.8700,42566.9300,44232.8700,42566.9300,0,TWSE_TAIEX_INDEX
2026-07-22,0050,103.8500,104.5000,104.8000,103.3000,107935092,TWSE_STOCK_DAY
2026-07-22,1590,1430.0000,1440.0000,1460.0000,1410.0000,1060711,TWSE_STOCK_DAY
2026-07-22,1709,27.9000,27.5500,28.3000,27.2500,5226738,TWSE_STOCK_DAY
2026-07-22,1714,15.7000,15.3500,16.1500,15.2500,21638321,TWSE_STOCK_DAY
2026-07-22,2030,17.4000,17.3500,17.5500,17.3000,626359,TWSE_STOCK_DAY
2026-07-22,2059,8125.0000,8370.0000,8495.0000,8060.0000,411091,TWSE_STOCK_DAY
2026-07-22,2103,24.1500,23.3500,24.2000,23.3500,4683612,TWSE_STOCK_DAY
2026-07-22,2301,218.0000,214.0000,221.0000,213.0000,19802445,TWSE_STOCK_DAY
2026-07-22,2354,56.1000,55.6000,56.8000,55.6000,4008916,TWSE_STOCK_DAY
2026-07-22,2395,596.0000,589.0000,618.0000,584.0000,9512024,TWSE_STOCK_DAY
2026-07-22,2397,59.3000,57.8000,60.2000,57.8000,728107,TWSE_STOCK_DAY
2026-07-22,2408,445.5000,435.0000,445.5000,431.5000,63907084,TWSE_STOCK_DAY
2026-07-22,2606,64.1000,63.5000,64.7000,63.4000,4474075,TWSE_STOCK_DAY
2026-07-22,2609,51.4000,51.0000,51.9000,50.7000,17484464,TWSE_STOCK_DAY
2026-07-22,2637,83.6000,82.4000,84.7000,81.9000,3382090,TWSE_STOCK_DAY
2026-07-22,2886,48.2000,47.9000,49.0500,47.6500,24691634,TWSE_STOCK_DAY
2026-07-22,3006,217.5000,209.0000,219.0000,209.0000,10246929,TWSE_STOCK_DAY
2026-07-22,3044,417.5000,415.0000,421.0000,409.0000,3383672,TWSE_STOCK_DAY
2026-07-22,3046,55.5000,55.0000,56.5000,55.0000,636487,TWSE_STOCK_DAY
2026-07-22,3605,92.8000,85.9000,92.8000,85.6000,15920917,TWSE_STOCK_DAY
2026-07-22,3702,118.0000,112.5000,118.0000,112.5000,11894391,TWSE_STOCK_DAY
2026-07-22,6213,367.0000,373.0000,387.5000,363.0000,28213708,TWSE_STOCK_DAY
2026-07-22,6570,52.0000,49.5500,53.9000,49.5000,502000,TPEX_STOCK_DAY
2026-07-22,6603,24.2500,24.8500,25.1000,24.2500,754000,TPEX_STOCK_DAY
2026-07-22,6672,235.0000,240.5000,244.0000,234.0000,4344132,TWSE_STOCK_DAY
2026-07-22,TAIEX,44825.7800,44513.7500,45323.7500,44513.7500,0,TWSE_TAIEX_INDEX
2026-07-23,0050,103.9000,104.2500,104.8000,102.9000,54786484,TWSE_STOCK_DAY
2026-07-23,1590,1405.0000,1425.0000,1430.0000,1360.0000,1002215,TWSE_STOCK_DAY
2026-07-23,1709,27.2000,28.1000,28.5000,27.1000,4659277,TWSE_STOCK_DAY
2026-07-23,1714,15.4500,16.0000,16.1500,15.1000,12564981,TWSE_STOCK_DAY
2026-07-23,2030,17.5000,17.5500,17.7000,17.3500,739330,TWSE_STOCK_DAY
2026-07-23,2059,8200.0000,8300.0000,8350.0000,8005.0000,457766,TWSE_STOCK_DAY
2026-07-23,2103,23.8500,24.0500,24.6000,23.7000,5365978,TWSE_STOCK_DAY
2026-07-23,2301,218.0000,220.5000,228.0000,214.5000,19107524,TWSE_STOCK_DAY
2026-07-23,2354,57.0000,56.6000,57.3000,56.1000,5913466,TWSE_STOCK_DAY
2026-07-23,2395,600.0000,605.0000,607.0000,582.0000,3860896,TWSE_STOCK_DAY
2026-07-23,2397,60.0000,60.4000,60.4000,59.0000,400715,TWSE_STOCK_DAY
2026-07-23,2408,426.0000,452.0000,452.0000,415.0000,89386639,TWSE_STOCK_DAY
2026-07-23,2606,63.2000,64.6000,65.2000,63.1000,3622181,TWSE_STOCK_DAY
2026-07-23,2609,50.5000,51.1000,51.4000,50.3000,12019699,TWSE_STOCK_DAY
2026-07-23,2637,81.3000,83.8000,84.5000,81.1000,2326978,TWSE_STOCK_DAY
2026-07-23,2886,48.1500,48.3500,48.3500,47.6000,26238579,TWSE_STOCK_DAY
2026-07-23,3006,212.5000,216.0000,219.0000,206.0000,7526171,TWSE_STOCK_DAY
2026-07-23,3044,406.0000,415.5000,415.5000,402.0000,3110458,TWSE_STOCK_DAY
2026-07-23,3046,55.9000,56.0000,56.5000,55.0000,509153,TWSE_STOCK_DAY
2026-07-23,3605,94.5000,93.0000,94.5000,90.4000,11384177,TWSE_STOCK_DAY
2026-07-23,3702,121.5000,118.5000,122.0000,116.5000,15129353,TWSE_STOCK_DAY
2026-07-23,6213,343.5000,373.0000,376.0000,330.5000,28202704,TWSE_STOCK_DAY
2026-07-23,6570,51.6000,52.0000,52.5000,50.8000,165000,TPEX_STOCK_DAY
2026-07-23,6603,23.9500,24.5500,24.6500,23.9000,418000,TPEX_STOCK_DAY
2026-07-23,6672,231.0000,237.0000,239.0000,225.0000,2951750,TWSE_STOCK_DAY
2026-07-23,TAIEX,44850.8100,44899.0400,45089.8200,44340.7600,0,TWSE_TAIEX_INDEX
2026-07-24,0050,101.7000,102.5500,103.0500,101.3000,105138918,TWSE_STOCK_DAY
2026-07-24,1590,1425.0000,1430.0000,1455.0000,1400.0000,797628,TWSE_STOCK_DAY
2026-07-24,1709,26.2500,27.2000,28.3000,26.1500,5146809,TWSE_STOCK_DAY
2026-07-24,1714,14.9000,15.3500,15.4500,14.8500,10317224,TWSE_STOCK_DAY
2026-07-24,2030,17.5000,17.5500,17.7500,17.3500,557937,TWSE_STOCK_DAY
2026-07-24,2059,7735.0000,8005.0000,8150.0000,7635.0000,578377,TWSE_STOCK_DAY
2026-07-24,2103,23.3000,23.8500,24.0000,23.0000,5037758,TWSE_STOCK_DAY
2026-07-24,2301,214.5000,214.0000,229.0000,211.5000,15730932,TWSE_STOCK_DAY
2026-07-24,2354,57.1000,56.8000,57.7000,56.3000,4134830,TWSE_STOCK_DAY
2026-07-24,2395,581.0000,585.0000,616.0000,578.0000,4213688,TWSE_STOCK_DAY
2026-07-24,2397,59.2000,59.9000,61.2000,59.0000,520465,TWSE_STOCK_DAY
2026-07-24,2408,401.0000,418.0000,433.5000,401.0000,80045856,TWSE_STOCK_DAY
2026-07-24,2606,64.0000,63.3000,64.1000,63.3000,4457879,TWSE_STOCK_DAY
2026-07-24,2609,51.5000,50.5000,52.0000,50.5000,26921520,TWSE_STOCK_DAY
2026-07-24,2637,83.8000,81.8000,84.3000,81.3000,2950935,TWSE_STOCK_DAY
2026-07-24,2886,48.4500,47.1000,48.7000,47.1000,21752615,TWSE_STOCK_DAY
2026-07-24,3006,206.0000,209.5000,215.5000,204.5000,6809372,TWSE_STOCK_DAY
2026-07-24,3044,393.0000,404.5000,407.0000,390.0000,2056383,TWSE_STOCK_DAY
2026-07-24,3046,55.0000,55.1000,56.4000,54.7000,326550,TWSE_STOCK_DAY
2026-07-24,3605,91.0000,92.0000,95.1000,89.8000,7934533,TWSE_STOCK_DAY
2026-07-24,3702,117.5000,120.5000,121.5000,117.0000,17465328,TWSE_STOCK_DAY
2026-07-24,6213,309.5000,332.0000,337.5000,309.5000,18026212,TWSE_STOCK_DAY
2026-07-24,6570,51.9000,52.1000,53.5000,51.4000,265000,TPEX_STOCK_DAY
2026-07-24,6603,24.1500,24.0000,24.3500,23.7000,422000,TPEX_STOCK_DAY
2026-07-24,6672,224.5000,231.0000,243.5000,224.0000,3611577,TWSE_STOCK_DAY
2026-07-24,TAIEX,43654.8400,44769.3900,44769.3900,43607.4000,0,TWSE_TAIEX_INDEX
2026-07-27,0050,101.4500,101.3000,101.6000,100.0500,109612623,TWSE_STOCK_DAY
2026-07-27,1590,1440.0000,1425.0000,1450.0000,1405.0000,591631,TWSE_STOCK_DAY
2026-07-27,1709,25.9500,26.5500,27.0000,25.7500,2492999,TWSE_STOCK_DAY
2026-07-27,1714,14.4500,14.8000,14.9500,14.0500,16338477,TWSE_STOCK_DAY
2026-07-27,2030,17.3000,17.5000,17.5500,17.2500,462988,TWSE_STOCK_DAY
2026-07-27,2059,8275.0000,7780.0000,8275.0000,7675.0000,531014,TWSE_STOCK_DAY
2026-07-27,2103,22.2000,23.3000,23.3000,22.0000,6211316,TWSE_STOCK_DAY
2026-07-27,2301,212.0000,216.5000,216.5000,204.0000,12834445,TWSE_STOCK_DAY
2026-07-27,2354,56.2000,57.5000,57.5000,55.5000,3710841,TWSE_STOCK_DAY
2026-07-27,2395,577.0000,586.0000,588.0000,557.0000,3909996,TWSE_STOCK_DAY
2026-07-27,2397,57.5000,59.4000,59.4000,56.9000,435058,TWSE_STOCK_DAY
2026-07-27,2408,436.0000,401.5000,440.0000,387.0000,81191012,TWSE_STOCK_DAY
2026-07-27,2606,62.8000,64.3000,64.5000,62.6000,2545361,TWSE_STOCK_DAY
2026-07-27,2609,51.1000,51.0000,51.3000,50.6000,11319191,TWSE_STOCK_DAY
2026-07-27,2637,82.3000,84.5000,84.5000,81.9000,2065864,TWSE_STOCK_DAY
2026-07-27,2886,49.4000,49.0000,49.8000,48.3000,30976732,TWSE_STOCK_DAY
2026-07-27,3006,212.0000,205.0000,212.5000,198.5000,7223711,TWSE_STOCK_DAY
2026-07-27,3044,390.5000,400.0000,400.0000,385.0000,1354486,TWSE_STOCK_DAY
2026-07-27,3046,54.7000,55.4000,55.9000,54.2000,230564,TWSE_STOCK_DAY
2026-07-27,3605,91.0000,90.0000,92.7000,89.6000,5300259,TWSE_STOCK_DAY
2026-07-27,3702,116.0000,118.0000,118.5000,113.5000,5956267,TWSE_STOCK_DAY
2026-07-27,6213,307.0000,300.5000,309.0000,290.0000,14624042,TWSE_STOCK_DAY
2026-07-27,6570,49.8000,50.6000,52.4000,49.4500,126000,TPEX_STOCK_DAY
2026-07-27,6603,25.9000,24.6000,25.9000,24.5000,2849000,TPEX_STOCK_DAY
2026-07-27,6672,221.0000,225.5000,228.0000,217.0000,1749271,TWSE_STOCK_DAY
2026-07-27,TAIEX,43634.1900,43585.9200,43686.1500,42969.4800,0,TWSE_TAIEX_INDEX
2026-07-28,0050,97.1500,98.3500,98.3500,96.9000,469130535,TWSE_STOCK_DAY
2026-07-28,1590,1365.0000,1405.0000,1430.0000,1365.0000,1467855,TWSE_STOCK_DAY
2026-07-28,1709,24.5500,24.6000,25.4000,24.3000,4787316,TWSE_STOCK_DAY
2026-07-28,1714,13.6500,14.2000,14.2000,13.5500,13842768,TWSE_STOCK_DAY
2026-07-28,2030,17.1000,17.2000,17.2500,16.8000,1110639,TWSE_STOCK_DAY
2026-07-28,2059,7450.0000,7715.0000,7820.0000,7450.0000,610643,TWSE_STOCK_DAY
2026-07-28,2103,21.2000,21.8000,21.8000,21.0000,6635220,TWSE_STOCK_DAY
2026-07-28,2301,194.0000,202.0000,202.5000,192.0000,22352564,TWSE_STOCK_DAY
2026-07-28,2354,54.0000,55.4000,55.6000,53.9000,5739623,TWSE_STOCK_DAY
2026-07-28,2395,556.0000,555.0000,570.0000,547.0000,3455170,TWSE_STOCK_DAY
2026-07-28,2397,55.9000,56.1000,56.5000,55.6000,337455,TWSE_STOCK_DAY
2026-07-28,2408,392.5000,392.5000,399.5000,392.5000,60940938,TWSE_STOCK_DAY
2026-07-28,2606,62.1000,62.0000,62.4000,60.8000,3743516,TWSE_STOCK_DAY
2026-07-28,2609,50.7000,50.6000,50.9000,50.1000,13630141,TWSE_STOCK_DAY
2026-07-28,2637,81.9000,81.1000,82.8000,79.8000,2160476,TWSE_STOCK_DAY
2026-07-28,2886,49.4500,49.4000,49.9500,49.1500,36821145,TWSE_STOCK_DAY
2026-07-28,3006,191.0000,196.5000,198.0000,191.0000,6617302,TWSE_STOCK_DAY
2026-07-28,3044,359.5000,377.0000,379.0000,358.5000,2532780,TWSE_STOCK_DAY
2026-07-28,3046,52.9000,54.5000,54.5000,52.4000,274360,TWSE_STOCK_DAY
2026-07-28,3605,84.8000,88.1000,88.6000,83.9000,5535087,TWSE_STOCK_DAY
2026-07-28,3702,110.0000,113.5000,114.0000,109.0000,7135143,TWSE_STOCK_DAY
2026-07-28,6213,276.5000,288.0000,301.0000,276.5000,19040564,TWSE_STOCK_DAY
2026-07-28,6570,47.7500,49.4500,50.3000,47.7500,97000,TPEX_STOCK_DAY
2026-07-28,6603,25.6000,24.9500,25.9000,24.9000,1751000,TPEX_STOCK_DAY
2026-07-28,6672,199.5000,213.0000,213.0000,199.0000,2262010,TWSE_STOCK_DAY
2026-07-28,TAIEX,41603.3600,43221.9300,43221.9300,41565.0000,0,TWSE_TAIEX_INDEX
2026-07-29,0050,93.7000,96.9500,97.0000,91.8000,546282926,TWSE_STOCK_DAY
2026-07-29,1590,1325.0000,1420.0000,1420.0000,1275.0000,1289868,TWSE_STOCK_DAY
2026-07-29,1709,24.0000,24.4500,24.8000,23.5500,3787408,TWSE_STOCK_DAY
2026-07-29,1714,13.2000,13.8500,13.8500,12.8000,17962178,TWSE_STOCK_DAY
2026-07-29,2030,17.0500,17.2500,17.3000,16.6000,1064168,TWSE_STOCK_DAY
2026-07-29,2059,7145.0000,7450.0000,7595.0000,6840.0000,873804,TWSE_STOCK_DAY
2026-07-29,2103,20.6500,21.2000,21.3500,20.1500,8706730,TWSE_STOCK_DAY
2026-07-29,2301,185.0000,194.5000,197.5000,176.5000,26323410,TWSE_STOCK_DAY
2026-07-29,2354,53.0000,54.6000,55.3000,51.2000,8708993,TWSE_STOCK_DAY
2026-07-29,2395,550.0000,549.0000,565.0000,529.0000,5325464,TWSE_STOCK_DAY
2026-07-29,2397,54.0000,56.9000,56.9000,52.5000,785384,TWSE_STOCK_DAY
2026-07-29,2408,353.5000,378.0000,378.0000,353.5000,56513023,TWSE_STOCK_DAY
2026-07-29,2606,61.3000,62.4000,62.5000,60.1000,3628251,TWSE_STOCK_DAY
2026-07-29,2609,50.1000,50.9000,51.6000,49.5000,22690053,TWSE_STOCK_DAY
2026-07-29,2637,80.4000,82.9000,83.4000,77.8000,2586396,TWSE_STOCK_DAY
2026-07-29,2886,49.9000,49.4500,50.5000,49.0500,45186173,TWSE_STOCK_DAY
2026-07-29,3006,172.0000,185.5000,185.5000,172.0000,8852258,TWSE_STOCK_DAY
2026-07-29,3044,339.5000,360.0000,361.0000,327.0000,5677503,TWSE_STOCK_DAY
2026-07-29,3046,51.2000,53.7000,53.7000,50.3000,656652,TWSE_STOCK_DAY
2026-07-29,3605,82.5000,86.0000,87.4000,78.8000,9015616,TWSE_STOCK_DAY
2026-07-29,3702,106.0000,110.5000,110.5000,102.5000,8994110,TWSE_STOCK_DAY
2026-07-29,6213,249.0000,275.0000,277.5000,249.0000,11867324,TWSE_STOCK_DAY
2026-07-29,6570,48.4500,50.6000,50.6000,46.8500,201000,TPEX_STOCK_DAY
2026-07-29,6603,26.2000,25.4500,26.4000,25.2000,3537000,TPEX_STOCK_DAY
2026-07-29,6672,185.5000,204.0000,204.0000,180.0000,3222466,TWSE_STOCK_DAY
2026-07-29,TAIEX,40039.1800,41491.4800,41698.3900,39384.8500,0,TWSE_TAIEX_INDEX
2026-07-30,0050,93.5000,93.4000,96.0000,92.0000,297963128,TWSE_STOCK_DAY
2026-07-30,1590,1340.0000,1360.0000,1405.0000,1315.0000,1253398,TWSE_STOCK_DAY
2026-07-30,1709,22.5500,23.9000,24.0000,22.5500,3087218,TWSE_STOCK_DAY
2026-07-30,1714,12.6000,13.0000,13.2500,12.4500,13790296,TWSE_STOCK_DAY
2026-07-30,2030,16.9500,17.0500,17.1500,16.8000,511051,TWSE_STOCK_DAY
2026-07-30,2059,7140.0000,7035.0000,7410.0000,6840.0000,732344,TWSE_STOCK_DAY
2026-07-30,2103,20.5000,20.6500,21.2500,20.2500,4212198,TWSE_STOCK_DAY
2026-07-30,2301,190.0000,185.0000,198.0000,179.0000,31283657,TWSE_STOCK_DAY
2026-07-30,2354,53.1000,53.6000,54.2000,52.4000,4966572,TWSE_STOCK_DAY
2026-07-30,2395,547.0000,553.0000,555.0000,535.0000,4281013,TWSE_STOCK_DAY
2026-07-30,2397,52.7000,54.0000,54.0000,52.5000,626787,TWSE_STOCK_DAY
2026-07-30,2408,328.0000,325.5000,375.0000,322.0000,120154208,TWSE_STOCK_DAY
2026-07-30,2606,60.7000,61.4000,61.4000,59.9000,4734258,TWSE_STOCK_DAY
2026-07-30,2609,50.0000,50.3000,50.5000,49.5000,13511856,TWSE_STOCK_DAY
2026-07-30,2637,78.1000,80.9000,80.9000,77.7000,1789108,TWSE_STOCK_DAY
2026-07-30,2886,51.5000,50.1000,51.7000,49.4000,46806718,TWSE_STOCK_DAY
2026-07-30,3006,164.0000,166.0000,177.0000,161.0000,11408491,TWSE_STOCK_DAY
2026-07-30,3044,342.0000,345.0000,359.0000,332.0000,2826978,TWSE_STOCK_DAY
2026-07-30,3046,50.9000,50.6000,51.2000,50.3000,367900,TWSE_STOCK_DAY
2026-07-30,3605,78.3000,82.0000,83.4000,77.5000,5477347,TWSE_STOCK_DAY
2026-07-30,3702,105.5000,105.0000,108.0000,102.0000,11099586,TWSE_STOCK_DAY
2026-07-30,6213,239.5000,239.0000,266.0000,237.0000,20665200,TWSE_STOCK_DAY
2026-07-30,6570,47.1000,48.9000,49.5000,46.0000,123000,TPEX_STOCK_DAY
2026-07-30,6603,24.8000,25.5500,26.7000,24.6000,3155000,TPEX_STOCK_DAY
2026-07-30,6672,181.0000,179.5000,193.0000,178.0000,2854432,TWSE_STOCK_DAY
2026-07-30,TAIEX,39933.3000,40048.9400,41155.4200,39404.6500,0,TWSE_TAIEX_INDEX
2026-07-31,0050,102.8500,100.0000,102.8500,99.8000,345660955,TWSE_STOCK_DAY
2026-07-31,1590,1325.0000,1310.0000,1370.0000,1280.0000,2086066,TWSE_STOCK_DAY
2026-07-31,1709,23.1000,23.5000,23.6500,22.7000,2532792,TWSE_STOCK_DAY
2026-07-31,1714,13.0500,13.8500,13.8500,12.7500,14765765,TWSE_STOCK_DAY
2026-07-31,2030,16.8500,17.3000,17.3000,16.8000,693870,TWSE_STOCK_DAY
2026-07-31,2059,7850.0000,7850.0000,7850.0000,7760.0000,232481,TWSE_STOCK_DAY
2026-07-31,2103,21.2500,21.4000,21.6500,20.9000,6066953,TWSE_STOCK_DAY
2026-07-31,2301,209.0000,209.0000,209.0000,209.0000,9460069,TWSE_STOCK_DAY
2026-07-31,2354,56.5000,54.9000,57.1000,54.8000,8130855,TWSE_STOCK_DAY
2026-07-31,2395,563.0000,599.0000,599.0000,549.0000,8004766,TWSE_STOCK_DAY
2026-07-31,2397,53.7000,55.0000,55.7000,53.7000,442872,TWSE_STOCK_DAY
2026-07-31,2408,360.5000,360.5000,360.5000,360.5000,8135174,TWSE_STOCK_DAY
2026-07-31,2606,62.6000,61.7000,62.8000,61.6000,4422576,TWSE_STOCK_DAY
2026-07-31,2609,50.8000,50.5000,51.7000,50.3000,20351433,TWSE_STOCK_DAY
2026-07-31,2637,78.3000,78.6000,81.2000,78.3000,2927276,TWSE_STOCK_DAY
2026-07-31,2886,53.1000,51.5000,53.7000,51.0000,43556932,TWSE_STOCK_DAY
2026-07-31,3006,180.0000,180.0000,180.0000,180.0000,1261112,TWSE_STOCK_DAY
2026-07-31,3044,369.0000,374.0000,374.0000,362.5000,3814394,TWSE_STOCK_DAY
2026-07-31,3046,51.8000,52.0000,52.8000,51.7000,308032,TWSE_STOCK_DAY
2026-07-31,3605,79.0000,84.2000,85.2000,77.5000,10025651,TWSE_STOCK_DAY
2026-07-31,3702,112.5000,110.5000,113.5000,109.5000,12300466,TWSE_STOCK_DAY
2026-07-31,6213,263.0000,263.0000,263.0000,263.0000,2069260,TWSE_STOCK_DAY
2026-07-31,6570,50.5000,51.0000,51.0000,49.1000,88000,TPEX_STOCK_DAY
2026-07-31,6603,26.1500,25.2000,26.4500,25.2000,2753000,TPEX_STOCK_DAY
2026-07-31,6672,198.0000,195.0000,199.0000,191.0000,2172683,TWSE_STOCK_DAY
2026-07-31,TAIEX,43119.7500,41610.4100,43214.3600,41610.4100,0,TWSE_TAIEX_INDEX
2026-08-03,0050,102.0000,102.0000,102.7000,101.0000,169497151,TWSE_STOCK_DAY
2026-08-03,1590,1415.0000,1325.0000,1435.0000,1305.0000,878931,TWSE_STOCK_DAY
2026-08-03,1709,22.9500,23.2000,23.5500,22.7000,1375403,TWSE_STOCK_DAY
2026-08-03,1714,14.3500,13.0500,14.3500,12.9500,18803193,TWSE_STOCK_DAY
2026-08-03,2030,16.9000,16.8500,17.1000,16.7500,545190,TWSE_STOCK_DAY
2026-08-03,2059,8635.0000,8380.0000,8635.0000,8165.0000,613639,TWSE_STOCK_DAY
2026-08-03,2103,21.2000,20.9500,21.3500,20.8000,2432720,TWSE_STOCK_DAY
2026-08-03,2301,229.5000,229.5000,229.5000,229.5000,23312857,TWSE_STOCK_DAY
2026-08-03,2354,56.4000,56.1000,56.9000,55.2000,3351211,TWSE_STOCK_DAY
2026-08-03,2395,576.0000,555.0000,583.0000,540.0000,4389562,TWSE_STOCK_DAY
2026-08-03,2397,55.3000,53.4000,55.7000,53.1000,444134,TWSE_STOCK_DAY
2026-08-03,2408,396.5000,374.5000,396.5000,374.5000,58799561,TWSE_STOCK_DAY
2026-08-03,2606,63.0000,61.8000,63.7000,61.5000,2350228,TWSE_STOCK_DAY
2026-08-03,2609,50.8000,50.3000,51.2000,49.8000,11642637,TWSE_STOCK_DAY
2026-08-03,2637,83.0000,78.5000,83.7000,78.2000,2625989,TWSE_STOCK_DAY
2026-08-03,2886,51.6000,52.3000,52.9000,51.0000,38166294,TWSE_STOCK_DAY
2026-08-03,3006,198.0000,188.5000,198.0000,188.5000,7128493,TWSE_STOCK_DAY
2026-08-03,3044,374.0000,364.0000,379.5000,356.0000,3557410,TWSE_STOCK_DAY
2026-08-03,3046,52.2000,51.8000,53.2000,51.2000,232080,TWSE_STOCK_DAY
2026-08-03,3605,84.2000,78.6000,86.5000,78.1000,5556818,TWSE_STOCK_DAY
2026-08-03,3702,116.0000,111.0000,117.5000,109.0000,6938127,TWSE_STOCK_DAY
2026-08-03,6213,289.0000,289.0000,289.0000,285.0000,8241029,TWSE_STOCK_DAY
2026-08-03,6570,53.7000,51.1000,54.5000,51.0000,352000,TPEX_STOCK_DAY
2026-08-03,6603,26.3000,26.1000,26.5000,25.6500,1315000,TPEX_STOCK_DAY
2026-08-03,6672,211.5000,198.0000,215.0000,196.5000,2828867,TWSE_STOCK_DAY
2026-08-03,6727,336.5000,325.0000,336.5000,316.0000,223000,TPEX_STOCK_DAY
2026-08-03,TAIEX,43386.4100,42780.4200,43784.1900,42780.4200,0,TWSE_TAIEX_INDEX
2026-08-04,0050,100.6500,100.6500,102.2500,99.7500,121774200,TWSE_STOCK_DAY
2026-08-04,1590,1425.0000,1405.0000,1480.0000,1390.0000,986816,TWSE_STOCK_DAY
2026-08-04,1709,25.2000,22.9500,25.2000,22.6500,3901124,TWSE_STOCK_DAY
2026-08-04,1714,14.5500,14.3500,14.5500,13.6500,21367010,TWSE_STOCK_DAY
2026-08-04,2030,17.1000,16.8000,17.1000,16.7500,564296,TWSE_STOCK_DAY
2026-08-04,2059,9495.0000,8720.0000,9495.0000,8720.0000,866327,TWSE_STOCK_DAY
2026-08-04,2103,21.8000,21.0500,21.8500,21.0500,2693149,TWSE_STOCK_DAY
2026-08-04,2301,252.0000,233.5000,252.0000,233.0000,67014546,TWSE_STOCK_DAY
2026-08-04,2354,56.0000,56.3000,56.9000,55.6000,3075309,TWSE_STOCK_DAY
2026-08-04,2395,576.0000,567.0000,588.0000,564.0000,3976598,TWSE_STOCK_DAY
2026-08-04,2397,57.3000,55.3000,57.5000,55.0000,367689,TWSE_STOCK_DAY
2026-08-04,2408,436.0000,400.0000,436.0000,400.0000,119676759,TWSE_STOCK_DAY
2026-08-04,2606,63.4000,63.0000,63.9000,62.5000,2932706,TWSE_STOCK_DAY
2026-08-04,2609,51.0000,50.3000,51.0000,50.3000,10095490,TWSE_STOCK_DAY
2026-08-04,2637,83.9000,81.6000,84.5000,81.2000,3633470,TWSE_STOCK_DAY
2026-08-04,2886,50.7000,50.6000,51.6000,50.5000,35883860,TWSE_STOCK_DAY
2026-08-04,3006,217.5000,207.5000,217.5000,207.5000,16630560,TWSE_STOCK_DAY
2026-08-04,3044,392.0000,375.0000,397.0000,371.0000,3573260,TWSE_STOCK_DAY
2026-08-04,3046,53.2000,52.2000,53.5000,51.9000,181574,TWSE_STOCK_DAY
2026-08-04,3605,92.6000,83.0000,92.6000,82.7000,7975211,TWSE_STOCK_DAY
2026-08-04,3702,117.5000,113.5000,120.5000,113.5000,8678579,TWSE_STOCK_DAY
2026-08-04,6213,310.0000,290.0000,313.0000,289.0000,21166434,TWSE_STOCK_DAY
2026-08-04,6570,54.7000,54.1000,55.0000,52.6000,248000,TPEX_STOCK_DAY
2026-08-04,6603,25.9500,26.3000,26.4500,25.8000,1076000,TPEX_STOCK_DAY
2026-08-04,6672,218.5000,211.0000,221.0000,210.5000,2044862,TWSE_STOCK_DAY
2026-08-04,6727,370.0000,336.5000,370.0000,334.5000,269000,TPEX_STOCK_DAY
2026-08-04,TAIEX,43360.6600,43092.4900,43912.7700,42895.8100,0,TWSE_TAIEX_INDEX
2026-08-05,0050,103.8000,103.7500,104.7500,102.9000,168906182,TWSE_STOCK_DAY
2026-08-05,1590,1510.0000,1455.0000,1535.0000,1445.0000,1270092,TWSE_STOCK_DAY
2026-08-05,1709,26.2000,25.4500,26.8000,25.2000,5363182,TWSE_STOCK_DAY
2026-08-05,1714,14.7500,15.1500,15.3000,14.6000,17469654,TWSE_STOCK_DAY
2026-08-05,2030,17.4000,17.1500,17.4500,17.1000,800231,TWSE_STOCK_DAY
2026-08-05,2059,9470.0000,9500.0000,9575.0000,9275.0000,727099,TWSE_STOCK_DAY
2026-08-05,2103,22.4000,21.9500,22.6000,21.9500,3444507,TWSE_STOCK_DAY
2026-08-05,2301,249.0000,260.0000,268.5000,247.0000,90355678,TWSE_STOCK_DAY
2026-08-05,2354,55.5000,56.8000,57.2000,55.5000,4771508,TWSE_STOCK_DAY
2026-08-05,2395,633.0000,590.0000,633.0000,590.0000,4139154,TWSE_STOCK_DAY
2026-08-05,2397,62.1000,59.4000,63.0000,59.4000,2190472,TWSE_STOCK_DAY
2026-08-05,2408,445.0000,469.0000,470.5000,441.5000,144425745,TWSE_STOCK_DAY
2026-08-05,2606,64.5000,63.8000,65.0000,63.8000,3456327,TWSE_STOCK_DAY
2026-08-05,2609,50.6000,51.2000,51.2000,50.3000,16626510,TWSE_STOCK_DAY
2026-08-05,2637,85.4000,84.4000,87.5000,84.4000,3671853,TWSE_STOCK_DAY
2026-08-05,2886,51.2000,50.7000,51.5000,50.2000,30109399,TWSE_STOCK_DAY
2026-08-05,3006,239.0000,237.5000,239.0000,234.0000,12064027,TWSE_STOCK_DAY
2026-08-05,3044,398.5000,399.0000,409.5000,395.0000,4190490,TWSE_STOCK_DAY
2026-08-05,3046,55.5000,54.4000,56.3000,54.3000,589646,TWSE_STOCK_DAY
2026-08-05,3605,101.5000,93.2000,101.5000,92.0000,23451330,TWSE_STOCK_DAY
2026-08-05,3702,129.0000,119.0000,129.0000,119.0000,17747015,TWSE_STOCK_DAY
2026-08-05,6213,341.0000,324.0000,341.0000,320.5000,26865735,TWSE_STOCK_DAY
2026-08-05,6570,56.9000,54.5000,57.6000,54.5000,524000,TPEX_STOCK_DAY
2026-08-05,6603,26.7500,26.2500,27.2000,26.2000,2714000,TPEX_STOCK_DAY
2026-08-05,6672,221.5000,227.0000,228.0000,221.5000,2656170,TWSE_STOCK_DAY
2026-08-05,6727,407.0000,390.5000,407.0000,386.0000,728000,TPEX_STOCK_DAY
2026-08-05,TAIEX,44611.6000,43809.8300,44980.3100,43809.8300,0,TWSE_TAIEX_INDEX
2026-08-06,0050,103.3000,103.2500,103.7000,102.5500,78928810,TWSE_STOCK_DAY
2026-08-06,1590,1560.0000,1490.0000,1560.0000,1490.0000,886355,TWSE_STOCK_DAY
2026-08-06,1709,27.6500,26.2000,28.3000,25.8000,7615066,TWSE_STOCK_DAY
2026-08-06,1714,16.2000,15.9500,16.2000,15.9000,19116072,TWSE_STOCK_DAY
2026-08-06,2030,17.9500,17.6000,18.0000,17.6000,1308561,TWSE_STOCK_DAY
2026-08-06,2059,10100.0000,9555.0000,10100.0000,9510.0000,698425,TWSE_STOCK_DAY
2026-08-06,2103,22.7500,22.1500,22.8500,22.0500,2525248,TWSE_STOCK_DAY
2026-08-06,2301,252.5000,253.5000,262.0000,249.0000,40398916,TWSE_STOCK_DAY
2026-08-06,2354,61.0000,58.2000,61.0000,57.4000,30110388,TWSE_STOCK_DAY
2026-08-06,2395,622.0000,670.0000,672.0000,614.0000,10832014,TWSE_STOCK_DAY
2026-08-06,2397,61.8000,61.5000,62.6000,60.3000,736429,TWSE_STOCK_DAY
2026-08-06,2408,459.0000,441.0000,462.5000,436.0000,106681466,TWSE_STOCK_DAY
2026-08-06,2606,64.4000,65.2000,65.6000,64.1000,2642998,TWSE_STOCK_DAY
2026-08-06,2609,50.4000,50.4000,50.6000,50.0000,8465358,TWSE_STOCK_DAY
2026-08-06,2637,85.5000,86.2000,86.6000,84.5000,2217627,TWSE_STOCK_DAY
2026-08-06,2886,50.3000,50.5000,51.9000,50.3000,31315601,TWSE_STOCK_DAY
2026-08-06,3006,258.0000,240.0000,258.0000,239.0000,30664323,TWSE_STOCK_DAY
2026-08-06,3044,397.5000,395.0000,405.0000,383.5000,2466063,TWSE_STOCK_DAY
2026-08-06,3046,55.8000,55.6000,57.0000,55.0000,559019,TWSE_STOCK_DAY
2026-08-06,3605,108.0000,102.5000,111.5000,98.0000,22514018,TWSE_STOCK_DAY
2026-08-06,3702,125.5000,126.5000,127.0000,122.5000,15203415,TWSE_STOCK_DAY
2026-08-06,6213,375.0000,341.0000,375.0000,336.5000,30617965,TWSE_STOCK_DAY
2026-08-06,6570,56.8000,56.9000,56.9000,55.6000,182000,TPEX_STOCK_DAY
2026-08-06,6603,25.7500,27.0000,27.1000,25.5500,2093000,TPEX_STOCK_DAY
2026-08-06,6672,232.5000,220.5000,233.0000,216.0000,3201994,TWSE_STOCK_DAY
2026-08-06,6727,400.0000,444.0000,444.0000,388.0000,1176000,TPEX_STOCK_DAY
2026-08-06,TAIEX,44396.7000,44487.9400,44601.2400,44024.3200,0,TWSE_TAIEX_INDEX
2026-08-07,0050,102.8500,103.8000,104.0000,102.0500,69373793,TWSE_STOCK_DAY
2026-08-07,1590,1545.0000,1540.0000,1590.0000,1520.0000,994886,TWSE_STOCK_DAY
2026-08-07,1709,27.8000,27.8000,28.4500,27.3500,4767636,TWSE_STOCK_DAY
2026-08-07,1714,15.7500,17.0000,17.0000,15.5000,47332567,TWSE_STOCK_DAY
2026-08-07,2030,18.6000,18.0000,18.6000,18.0000,1707041,TWSE_STOCK_DAY
2026-08-07,2059,11110.0000,11110.0000,11110.0000,11110.0000,361895,TWSE_STOCK_DAY
2026-08-07,2103,25.0000,25.0000,25.0000,25.0000,4122539,TWSE_STOCK_DAY
2026-08-07,2301,247.0000,256.0000,268.0000,244.0000,33004584,TWSE_STOCK_DAY
2026-08-07,2354,61.8000,62.7000,64.8000,60.8000,81425427,TWSE_STOCK_DAY
2026-08-07,2395,634.0000,621.0000,648.0000,616.0000,6309278,TWSE_STOCK_DAY
2026-08-07,2397,66.2000,62.5000,67.8000,61.7000,1951114,TWSE_STOCK_DAY
2026-08-07,2408,457.0000,456.5000,463.0000,445.0000,70547660,TWSE_STOCK_DAY
2026-08-07,2606,67.5000,64.3000,67.5000,64.1000,8539793,TWSE_STOCK_DAY
2026-08-07,2609,50.5000,50.8000,50.8000,50.0000,9901509,TWSE_STOCK_DAY
2026-08-07,2637,87.9000,85.8000,88.4000,85.3000,3855091,TWSE_STOCK_DAY
2026-08-07,2886,50.9000,51.2000,51.2000,50.4000,22565910,TWSE_STOCK_DAY
2026-08-07,3006,256.5000,255.0000,263.5000,250.5000,19500692,TWSE_STOCK_DAY
2026-08-07,3044,394.0000,401.5000,403.0000,392.5000,2043936,TWSE_STOCK_DAY
2026-08-07,3046,56.7000,56.7000,57.4000,56.0000,759083,TWSE_STOCK_DAY
2026-08-07,3605,107.5000,108.0000,113.0000,104.5000,11193035,TWSE_STOCK_DAY
2026-08-07,3702,122.5000,126.5000,127.0000,121.0000,9985739,TWSE_STOCK_DAY
2026-08-07,6213,389.0000,384.5000,401.0000,366.0000,50764820,TWSE_STOCK_DAY
2026-08-07,6570,57.8000,56.8000,59.4000,56.7000,608000,TPEX_STOCK_DAY
2026-08-07,6603,26.0000,25.7500,26.0000,25.0000,1133000,TPEX_STOCK_DAY
2026-08-07,6672,229.0000,232.5000,233.5000,225.0000,2541547,TWSE_STOCK_DAY
2026-08-07,6727,383.0000,409.5000,409.5000,377.0000,662000,TPEX_STOCK_DAY
2026-08-07,TAIEX,44225.9100,44450.1900,44827.1300,43941.5600,0,TWSE_TAIEX_INDEX
2026-08-10,0050,104.2500,103.9000,104.7500,103.5000,82086387,TWSE_STOCK_DAY
2026-08-10,1590,1570.0000,1510.0000,1590.0000,1465.0000,1353535,TWSE_STOCK_DAY
2026-08-10,1709,27.3000,28.3000,28.5500,27.0000,5150246,TWSE_STOCK_DAY
2026-08-10,1714,16.6500,16.0000,17.2500,15.9500,35835088,TWSE_STOCK_DAY
2026-08-10,2030,20.4500,20.4500,20.4500,20.1500,8910591,TWSE_STOCK_DAY
2026-08-10,2059,11905.0000,12220.0000,12220.0000,11590.0000,1016839,TWSE_STOCK_DAY
2026-08-10,2103,27.5000,27.3000,27.5000,26.8000,24706261,TWSE_STOCK_DAY
2026-08-10,2301,271.5000,256.5000,271.5000,255.0000,26110081,TWSE_STOCK_DAY
2026-08-10,2354,63.1000,62.4000,65.2000,61.8000,37584609,TWSE_STOCK_DAY
2026-08-10,2395,667.0000,648.0000,695.0000,648.0000,7375844,TWSE_STOCK_DAY
2026-08-10,2397,68.0000,67.0000,68.0000,65.1000,2548325,TWSE_STOCK_DAY
2026-08-10,2408,502.0000,473.0000,502.0000,473.0000,102644584,TWSE_STOCK_DAY
2026-08-10,2606,66.8000,66.7000,67.2000,65.8000,3574771,TWSE_STOCK_DAY
2026-08-10,2609,51.6000,50.8000,51.8000,50.5000,23675162,TWSE_STOCK_DAY
2026-08-10,2637,88.1000,88.3000,88.7000,87.2000,2143215,TWSE_STOCK_DAY
2026-08-10,2886,51.0000,51.9000,51.9000,50.2000,23274176,TWSE_STOCK_DAY
2026-08-10,3006,275.5000,275.5000,281.5000,265.0000,23057646,TWSE_STOCK_DAY
2026-08-10,3044,401.5000,396.5000,410.5000,396.5000,2116540,TWSE_STOCK_DAY
2026-08-10,3046,59.1000,57.7000,60.0000,57.1000,1053700,TWSE_STOCK_DAY
2026-08-10,3605,109.0000,108.5000,110.5000,103.0000,9989806,TWSE_STOCK_DAY
2026-08-10,3702,130.0000,123.0000,130.5000,123.0000,11702194,TWSE_STOCK_DAY
2026-08-10,6213,427.5000,424.0000,427.5000,422.0000,20055590,TWSE_STOCK_DAY
2026-08-10,6570,57.3000,58.6000,58.9000,57.0000,719000,TPEX_STOCK_DAY
2026-08-10,6603,26.8500,26.3500,27.2000,26.3500,2801000,TPEX_STOCK_DAY
2026-08-10,6672,251.5000,251.5000,251.5000,243.0000,6389874,TWSE_STOCK_DAY
2026-08-10,6727,388.0000,399.5000,406.5000,388.0000,700000,TPEX_STOCK_DAY
2026-08-10,TAIEX,44928.7600,44540.7100,45219.4000,44540.7100,0,TWSE_TAIEX_INDEX
2026-08-11,0050,104.6000,104.0500,104.8500,103.4000,69314252,TWSE_STOCK_DAY
2026-08-11,1590,1560.0000,1565.0000,1575.0000,1510.0000,765739,TWSE_STOCK_DAY
2026-08-11,1709,27.4000,26.7500,27.7000,26.2000,4292157,TWSE_STOCK_DAY
2026-08-11,1714,16.6500,16.4500,17.2000,16.2500,23078549,TWSE_STOCK_DAY
2026-08-11,2030,21.1500,21.4000,21.9000,20.6500,8714886,TWSE_STOCK_DAY
2026-08-11,2059,12315.0000,11700.0000,12540.0000,11615.0000,478258,TWSE_STOCK_DAY
2026-08-11,2103,28.6500,27.8000,28.9500,27.5000,38321753,TWSE_STOCK_DAY
2026-08-11,2301,268.5000,274.0000,277.5000,258.5000,48867762,TWSE_STOCK_DAY
2026-08-11,2354,62.7000,63.1000,63.9000,61.7000,17068770,TWSE_STOCK_DAY
2026-08-11,2395,661.0000,660.0000,672.0000,644.0000,4204762,TWSE_STOCK_DAY
2026-08-11,2397,67.7000,67.1000,67.8000,64.3000,1934435,TWSE_STOCK_DAY
2026-08-11,2408,489.0000,491.5000,500.0000,474.0000,114281944,TWSE_STOCK_DAY
2026-08-11,2606,66.4000,66.6000,66.9000,65.6000,2754625,TWSE_STOCK_DAY
2026-08-11,2609,52.0000,51.8000,52.2000,51.3000,22775772,TWSE_STOCK_DAY
2026-08-11,2637,87.3000,87.4000,87.9000,86.6000,1573913,TWSE_STOCK_DAY
2026-08-11,2886,49.4000,50.7000,50.9000,49.3500,32199270,TWSE_STOCK_DAY
2026-08-11,3006,267.5000,274.0000,274.0000,264.0000,5554864,TWSE_STOCK_DAY
2026-08-11,3044,441.5000,441.5000,441.5000,430.0000,8896410,TWSE_STOCK_DAY
2026-08-11,3046,60.3000,60.4000,61.6000,59.3000,1552426,TWSE_STOCK_DAY
2026-08-11,3605,111.0000,111.5000,119.5000,109.5000,15655243,TWSE_STOCK_DAY
2026-08-11,3702,125.5000,126.0000,128.0000,121.0000,12205592,TWSE_STOCK_DAY
2026-08-11,6213,452.0000,427.5000,452.0000,395.5000,16717332,TWSE_STOCK_DAY
2026-08-11,6570,57.0000,57.8000,57.9000,56.1000,408000,TPEX_STOCK_DAY
2026-08-11,6603,26.9000,26.8500,27.3000,26.1000,1809000,TPEX_STOCK_DAY
2026-08-11,6672,257.0000,251.5000,262.0000,247.0000,6965524,TWSE_STOCK_DAY
2026-08-11,6727,390.5000,388.5000,402.5000,381.5000,579000,TPEX_STOCK_DAY
2026-08-11,TAIEX,45120.7200,44883.9000,45195.4100,44652.0600,0,TWSE_TAIEX_INDEX
2026-08-12,0050,105.2000,105.0000,105.2500,104.4500,64991356,TWSE_STOCK_DAY
2026-08-12,1590,1595.0000,1530.0000,1615.0000,1530.0000,702341,TWSE_STOCK_DAY
2026-08-12,1709,28.0000,27.4500,28.3000,27.0500,5162239,TWSE_STOCK_DAY
2026-08-12,1714,17.4000,16.6500,17.5000,16.6500,24787527,TWSE_STOCK_DAY
2026-08-12,2030,21.5500,21.1500,21.6000,20.5500,5350495,TWSE_STOCK_DAY
2026-08-12,2059,12045.0000,12250.0000,12295.0000,11790.0000,350021,TWSE_STOCK_DAY
2026-08-12,2103,27.3500,28.2500,28.3500,27.2500,16248653,TWSE_STOCK_DAY
2026-08-12,2301,259.5000,267.0000,267.0000,254.0000,36948145,TWSE_STOCK_DAY
2026-08-12,2354,63.0000,63.1000,64.6000,62.8000,16667293,TWSE_STOCK_DAY
2026-08-12,2395,686.0000,672.0000,699.0000,667.0000,6001172,TWSE_STOCK_DAY
2026-08-12,2397,66.7000,67.3000,68.1000,66.4000,1082161,TWSE_STOCK_DAY
2026-08-12,2408,482.5000,497.0000,511.0000,480.5000,93648951,TWSE_STOCK_DAY
2026-08-12,2606,67.4000,67.9000,68.4000,66.8000,3844315,TWSE_STOCK_DAY
2026-08-12,2609,51.7000,52.0000,52.1000,51.3000,10408883,TWSE_STOCK_DAY
2026-08-12,2637,88.0000,87.3000,88.8000,86.8000,1487773,TWSE_STOCK_DAY
2026-08-12,2886,48.7000,49.4000,49.4500,48.5500,31601725,TWSE_STOCK_DAY
2026-08-12,3006,274.0000,275.5000,279.0000,269.0000,3672397,TWSE_STOCK_DAY
2026-08-12,3044,485.5000,485.5000,485.5000,485.5000,2995810,TWSE_STOCK_DAY
2026-08-12,3046,62.3000,61.7000,62.4000,61.0000,1106823,TWSE_STOCK_DAY
2026-08-12,3605,120.0000,111.0000,120.0000,111.0000,8422797,TWSE_STOCK_DAY
2026-08-12,3702,122.5000,125.0000,125.5000,121.0000,14569285,TWSE_STOCK_DAY
2026-08-12,6213,464.0000,459.0000,475.0000,451.5000,8182733,TWSE_STOCK_DAY
2026-08-12,6570,57.3000,57.2000,57.6000,56.4000,202000,TPEX_STOCK_DAY
2026-08-12,6603,27.7000,27.3000,29.4000,27.3000,6410000,TPEX_STOCK_DAY
2026-08-12,6672,268.0000,252.5000,270.0000,252.0000,5359256,TWSE_STOCK_DAY
2026-08-12,6727,395.0000,388.0000,408.0000,388.0000,675000,TPEX_STOCK_DAY
2026-08-12,TAIEX,45518.0700,45175.7000,45529.4800,45175.7000,0,TWSE_TAIEX_INDEX
2026-08-13,0050,106.7000,106.5500,107.0000,106.1500,89418262,TWSE_STOCK_DAY
2026-08-13,1590,1470.0000,1590.0000,1595.0000,1455.0000,1482524,TWSE_STOCK_DAY
2026-08-13,1709,30.6500,28.5000,30.8000,28.1500,24724371,TWSE_STOCK_DAY
2026-08-13,1714,16.7000,17.4000,17.5500,16.5500,28694877,TWSE_STOCK_DAY
2026-08-13,2030,21.7500,21.5000,21.8000,20.9500,3703486,TWSE_STOCK_DAY
2026-08-13,2059,12235.0000,12235.0000,12500.0000,11840.0000,290290,TWSE_STOCK_DAY
2026-08-13,2103,28.1000,27.5500,28.2000,26.9000,11391365,TWSE_STOCK_DAY
2026-08-13,2301,269.5000,268.0000,281.0000,266.5000,38024099,TWSE_STOCK_DAY
2026-08-13,2354,62.8000,63.6000,63.8000,61.9000,17027257,TWSE_STOCK_DAY
2026-08-13,2395,698.0000,695.0000,709.0000,690.0000,4155071,TWSE_STOCK_DAY
2026-08-13,2397,65.9000,67.2000,67.5000,65.8000,589866,TWSE_STOCK_DAY
2026-08-13,2408,514.0000,497.0000,530.0000,490.0000,128574672,TWSE_STOCK_DAY
2026-08-13,2606,65.5000,68.0000,68.0000,65.1000,3673100,TWSE_STOCK_DAY
2026-08-13,2609,51.4000,51.9000,52.0000,50.9000,17291845,TWSE_STOCK_DAY
2026-08-13,2637,85.2000,88.3000,88.3000,85.2000,1692435,TWSE_STOCK_DAY
2026-08-13,2886,45.8500,46.9000,46.9000,44.9500,71796604,TWSE_STOCK_DAY
2026-08-13,3006,277.5000,285.5000,285.5000,272.5000,4100339,TWSE_STOCK_DAY
2026-08-13,3044,495.0000,502.0000,524.0000,485.5000,14144741,TWSE_STOCK_DAY
2026-08-13,3046,61.0000,62.3000,63.0000,60.3000,994061,TWSE_STOCK_DAY
2026-08-13,3605,132.0000,124.5000,132.0000,123.0000,13830861,TWSE_STOCK_DAY
2026-08-13,3702,123.5000,122.5000,125.0000,120.5000,10898881,TWSE_STOCK_DAY
2026-08-13,6213,469.0000,469.0000,470.0000,448.0000,7014384,TWSE_STOCK_DAY
2026-08-13,6570,57.3000,57.3000,57.9000,56.7000,214000,TPEX_STOCK_DAY
2026-08-13,6603,28.8500,28.3500,29.3000,28.0000,4863000,TPEX_STOCK_DAY
2026-08-13,6672,264.5000,269.5000,272.5000,260.0000,4550996,TWSE_STOCK_DAY
2026-08-13,6727,393.0000,408.0000,408.0000,390.0000,670000,TPEX_STOCK_DAY
2026-08-13,TAIEX,46021.4800,45676.5400,46216.4100,45676.5400,0,TWSE_TAIEX_INDEX
2026-08-14,0050,106.4000,107.1000,107.5000,106.0500,81955573,TWSE_STOCK_DAY
2026-08-14,1590,1460.0000,1495.0000,1510.0000,1440.0000,971933,TWSE_STOCK_DAY
2026-08-14,1709,30.3500,29.9000,32.2000,29.5000,13482409,TWSE_STOCK_DAY
2026-08-14,1714,16.4000,16.7000,17.1000,16.2500,17141341,TWSE_STOCK_DAY
2026-08-14,2030,20.5500,21.1500,21.3500,20.4500,4111225,TWSE_STOCK_DAY
2026-08-14,2059,12500.0000,12010.0000,12670.0000,12010.0000,234633,TWSE_STOCK_DAY
2026-08-14,2103,26.8500,28.1500,28.2000,26.8000,9188272,TWSE_STOCK_DAY
2026-08-14,2301,267.0000,274.5000,278.0000,261.0000,21538576,TWSE_STOCK_DAY
2026-08-14,2354,62.5000,62.8000,63.4000,62.0000,9925314,TWSE_STOCK_DAY
2026-08-14,2395,683.0000,690.0000,699.0000,676.0000,3683416,TWSE_STOCK_DAY
2026-08-14,2397,65.8000,66.1000,66.6000,64.7000,552317,TWSE_STOCK_DAY
2026-08-14,2408,512.0000,532.0000,542.0000,501.0000,104565253,TWSE_STOCK_DAY
2026-08-14,2606,66.3000,65.4000,66.3000,64.6000,2894542,TWSE_STOCK_DAY
2026-08-14,2609,51.6000,51.5000,51.9000,50.7000,21723431,TWSE_STOCK_DAY
2026-08-14,2637,85.7000,85.1000,86.2000,83.9000,1796802,TWSE_STOCK_DAY
2026-08-14,2886,47.3500,45.8500,47.5000,45.7000,50705240,TWSE_STOCK_DAY
2026-08-14,3006,273.5000,282.0000,282.0000,269.5000,4090124,TWSE_STOCK_DAY
2026-08-14,3044,488.0000,492.0000,505.0000,486.0000,5439626,TWSE_STOCK_DAY
2026-08-14,3046,59.8000,61.8000,61.8000,59.4000,561739,TWSE_STOCK_DAY
2026-08-14,3605,131.5000,134.0000,137.5000,128.0000,18819544,TWSE_STOCK_DAY
2026-08-14,3702,115.0000,124.5000,124.5000,115.0000,12191511,TWSE_STOCK_DAY
2026-08-14,6213,480.0000,463.0000,490.0000,462.0000,3959731,TWSE_STOCK_DAY
2026-08-14,6570,55.4000,56.5000,56.5000,54.7000,229000,TPEX_STOCK_DAY
2026-08-14,6603,28.0000,29.5000,29.5000,28.0000,2595000,TPEX_STOCK_DAY
2026-08-14,6672,270.0000,264.5000,284.5000,258.5000,6294536,TWSE_STOCK_DAY
2026-08-14,6727,432.0000,396.0000,432.0000,382.0000,1947000,TPEX_STOCK_DAY
2026-08-14,TAIEX,45811.0100,46103.8100,46402.6000,45798.3100,0,TWSE_TAIEX_INDEX
2026-08-17,0050,106.4500,106.4000,106.9500,106.0000,58016480,TWSE_STOCK_DAY
2026-08-17,1590,1465.0000,1440.0000,1480.0000,1440.0000,326380,TWSE_STOCK_DAY
2026-08-17,1709,32.7500,30.9000,33.3500,30.5500,13746538,TWSE_STOCK_DAY
2026-08-17,1714,17.1500,16.7500,17.5000,16.5000,24001086,TWSE_STOCK_DAY
2026-08-17,2030,20.5500,20.5500,21.0000,20.5000,2301456,TWSE_STOCK_DAY
2026-08-17,2059,13750.0000,13750.0000,13750.0000,13750.0000,244289,TWSE_STOCK_DAY
2026-08-17,2103,27.5000,26.8000,27.9500,26.8000,5406064,TWSE_STOCK_DAY
2026-08-17,2301,263.5000,277.0000,286.5000,263.5000,23037749,TWSE_STOCK_DAY
2026-08-17,2354,61.7000,62.6000,62.8000,61.6000,5633283,TWSE_STOCK_DAY
2026-08-17,2395,674.0000,659.0000,686.0000,657.0000,3492618,TWSE_STOCK_DAY
2026-08-17,2397,65.8000,65.8000,67.2000,65.2000,607186,TWSE_STOCK_DAY
2026-08-17,2408,524.0000,520.0000,535.0000,513.0000,62243632,TWSE_STOCK_DAY
2026-08-17,2606,68.3000,66.7000,68.7000,66.3000,5088669,TWSE_STOCK_DAY
2026-08-17,2609,54.7000,51.7000,54.8000,51.7000,97224950,TWSE_STOCK_DAY
2026-08-17,2637,87.0000,85.5000,87.1000,85.5000,1359134,TWSE_STOCK_DAY
2026-08-17,2886,46.6000,47.0000,47.0500,45.6000,53106734,TWSE_STOCK_DAY
2026-08-17,3006,273.0000,274.0000,275.5000,266.5000,3643620,TWSE_STOCK_DAY
2026-08-17,3044,483.0000,481.0000,491.0000,480.0000,2654773,TWSE_STOCK_DAY
2026-08-17,3046,62.0000,60.0000,62.0000,59.1000,1042251,TWSE_STOCK_DAY
2026-08-17,3605,131.5000,131.5000,136.5000,128.0000,7347466,TWSE_STOCK_DAY
2026-08-17,3702,111.0000,114.5000,116.0000,109.5000,11002940,TWSE_STOCK_DAY
2026-08-17,6213,481.0000,475.5000,491.5000,466.0000,2341561,TWSE_STOCK_DAY
2026-08-17,6570,55.5000,55.4000,56.9000,55.4000,111000,TPEX_STOCK_DAY
2026-08-17,6603,29.9500,28.3000,30.5000,28.2500,5146000,TPEX_STOCK_DAY
2026-08-17,6672,283.0000,271.0000,288.0000,266.0000,5150608,TWSE_STOCK_DAY
2026-08-17,6727,475.0000,440.0000,475.0000,430.0000,3469000,TPEX_STOCK_DAY
2026-08-17,TAIEX,45857.2700,45841.1700,46189.3000,45765.0700,0,TWSE_TAIEX_INDEX
2026-08-18,0050,104.9000,106.4500,106.4500,104.8500,66471402,TWSE_STOCK_DAY
2026-08-18,1590,1480.0000,1480.0000,1515.0000,1465.0000,639957,TWSE_STOCK_DAY
2026-08-18,1709,32.7000,32.5500,33.2500,30.9500,7855737,TWSE_STOCK_DAY
2026-08-18,1714,16.9000,17.2000,17.3000,16.5500,13519524,TWSE_STOCK_DAY
2026-08-18,2030,20.8500,21.0000,21.3000,20.7000,3118455,TWSE_STOCK_DAY
2026-08-18,2059,14370.0000,14105.0000,15085.0000,13965.0000,1536780,TWSE_STOCK_DAY
2026-08-18,2103,27.8500,27.5000,28.0000,27.2500,5082989,TWSE_STOCK_DAY
2026-08-18,2301,273.5000,266.0000,279.5000,265.0000,40919145,TWSE_STOCK_DAY
2026-08-18,2354,59.9000,61.5000,61.5000,59.6000,8098369,TWSE_STOCK_DAY
2026-08-18,2395,679.0000,674.0000,682.0000,666.0000,3694654,TWSE_STOCK_DAY
2026-08-18,2397,63.9000,65.8000,66.3000,63.5000,807373,TWSE_STOCK_DAY
2026-08-18,2408,515.0000,540.0000,553.0000,511.0000,85565761,TWSE_STOCK_DAY
2026-08-18,2606,69.0000,68.4000,69.9000,68.0000,6005637,TWSE_STOCK_DAY
2026-08-18,2609,56.2000,55.1000,57.2000,54.6000,86793977,TWSE_STOCK_DAY
2026-08-18,2637,88.7000,87.0000,88.8000,86.9000,3140972,TWSE_STOCK_DAY
2026-08-18,2886,46.9000,46.8500,47.3000,46.1500,41758491,TWSE_STOCK_DAY
2026-08-18,3006,248.0000,278.0000,279.0000,246.5000,15822266,TWSE_STOCK_DAY
2026-08-18,3044,488.5000,493.0000,502.0000,482.0000,3068950,TWSE_STOCK_DAY
2026-08-18,3046,59.0000,62.0000,62.4000,58.2000,913965,TWSE_STOCK_DAY
2026-08-18,3605,121.0000,133.0000,133.0000,119.0000,11788125,TWSE_STOCK_DAY
2026-08-18,3702,106.5000,110.5000,111.0000,106.0000,10734022,TWSE_STOCK_DAY
2026-08-18,6213,488.0000,486.0000,500.0000,477.0000,3600293,TWSE_STOCK_DAY
2026-08-18,6570,55.2000,55.6000,55.6000,54.3000,85000,TPEX_STOCK_DAY
2026-08-18,6603,27.9500,29.9000,30.2500,27.9000,4141000,TPEX_STOCK_DAY
2026-08-18,6672,288.0000,283.0000,295.0000,277.5000,8355505,TWSE_STOCK_DAY
2026-08-18,6727,441.5000,472.0000,481.0000,438.0000,1960000,TPEX_STOCK_DAY
2026-08-18,TAIEX,45308.6800,45922.4000,46064.0900,45225.4200,0,TWSE_TAIEX_INDEX
2026-08-19,0050,103.1000,103.0500,103.8500,102.7000,100818593,TWSE_STOCK_DAY
2026-08-19,1590,1455.0000,1435.0000,1460.0000,1425.0000,555093,TWSE_STOCK_DAY
2026-08-19,1709,32.5500,32.0000,33.8500,31.8500,6445461,TWSE_STOCK_DAY
2026-08-19,1714,16.7500,16.6500,16.9500,16.5500,7761869,TWSE_STOCK_DAY
2026-08-19,2030,21.5000,20.6500,21.5000,20.5500,3136619,TWSE_STOCK_DAY
2026-08-19,2059,14095.0000,13895.0000,14500.0000,13895.0000,526139,TWSE_STOCK_DAY
2026-08-19,2103,27.2500,27.5000,27.7500,26.8000,8185141,TWSE_STOCK_DAY
2026-08-19,2301,273.5000,268.0000,282.0000,265.0000,35191145,TWSE_STOCK_DAY
2026-08-19,2354,60.8000,59.5000,61.5000,58.8000,7265810,TWSE_STOCK_DAY
2026-08-19,2395,694.0000,674.0000,704.0000,667.0000,4739840,TWSE_STOCK_DAY
2026-08-19,2397,64.9000,63.2000,65.5000,62.8000,367239,TWSE_STOCK_DAY
2026-08-19,2408,481.0000,489.0000,494.5000,480.0000,69157927,TWSE_STOCK_DAY
2026-08-19,2606,69.5000,68.6000,69.9000,68.0000,5172015,TWSE_STOCK_DAY
2026-08-19,2609,59.0000,55.6000,59.0000,54.9000,114832016,TWSE_STOCK_DAY
2026-08-19,2637,91.8000,88.9000,92.2000,87.6000,11208949,TWSE_STOCK_DAY
2026-08-19,2886,47.0500,46.9000,47.0500,46.3000,25322496,TWSE_STOCK_DAY
2026-08-19,3006,245.5000,240.0000,246.5000,236.0000,9106315,TWSE_STOCK_DAY
2026-08-19,3044,480.5000,474.5000,501.0000,468.0000,4782368,TWSE_STOCK_DAY
2026-08-19,3046,58.7000,58.0000,58.8000,57.7000,257363,TWSE_STOCK_DAY
2026-08-19,3605,119.0000,120.0000,122.5000,116.5000,6294199,TWSE_STOCK_DAY
2026-08-19,3702,106.5000,106.0000,107.5000,103.0000,18979455,TWSE_STOCK_DAY
2026-08-19,6213,484.0000,466.5000,500.0000,466.5000,3111366,TWSE_STOCK_DAY
2026-08-19,6570,55.1000,54.1000,55.5000,54.0000,71000,TPEX_STOCK_DAY
2026-08-19,6603,27.1000,27.1000,28.0500,27.0000,1715000,TPEX_STOCK_DAY
2026-08-19,6672,284.0000,280.0000,293.0000,280.0000,7856786,TWSE_STOCK_DAY
2026-08-19,6727,443.5000,414.0000,454.0000,414.0000,1255000,TPEX_STOCK_DAY
2026-08-19,TAIEX,44719.3500,45071.3400,45071.3400,44308.7100,0,TWSE_TAIEX_INDEX
2026-08-20,0050,103.8000,104.2000,104.2500,102.9500,43382378,TWSE_STOCK_DAY
2026-08-20,1590,1420.0000,1455.0000,1485.0000,1405.0000,1162673,TWSE_STOCK_DAY
2026-08-20,1709,30.3000,32.5500,32.6000,30.1000,8530475,TWSE_STOCK_DAY
2026-08-20,1714,17.0000,16.9000,17.2000,16.8500,10251277,TWSE_STOCK_DAY
2026-08-20,2030,21.8500,21.5000,22.2500,21.4000,3872673,TWSE_STOCK_DAY
2026-08-20,2059,13925.0000,14245.0000,14495.0000,13795.0000,575318,TWSE_STOCK_DAY
2026-08-20,2103,27.8500,27.5500,28.2000,27.3000,5727413,TWSE_STOCK_DAY
2026-08-20,2301,267.0000,277.5000,281.0000,265.5000,25689437,TWSE_STOCK_DAY
2026-08-20,2354,60.2000,61.2000,61.4000,59.4000,5808997,TWSE_STOCK_DAY
2026-08-20,2395,673.0000,698.0000,698.0000,667.0000,3588564,TWSE_STOCK_DAY
2026-08-20,2397,64.2000,65.1000,66.0000,63.8000,227270,TWSE_STOCK_DAY
2026-08-20,2408,517.0000,498.0000,523.0000,498.0000,88103385,TWSE_STOCK_DAY
2026-08-20,2606,70.2000,70.0000,70.4000,68.4000,7901099,TWSE_STOCK_DAY
2026-08-20,2609,60.3000,59.9000,61.0000,58.6000,153031407,TWSE_STOCK_DAY
2026-08-20,2637,94.7000,94.7000,96.0000,90.5000,9285179,TWSE_STOCK_DAY
2026-08-20,2886,46.4000,47.0500,47.2000,46.1000,31911647,TWSE_STOCK_DAY
2026-08-20,3006,250.5000,250.5000,255.5000,242.5000,9100991,TWSE_STOCK_DAY
2026-08-20,3044,485.5000,485.0000,490.0000,470.0000,2505588,TWSE_STOCK_DAY
2026-08-20,3046,58.4000,59.0000,59.2000,57.7000,269829,TWSE_STOCK_DAY
2026-08-20,3605,110.0000,119.5000,119.5000,107.5000,9699155,TWSE_STOCK_DAY
2026-08-20,3702,104.5000,108.0000,109.5000,103.0000,14688136,TWSE_STOCK_DAY
2026-08-20,6213,510.0000,508.0000,510.0000,490.0000,3222151,TWSE_STOCK_DAY
2026-08-20,6570,55.0000,54.8000,55.4000,53.6000,151000,TPEX_STOCK_DAY
2026-08-20,6603,27.1000,27.1000,27.7500,26.8500,1304000,TPEX_STOCK_DAY
2026-08-20,6672,287.5000,289.0000,292.0000,280.0000,5170899,TWSE_STOCK_DAY
2026-08-20,6727,460.0000,446.5000,463.5000,440.0000,1665000,TPEX_STOCK_DAY
2026-08-20,TAIEX,44933.7400,44942.0100,45160.0500,44446.3600,0,TWSE_TAIEX_INDEX
2026-08-21,0050,104.6500,103.8000,104.8000,103.2000,41340817,TWSE_STOCK_DAY
2026-08-21,1590,1435.0000,1420.0000,1445.0000,1385.0000,871462,TWSE_STOCK_DAY
2026-08-21,1709,33.3000,30.8000,33.3000,30.6000,15257404,TWSE_STOCK_DAY
2026-08-21,1714,17.0000,17.0000,17.3500,16.8500,12832352,TWSE_STOCK_DAY
2026-08-21,2030,22.3000,21.8500,22.5000,21.6000,3653445,TWSE_STOCK_DAY
2026-08-21,2059,13385.0000,13900.0000,14000.0000,13310.0000,651440,TWSE_STOCK_DAY
2026-08-21,2103,28.4000,27.9000,28.8000,27.6000,7697215,TWSE_STOCK_DAY
2026-08-21,2301,261.0000,266.0000,269.5000,251.0000,25885707,TWSE_STOCK_DAY
2026-08-21,2354,60.2000,59.4000,60.5000,59.2000,3291872,TWSE_STOCK_DAY
2026-08-21,2395,649.0000,672.0000,672.0000,643.0000,4085882,TWSE_STOCK_DAY
2026-08-21,2397,62.8000,64.0000,64.1000,62.1000,296582,TWSE_STOCK_DAY
2026-08-21,2408,528.0000,519.0000,534.0000,512.0000,65354270,TWSE_STOCK_DAY
2026-08-21,2606,72.6000,70.5000,73.0000,70.2000,15910892,TWSE_STOCK_DAY
2026-08-21,2609,64.0000,60.7000,64.6000,60.1000,198985656,TWSE_STOCK_DAY
2026-08-21,2637,102.0000,93.5000,104.0000,93.4000,17870989,TWSE_STOCK_DAY
2026-08-21,2886,46.9500,46.3500,47.0500,46.2000,27479375,TWSE_STOCK_DAY
2026-08-21,3006,256.5000,249.5000,260.5000,247.0000,9305545,TWSE_STOCK_DAY
2026-08-21,3044,459.0000,504.0000,515.0000,455.0000,9309480,TWSE_STOCK_DAY
2026-08-21,3046,58.1000,58.2000,58.3000,57.8000,197377,TWSE_STOCK_DAY
2026-08-21,3605,108.5000,109.0000,111.0000,106.5000,5102278,TWSE_STOCK_DAY
2026-08-21,3702,111.0000,104.5000,111.5000,104.5000,12845812,TWSE_STOCK_DAY
2026-08-21,6213,513.0000,534.0000,555.0000,498.5000,38855929,TWSE_STOCK_DAY
2026-08-21,6570,52.6000,54.5000,54.5000,52.4000,164000,TPEX_STOCK_DAY
2026-08-21,6603,27.0000,27.1500,27.2000,26.6000,854000,TPEX_STOCK_DAY
2026-08-21,6672,267.5000,285.0000,292.0000,264.0000,6973935,TWSE_STOCK_DAY
2026-08-21,6727,443.0000,455.0000,456.5000,432.5000,975000,TPEX_STOCK_DAY
2026-08-21,TAIEX,45224.2900,44923.3400,45254.8400,44583.8700,0,TWSE_TAIEX_INDEX
2026-08-24,0050,103.8000,104.6500,104.8000,103.8000,44713618,TWSE_STOCK_DAY
2026-08-24,1590,1435.0000,1425.0000,1450.0000,1415.0000,445918,TWSE_STOCK_DAY
2026-08-24,1709,34.6500,34.2500,36.3000,33.5500,20640510,TWSE_STOCK_DAY
2026-08-24,1714,16.6500,17.0500,17.1500,16.5000,12910366,TWSE_STOCK_DAY
2026-08-24,2030,23.0000,22.5500,23.8000,22.5000,6543561,TWSE_STOCK_DAY
2026-08-24,2059,14410.0000,13650.0000,14720.0000,13650.0000,564938,TWSE_STOCK_DAY
2026-08-24,2103,28.3000,28.6000,28.8000,27.6500,6462701,TWSE_STOCK_DAY
2026-08-24,2301,287.0000,263.5000,287.0000,263.5000,44389247,TWSE_STOCK_DAY
2026-08-24,2354,60.5000,60.3000,60.8000,59.9000,2904574,TWSE_STOCK_DAY
2026-08-24,2395,658.0000,660.0000,670.0000,652.0000,1514328,TWSE_STOCK_DAY
2026-08-24,2397,62.7000,63.1000,63.5000,62.6000,132802,TWSE_STOCK_DAY
2026-08-24,2408,501.0000,521.0000,538.0000,500.0000,71724193,TWSE_STOCK_DAY
2026-08-24,2606,72.3000,73.5000,76.0000,72.1000,14604626,TWSE_STOCK_DAY
2026-08-24,2609,64.5000,65.8000,66.8000,63.5000,170173225,TWSE_STOCK_DAY
2026-08-24,2637,97.1000,103.0000,108.0000,96.5000,21718935,TWSE_STOCK_DAY
2026-08-24,2886,46.8500,46.8500,47.1500,46.4000,20203847,TWSE_STOCK_DAY
2026-08-24,3006,282.0000,257.0000,282.0000,252.5000,19416434,TWSE_STOCK_DAY
2026-08-24,3044,450.0000,459.0000,461.0000,445.5000,3079316,TWSE_STOCK_DAY
2026-08-24,3046,57.0000,58.3000,58.3000,57.0000,251798,TWSE_STOCK_DAY
2026-08-24,3605,115.5000,109.0000,119.0000,108.5000,14380707,TWSE_STOCK_DAY
2026-08-24,3702,111.0000,112.5000,113.0000,111.0000,9956028,TWSE_STOCK_DAY
2026-08-24,6213,482.5000,509.0000,525.0000,478.0000,17393180,TWSE_STOCK_DAY
2026-08-24,6570,52.6000,52.2000,53.0000,52.0000,53000,TPEX_STOCK_DAY
2026-08-24,6603,26.4000,27.4000,27.4000,26.0500,1651000,TPEX_STOCK_DAY
2026-08-24,6672,259.0000,267.0000,271.0000,258.0000,2894489,TWSE_STOCK_DAY
2026-08-24,6727,445.0000,447.5000,463.0000,444.0000,770000,TPEX_STOCK_DAY
2026-08-24,TAIEX,44762.3200,45240.3000,45362.3000,44761.8800,0,TWSE_TAIEX_INDEX
2026-08-25,0050,104.4000,102.9000,104.4000,102.4000,61162385,TWSE_STOCK_DAY
2026-08-25,1590,1460.0000,1445.0000,1465.0000,1415.0000,332689,TWSE_STOCK_DAY
2026-08-25,1709,33.7500,34.4000,35.0000,32.8000,8311982,TWSE_STOCK_DAY
2026-08-25,1714,16.5000,16.5500,16.6000,15.9500,10048779,TWSE_STOCK_DAY
2026-08-25,2030,23.6500,22.8000,23.7500,22.7500,4681556,TWSE_STOCK_DAY
2026-08-25,2059,14285.0000,14480.0000,14625.0000,14065.0000,657346,TWSE_STOCK_DAY
2026-08-25,2103,28.1000,28.1500,28.2500,27.8000,2887777,TWSE_STOCK_DAY
2026-08-25,2301,296.0000,286.0000,296.0000,277.5000,74125077,TWSE_STOCK_DAY
2026-08-25,2354,60.5000,60.3000,60.7000,59.5000,2713732,TWSE_STOCK_DAY
2026-08-25,2395,670.0000,658.0000,670.0000,650.0000,2180048,TWSE_STOCK_DAY
2026-08-25,2397,62.5000,62.7000,63.0000,61.6000,124434,TWSE_STOCK_DAY
2026-08-25,2408,510.0000,491.0000,510.0000,480.0000,66841300,TWSE_STOCK_DAY
2026-08-25,2606,78.0000,74.0000,79.5000,73.6000,55868985,TWSE_STOCK_DAY
2026-08-25,2609,63.6000,65.9000,67.3000,62.9000,192985885,TWSE_STOCK_DAY
2026-08-25,2637,95.5000,97.8000,105.0000,94.7000,35337391,TWSE_STOCK_DAY
2026-08-25,2886,47.0000,46.8500,47.1500,46.5000,23421654,TWSE_STOCK_DAY
2026-08-25,3006,270.0000,275.5000,280.5000,260.0000,19812456,TWSE_STOCK_DAY
2026-08-25,3044,463.0000,439.5000,463.0000,439.5000,1644023,TWSE_STOCK_DAY
2026-08-25,3046,57.2000,57.0000,57.2000,56.5000,198745,TWSE_STOCK_DAY
2026-08-25,3605,116.5000,118.0000,121.0000,111.5000,14837321,TWSE_STOCK_DAY
2026-08-25,3702,110.0000,110.0000,111.0000,108.0000,9473001,TWSE_STOCK_DAY
2026-08-25,6213,530.0000,482.0000,530.0000,480.5000,26109789,TWSE_STOCK_DAY
2026-08-25,6570,52.9000,52.0000,53.0000,51.7000,85000,TPEX_STOCK_DAY
2026-08-25,6603,26.2500,26.2000,26.4000,25.8500,865000,TPEX_STOCK_DAY
2026-08-25,6672,270.5000,257.0000,272.0000,255.0000,2557390,TWSE_STOCK_DAY
2026-08-25,6727,470.5000,452.5000,475.0000,440.0000,1517000,TPEX_STOCK_DAY
2026-08-25,TAIEX,45169.4600,44728.3600,45169.4600,44210.3100,0,TWSE_TAIEX_INDEX
2026-08-26,0050,105.9000,104.1000,106.0500,103.5000,88919251,TWSE_STOCK_DAY
2026-08-26,1590,1470.0000,1460.0000,1505.0000,1440.0000,487223,TWSE_STOCK_DAY
2026-08-26,1709,37.1000,35.0000,37.1000,33.1500,19572536,TWSE_STOCK_DAY
2026-08-26,1714,16.5500,16.4500,16.7000,16.4000,6063768,TWSE_STOCK_DAY
2026-08-26,2030,23.5000,23.6500,23.7500,22.7500,4476395,TWSE_STOCK_DAY
2026-08-26,2059,14510.0000,14295.0000,14590.0000,13855.0000,501767,TWSE_STOCK_DAY
2026-08-26,2103,28.2000,28.0000,28.3000,27.8500,2989053,TWSE_STOCK_DAY
2026-08-26,2301,307.0000,295.0000,312.5000,291.0000,51305099,TWSE_STOCK_DAY
2026-08-26,2354,61.5000,60.5000,61.8000,60.2000,5409560,TWSE_STOCK_DAY
2026-08-26,2395,688.0000,666.0000,693.0000,665.0000,2326596,TWSE_STOCK_DAY
2026-08-26,2397,62.9000,62.5000,63.1000,62.3000,147341,TWSE_STOCK_DAY
2026-08-26,2408,517.0000,510.0000,522.0000,504.0000,61614233,TWSE_STOCK_DAY
2026-08-26,2606,72.0000,76.0000,78.8000,71.0000,22974195,TWSE_STOCK_DAY
2026-08-26,2609,57.6000,63.5000,64.4000,57.3000,157663706,TWSE_STOCK_DAY
2026-08-26,2637,91.2000,94.0000,98.1000,90.0000,11259226,TWSE_STOCK_DAY
2026-08-26,2886,46.6000,46.9000,47.6500,46.3500,23809379,TWSE_STOCK_DAY
2026-08-26,3006,273.5000,270.0000,273.5000,265.0000,12165843,TWSE_STOCK_DAY
2026-08-26,3044,481.0000,458.0000,489.0000,458.0000,2900758,TWSE_STOCK_DAY
2026-08-26,3046,57.5000,57.5000,57.5000,56.7000,195673,TWSE_STOCK_DAY
2026-08-26,3605,112.0000,114.5000,115.0000,111.0000,8401678,TWSE_STOCK_DAY
2026-08-26,3702,108.0000,109.5000,110.0000,107.0000,11908338,TWSE_STOCK_DAY
2026-08-26,6213,583.0000,530.0000,583.0000,525.0000,29746728,TWSE_STOCK_DAY
2026-08-26,6570,52.7000,53.0000,53.5000,52.7000,53000,TPEX_STOCK_DAY
2026-08-26,6603,25.8000,26.6000,26.7000,25.8000,1125000,TPEX_STOCK_DAY
2026-08-26,6672,276.5000,272.0000,281.5000,270.0000,3222064,TWSE_STOCK_DAY
2026-08-26,6727,483.0000,472.5000,505.0000,461.5000,2345000,TPEX_STOCK_DAY
2026-08-26,TAIEX,45832.6200,45157.6400,45878.3900,44925.8400,0,TWSE_TAIEX_INDEX
2026-08-27,0050,106.0500,106.5000,107.0000,105.9000,76015854,TWSE_STOCK_DAY
2026-08-27,1590,1480.0000,1500.0000,1505.0000,1470.0000,940594,TWSE_STOCK_DAY
2026-08-27,1709,34.1500,37.3500,37.7000,33.8000,26503787,TWSE_STOCK_DAY
2026-08-27,1714,16.5500,16.8000,17.1500,16.5000,12393577,TWSE_STOCK_DAY
2026-08-27,2030,23.0000,23.3000,23.8000,22.9500,2534658,TWSE_STOCK_DAY
2026-08-27,2059,14340.0000,14695.0000,14815.0000,14085.0000,382810,TWSE_STOCK_DAY
2026-08-27,2103,27.7500,28.2500,28.9000,27.7000,7270481,TWSE_STOCK_DAY
2026-08-27,2301,301.0000,308.5000,309.0000,300.0000,25729076,TWSE_STOCK_DAY
2026-08-27,2354,64.4000,61.6000,65.3000,61.6000,34175771,TWSE_STOCK_DAY
2026-08-27,2395,675.0000,698.0000,699.0000,668.0000,2106037,TWSE_STOCK_DAY
2026-08-27,2397,63.8000,63.0000,64.0000,63.0000,220008,TWSE_STOCK_DAY
2026-08-27,2408,541.0000,529.0000,555.0000,528.0000,87535752,TWSE_STOCK_DAY
2026-08-27,2606,74.3000,70.2000,74.4000,70.0000,11142324,TWSE_STOCK_DAY
2026-08-27,2609,57.9000,56.7000,58.4000,56.5000,60493753,TWSE_STOCK_DAY
2026-08-27,2637,94.6000,90.4000,95.6000,90.1000,6912912,TWSE_STOCK_DAY
2026-08-27,2886,46.1500,46.6000,46.6500,46.1000,22503030,TWSE_STOCK_DAY
2026-08-27,3006,274.0000,274.5000,282.5000,273.0000,14068417,TWSE_STOCK_DAY
2026-08-27,3044,481.0000,481.0000,491.0000,477.5000,1943306,TWSE_STOCK_DAY
2026-08-27,3046,57.7000,57.8000,58.0000,57.2000,217633,TWSE_STOCK_DAY
2026-08-27,3605,119.5000,111.5000,121.5000,111.5000,14003684,TWSE_STOCK_DAY
2026-08-27,3702,101.5000,105.0000,105.5000,101.0000,21520194,TWSE_STOCK_DAY
2026-08-27,6213,563.0000,585.0000,599.0000,556.0000,36060522,TWSE_STOCK_DAY
2026-08-27,6570,52.8000,52.6000,53.5000,52.6000,90000,TPEX_STOCK_DAY
2026-08-27,6603,26.7500,25.8500,27.3500,25.8000,1409000,TPEX_STOCK_DAY
2026-08-27,6672,281.5000,279.0000,285.5000,275.0000,3523901,TWSE_STOCK_DAY
2026-08-27,6727,520.0000,488.0000,528.0000,471.0000,2564000,TPEX_STOCK_DAY
2026-08-27,TAIEX,45975.2200,45890.1800,46401.7800,45890.1800,0,TWSE_TAIEX_INDEX
